name,ra_deg,dec_deg,vmag,spectral,parallax_mas,pmra_mas,pmdec_mas
HIP 25,0.07936537,-44.29029741,6.28,G3IV,13.74,58.36,-108.64
HIP 34,0.09946973,26.91823821,6.43,F7.5IV-V,12.71,42.2,-53.47
HIP 43,0.129089,59.55973786,6.18,G9III-IV,7.63,-80.6,-24.07
HIP 50,0.14287059,-53.09766277,6.49,G1IV,16.89,52.98,-20.52
HIP 63,0.1817495,45.25333305,6.36,B9p SiEu,4.81,17.38,0.22
HIP 88,0.26915958,-48.80985919,5.71,G8III,5.97,-17.92,-6.75
HIP 106,0.33016464,49.98158501,6.22,G7II-III,4.5,13.29,-11.19
HIP 107,0.33380226,-50.33739907,5.53,M2III,5.84,7.34,10.59
HIP 122,0.39937928,-77.06529438,4.78,K2III,14.77,-56.52,-176.95
HIP 124,0.40424537,61.22280406,5.58,F0III,0.86,-2.8,-1.34
HIP 137,0.43268925,42.36714821,6.25,B9IIIp Mn,2.45,5.11,-1.77
HIP 145,0.45598912,-3.02747891,5.13,B7III-IV,7.98,18.9,-10.25
HIP 154,0.48996506,-6.01397169,4.37,M3III,7.86,46.62,-41.32
HIP 171,0.54018776,27.08448905,5.8,G3V,80.63,778.59,-918.72
HIP 183,0.58297574,-29.72044805,5.04,B4V,6.4,9.66,14.0
HIP 186,0.60069792,8.9568336,6.33,A6V,7.55,-0.87,-4.11
HIP 194,0.62398938,8.48557854,5.7,F0V,26.53,-93.55,-47.5
HIP 207,0.65034249,66.09896341,5.87,G8III,1.57,3.32,1.14
HIP 238,0.7392741,-20.04607402,6.25,F6/F7V,16.16,100.38,78.95
HIP 253,0.78257245,-24.14513788,6.46,K1III,6.78,59.32,-3.14
HIP 274,0.85715406,63.64052431,6.24,B3Ia,0.93,-3.27,-1.83
HIP 301,0.93488487,-17.33597002,4.55,B9IVn,14.31,28.57,-7.28
HIP 302,0.96511407,66.71220273,6.31,M4,3.31,7.86,-8.15
HIP 330,1.05693212,62.2876646,5.9,A1III,0.89,-0.99,-0.37
HIP 343,1.08233885,-16.52888969,5.78,K0III,11.29,53.77,-60.27
HIP 345,1.08457463,-29.26883006,6.38,A1V,7.75,29.15,3.44
HIP 355,1.1255098,-10.50949443,4.99,K3Ibvar,2.03,-6.49,-11.88
HIP 365,1.15248379,42.09256148,6.11,B9III,1.94,-11.94,-12.73
HIP 377,1.17188841,-71.43685835,5.59,B8III,5.7,30.0,-13.62
HIP 379,1.17432297,67.16638761,5.68,K1III,10.3,95.58,23.8
HIP 394,1.22172791,34.65955259,6.09,G2V,27.18,769.11,100.49
HIP 399,1.23302998,26.64879958,6.25,K4IIIb,5.34,112.32,-14.52
HIP 410,1.25472644,27.67479979,6.47,G8II,7.63,83.36,-6.57
HIP 417,1.26581912,-0.50290553,6.32,G9III:,6.95,44.86,-53.47
HIP 418,1.27555231,61.31396468,5.8,B8MNp...,4.5,14.29,2.24
HIP 443,1.33394073,-5.70783255,4.61,K1III,25.38,-8.29,88.19
HIP 476,1.42473238,13.39628227,5.55,G5III,8.75,42.59,-6.51
HIP 518,1.56474395,58.43668966,5.98,G5V,49.3,247.36,17.77
HIP 522,1.5777634,-49.07509405,5.7,G1IV...,39.0,575.21,-39.94
HIP 531,1.61052855,64.19616859,5.57,B9III,3.32,9.7,0.01
HIP 544,1.65221045,29.02193518,6.07,K0V,72.98,379.94,-178.34
HIP 560,1.70843563,-23.10742543,6.19,F2IV,25.59,97.3,-47.09
HIP 602,1.82613856,-17.38703103,6.2,A2IV/V,6.24,-10.77,17.02
HIP 635,1.93373158,-2.54868621,6.43,B8IIIsp...,6.69,30.12,2.77
HIP 636,1.94523194,-22.50847542,5.93,A1V,12.45,70.1,-34.71
HIP 655,2.01465535,-33.52933371,5.67,K1III,10.02,-42.75,3.15
HIP 664,2.05038298,-2.44769895,6.18,K2III,3.25,7.25,-4.87
HIP 671,2.07313617,-8.82402541,5.99,G8III:,9.79,-34.13,-35.67
HIP 677,2.09653333,29.09082805,2.07,B9p,33.6,135.68,-162.95
HIP 695,2.13694986,63.20404897,6.41,G3II,2.17,-9.43,-3.52
HIP 696,2.13953227,-17.57804019,6.11,M0/M1IIICNp,2.42,14.92,-47.27
HIP 699,2.17092314,36.62742794,6.21,F8IV,30.26,-114.72,-124.6
HIP 716,2.21695394,25.46285169,6.24,K0III,7.78,104.61,54.77
HIP 728,2.25065511,28.24755645,6.47,A4Vm,8.65,5.9,-5.62
HIP 729,2.2597423,18.21202529,5.57,G9III,11.17,140.93,-25.57
HIP 730,2.25978189,-54.00196301,6.32,G4IV...,7.0,46.45,13.08
HIP 746,2.29204036,59.15021814,2.28,F2III-IV,59.89,523.39,-180.42
HIP 760,2.33262025,79.71464113,6.01,A7IV,8.56,106.17,-39.37
HIP 761,2.3375862,-27.9879039,5.42,F3V,14.57,72.57,-9.99
HIP 765,2.35224949,-45.74698836,3.88,K0III,23.28,122.15,-180.13
HIP 798,2.46706528,-62.29683686,6.34,A6V,7.37,17.32,17.5
HIP 813,2.50910252,11.14580908,5.54,B9V,10.04,29.73,1.64
HIP 814,2.50945435,-82.22399743,5.29,K1/K2III,13.45,-21.66,-20.39
HIP 840,2.57853868,-5.24851713,5.84,K1III,18.18,34.98,-29.01
HIP 841,2.58017518,46.07227117,5.01,F2II,3.24,4.51,0.21
HIP 873,2.67810574,-12.57980381,5.84,K0III,15.35,149.39,-38.22
HIP 910,2.81628415,-15.46732287,4.89,F5V,52.94,-84.2,-269.31
HIP 930,2.8934043,-27.7997782,5.41,K2III,5.61,4.61,17.09
HIP 950,2.93286698,-35.13339606,5.24,F3/F5V,45.85,169.01,113.75
HIP 967,2.99596734,48.15237121,6.18,K4III,5.93,60.54,10.39
HIP 983,3.04145374,-17.93821766,5.29,K4III,5.33,60.48,-24.69
HIP 1067,3.30895828,15.18361593,2.83,B2IV,9.79,4.7,-8.24
HIP 1074,3.3314522,-84.99402068,5.78,M0/M1III,4.0,10.97,17.4
HIP 1076,3.34972158,26.98762497,6.24,G0III,8.08,-15.68,-32.71
HIP 1086,3.37889713,41.03572671,5.71,F0IV,28.57,-122.76,-146.91
HIP 1096,3.42591849,-26.02215399,5.94,K5III,3.22,37.59,-78.73
HIP 1099,3.4349148,-26.28498303,6.14,K4III,4.23,-3.21,9.89
HIP 1123,3.50952703,33.20608481,6.22,A1V,11.13,-7.7,-18.77
HIP 1158,3.61496786,-7.78053784,5.13,M3IIIvar,5.21,61.01,2.36
HIP 1168,3.65045047,20.2066972,4.79,M2III,10.01,90.66,1.88
HIP 1170,3.66013628,-18.93268628,4.44,M1III,6.62,-27.15,-73.78
HIP 1191,3.72708897,-9.56955053,5.77,B9V,9.4,22.64,-8.45
HIP 1193,3.73279426,22.28425185,6.25,A1p,9.18,45.06,-11.0
HIP 1195,3.74253202,-34.90419374,6.17,K3III,4.41,76.54,-11.99
HIP 1196,3.7449237,8.8210228,6.02,F0IV,12.47,97.67,-24.96
HIP 1208,3.77886512,31.53573771,6.34,K5,2.47,33.23,-5.37
HIP 1215,3.79397762,27.28347715,6.35,A1Vn,7.92,14.69,-15.37
HIP 1269,3.97863172,61.00019736,6.43,G8III...,5.76,-20.94,-10.28
HIP 1268,3.97890167,-75.91160944,6.49,G8/K0III,4.63,-17.82,-2.41
HIP 1288,4.0366068,-31.44632821,5.66,K2III,7.64,117.87,-27.11
HIP 1296,4.05785281,76.95076267,6.35,B9Vn,5.28,19.77,-3.13
HIP 1302,4.08958566,43.59510616,6.12,A2V,10.75,35.61,-23.43
HIP 1319,4.14190528,8.24018997,6.12,G8II-III,7.38,-28.01,-14.69
HIP 1354,4.23771177,61.53319397,5.74,G8III,5.08,-6.0,-3.46
HIP 1366,4.27306518,38.68167915,4.61,A2V,12.88,-50.01,-17.9
HIP 1372,4.28766746,47.94741495,5.86,B7III,3.42,4.05,-3.97
HIP 1402,4.38621007,-19.05108585,6.46,F3V,20.47,20.45,-2.36
HIP 1415,4.42944015,51.43309422,6.11,O9IIInn,0.57,-4.19,-1.62
HIP 1421,4.4485222,1.68870485,6.19,K0II,9.89,90.04,9.15
HIP 1465,4.57193855,11.20628336,6.07,K0III,7.28,-32.75,-28.6
HIP 1473,4.58210555,36.7853273,4.51,A2V,23.11,-66.51,-42.48
HIP 1493,4.65924059,31.51723388,5.88,A0IV,6.0,58.09,-2.91
HIP 1499,4.67342336,-8.05265094,6.47,G0V,42.67,417.66,-144.2
HIP 1501,4.67562512,43.79114781,6.1,B8V,4.71,23.31,-2.72
HIP 1502,4.67717473,-43.2355705,6.33,K2III,8.56,50.23,-0.06
HIP 1562,4.85701265,-8.82382948,3.56,K2III,11.26,-14.37,-37.84
HIP 1575,4.92324681,40.72950687,6.35,K1III,6.03,-25.3,-19.0
HIP 1599,5.00797581,-64.8776232,4.23,F9V,116.38,1707.56,1165.36
HIP 1630,5.10163324,30.93561514,5.89,B7V,5.6,15.27,-0.64
HIP 1639,5.12884068,48.96864118,6.46,G0,3.43,8.08,-3.43
HIP 1645,5.14943435,8.19024803,5.38,K3III,8.26,-4.5,9.59
HIP 1647,5.16267858,-69.62491154,5.5,B9V,10.65,-4.01,-0.64
HIP 1657,5.18974442,32.91122853,5.79,K5III,5.05,-29.44,-17.29
HIP 1686,5.28010785,37.96869954,5.16,F5III,20.42,58.32,-39.65
HIP 1706,5.3697616,-77.42685699,5.96,K3III,4.68,14.23,-6.44
HIP 1708,5.37990144,-28.98129509,5.18,K0III,10.5,32.77,-71.48
HIP 1728,5.44264511,-20.05799253,5.61,M5/M6Ib/II,4.21,62.63,-12.77
HIP 1772,5.6060221,13.48243411,6.25,K3III,5.98,63.78,22.35
HIP 1803,5.71480399,-12.20958506,6.39,G3V,49.05,394.27,60.45
HIP 1821,5.76813086,-15.94261714,6.43,M0III,3.23,76.78,25.04
HIP 1921,6.06518443,52.01992467,5.58,B5IV,2.38,13.7,-4.4
HIP 1939,6.12362201,-2.2189614,6.08,K1III,6.03,-34.51,-42.42
HIP 1948,6.15894159,14.31552048,6.48,K0,6.09,15.07,-2.6
HIP 1960,6.19786908,61.83106347,5.38,B9III,4.27,13.67,-2.45
HIP 1982,6.276607,53.04678501,5.72,B9IV,6.17,25.8,0.3
HIP 2006,6.35090309,1.93972374,5.77,G5III,5.5,-14.33,-12.89
HIP 2021,6.41334183,-77.25503511,2.82,G2IV,133.78,2220.12,324.37
HIP 2072,6.55048418,-43.67990933,3.93,A7V,42.51,106.14,32.83
HIP 2081,6.57028075,-42.30512197,2.4,K0III...,42.14,232.76,-353.64
HIP 2086,6.59057887,-18.69360316,6.24,M1III,4.3,21.65,-12.07
HIP 2100,6.65572204,-0.04953631,6.16,G8III,6.71,69.63,1.49
HIP 2159,6.81119663,-25.54713325,5.99,K0III,4.86,32.93,-15.26
HIP 2178,6.87922939,16.02545897,6.44,A5,7.7,89.8,9.88
HIP 2210,6.98213606,-33.0070446,4.86,M2/M3III,5.95,-20.48,-50.39
HIP 2213,6.99366564,19.51408099,6.4,K0,6.12,-22.3,-17.33
HIP 2219,7.01185234,17.89307501,5.01,M3IIIvar,6.65,114.91,20.48
HIP 2224,7.05288647,16.44510093,6.05,K5III,2.93,18.37,-14.57
HIP 2225,7.05660466,44.39448925,5.18,A2Vs,12.32,84.1,-15.33
HIP 2235,7.08346734,10.1903414,6.05,F6Vawvar,27.51,32.79,-203.14
HIP 2237,7.0882067,-20.33477667,6.44,G3V,31.01,-118.11,-112.69
HIP 2240,7.11007309,-39.91490183,5.42,M0III,7.86,135.95,-41.36
HIP 2256,7.1790872,-50.53284634,6.26,K0III,8.58,159.44,-5.33
HIP 2270,7.2361047,36.89970105,6.28,G5III,7.03,-4.42,-2.76
HIP 2337,7.46586901,-14.86402653,6.15,F2/F3V,23.62,147.08,-33.98
HIP 2353,7.50980355,-3.95729662,5.72,M0III,3.82,8.61,-14.51
HIP 2355,7.53056566,29.75169567,5.2,A7III,17.62,43.56,-57.18
HIP 2377,7.58297373,59.977564,5.94,B9IIIn,4.54,16.26,-3.94
HIP 2381,7.59446346,-23.78771429,5.17,A3V,18.08,-26.95,13.97
HIP 2383,7.60822774,-48.21469821,5.67,F2V,22.19,163.44,-87.3
HIP 2388,7.61594916,-40.93962515,6.18,F2III,7.77,-3.25,16.16
HIP 2422,7.72581643,77.01948785,6.18,K0IV,25.37,340.4,-34.36
HIP 2472,7.85356695,-48.80356171,4.76,A0V,18.97,140.74,19.47
HIP 2474,7.85500767,66.51962673,6.18,B6V,4.55,19.38,-3.87
HIP 2475,7.85668759,33.58168169,5.88,K1III...,6.98,49.61,-16.26
HIP 2484,7.88566992,-62.95808549,4.36,B9V,23.35,82.48,-54.37
HIP 2487,7.88898014,-62.96544985,4.53,A2V,18.95,87.95,-45.79
HIP 2497,7.92171234,52.83955844,5.59,K2III,8.29,-55.33,-13.14
HIP 2505,7.94299136,54.52232473,4.74,B8Vn,9.2,40.78,-14.81
HIP 2548,8.09897908,6.95545461,5.69,B9.5V,12.36,45.91,3.54
HIP 2568,8.14750345,20.29443334,5.38,K0III,12.69,136.81,-48.1
HIP 2578,8.18247614,-63.03137868,5.07,A0V,21.52,86.15,-49.85
HIP 2583,8.20454088,28.28022584,6.26,G8II,6.95,-4.2,6.08
HIP 2599,8.24994391,62.93178781,4.17,B1Ia,0.79,3.99,-2.1
HIP 2611,8.29301467,54.89508062,5.93,K0III,8.68,70.08,-39.36
HIP 2628,8.33001511,70.98184763,6.41,A0Vn,6.18,35.38,-1.81
HIP 2629,8.34677242,-71.26621472,6.11,A7IV,6.65,73.49,-13.04
HIP 2661,8.42108802,-29.55820696,5.55,K1III,6.56,-27.91,-29.31
HIP 2663,8.43270424,-35.00082229,6.41,F8/G0V,27.63,-60.33,-516.78
HIP 2707,8.60369264,66.75035211,6.47,B9III,5.77,23.84,-0.28
HIP 2711,8.61506261,-52.37318294,5.57,F3IV-V,39.03,227.8,38.21
HIP 2734,8.73086587,13.37126922,6.39,K0,8.15,-74.19,-54.54
HIP 2762,8.8110039,-3.59275785,5.2,F8V...,47.51,407.68,-36.47
HIP 2787,8.88645754,-0.50545908,5.94,F5IV,17.97,143.36,-61.94
HIP 2789,8.88881583,-54.82174811,6.04,K0IV,12.88,22.48,-51.27
HIP 2802,8.92139531,-48.00066027,5.51,F6V,27.61,47.14,-101.4
HIP 2832,8.97867189,13.20750244,6.32,F7V,26.59,-133.16,-179.03
HIP 2846,9.01331466,-14.97289122,6.45,K0III,7.03,-64.72,-59.19
HIP 2852,9.02876061,-22.84221094,6.06,A5m...,20.12,-71.44,-50.35
HIP 2854,9.0345314,54.16845384,5.08,B7III,6.45,22.98,-1.52
HIP 2876,9.11392475,60.32621728,5.78,A4III,0.97,3.05,-1.1
HIP 2889,9.15663761,-65.12442483,6.43,K2/K3III,5.05,41.88,-8.54
HIP 2900,9.1936292,44.48850971,5.14,K5III,4.97,-36.7,31.77
HIP 2903,9.19713232,15.23175994,5.89,B2.5IV,3.81,0.91,-14.18
HIP 2912,9.22016239,33.71935227,4.34,B5V,4.97,15.23,-3.56
HIP 2920,9.24277921,53.89693161,3.69,B2IV,5.46,17.77,-9.15
HIP 2926,9.28000597,24.01424837,6.18,K2III,9.75,-18.57,-46.04
HIP 2937,9.32573293,-54.3938098,6.4,K0II/IIICN,6.85,70.07,-3.79
HIP 2941,9.33244613,-24.76722545,5.57,K1V+...,64.38,1422.09,-17.15
HIP 2942,9.33844167,35.39951013,5.45,G5III,3.19,-9.21,-3.57
HIP 2954,9.37682692,3.13549746,6.43,K4III,5.65,90.32,-60.23
HIP 3031,9.63958024,29.312369,4.34,G5III...,19.34,-229.41,-254.08
HIP 3056,9.70310992,-25.10776606,6.43,K4III,4.47,56.47,-21.72
HIP 3083,9.79119583,49.35459528,5.45,K5III,2.45,7.93,-2.74
HIP 3092,9.83165567,30.86122579,3.27,K3III...,32.19,115.38,-83.05
HIP 3093,9.84206107,21.2513739,5.88,K0V,90.03,-461.07,-370.88
HIP 3132,9.94897859,82.4935747,6.38,F6V:,30.95,-113.67,77.23
HIP 3137,9.96631161,-44.79633326,6.0,K1IIICN...,10.75,42.69,16.74
HIP 3138,9.98147468,21.4385644,5.36,F3V...,7.94,28.46,-28.51
HIP 3170,10.10273354,-59.45568115,5.89,G1V,39.26,883.26,443.01
HIP 3175,10.11898738,-16.51659767,6.49,G8III,6.48,41.94,-32.25
HIP 3179,10.12661349,56.53740928,2.24,K0II-IIIvar,14.27,50.36,-32.17
HIP 3185,10.13501584,-23.80399309,6.14,G3/G5V,35.02,635.49,-363.28
HIP 3193,10.17658814,-4.35180551,5.9,K0III,5.66,-15.29,-14.48
HIP 3231,10.27998074,39.45867141,5.3,G8III,9.47,-14.37,-3.02
HIP 3245,10.33156671,-46.08500934,4.59,G8III,13.19,-28.92,1.04
HIP 3269,10.39989696,24.62906534,6.06,A7m,7.06,104.68,-23.4
HIP 3277,10.44292464,-56.50145475,5.72,Ap,15.29,90.15,57.28
HIP 3299,10.5143156,66.14761311,5.83,G9III-IV,6.48,-9.79,-8.55
HIP 3300,10.51618425,50.51254151,4.8,B2.5V,2.94,12.32,-6.48
HIP 3330,10.61790472,-65.46813002,5.38,F6V,24.59,54.11,41.12
HIP 3334,10.62920567,58.75343124,6.18,B9.5III,3.21,29.43,-8.47
HIP 3352,10.67349903,-60.26268184,5.99,K5III,13.73,263.68,-51.74
HIP 3356,10.67870812,-38.46346745,6.05,B9.5V,7.55,2.49,-6.25
HIP 3405,10.83851683,-57.46309763,4.36,A0IV,13.57,-5.16,15.5
HIP 3414,10.8670447,47.02463657,4.95,A5V,18.71,-24.52,-37.16
HIP 3419,10.89678452,-17.9866841,2.04,K0III,34.04,232.79,32.71
HIP 3436,10.9587023,-12.01130744,6.01,K1III,18.76,-0.84,-207.83
HIP 3455,11.04752272,-10.60927365,4.77,K0IIIvar,15.54,-6.96,-113.88
HIP 3456,11.04964742,-38.42197898,5.9,K1III,8.76,247.02,120.68
HIP 3478,11.10927611,47.863963,5.66,B5V...,4.29,-39.77,8.54
HIP 3489,11.13134786,-62.49760602,6.06,F5III/IV,11.89,103.16,6.29
HIP 3504,11.18125882,48.28438262,4.48,B5III,3.6,17.79,-7.62
HIP 3505,11.18515547,-22.00633247,5.22,F0V,35.92,-66.07,81.15
HIP 3521,11.23801546,-42.67632489,5.94,A7V,15.01,-89.06,-96.11
HIP 3527,11.24883557,-53.71490037,6.15,F7III,22.09,223.4,2.2
HIP 3544,11.32168124,55.2214087,5.41,A2Vs,9.28,-28.35,-5.34
HIP 3552,11.35043331,-4.6292514,6.15,M0III,2.93,37.13,37.65
HIP 3559,11.36961318,-12.88030968,6.15,G2V,31.39,-32.25,-205.68
HIP 3572,11.4129637,74.9881262,5.64,A2IV,11.24,-14.93,-21.86
HIP 3576,11.42375052,-16.42420509,6.47,F0IV,11.38,12.04,-6.07
HIP 3583,11.43930832,-47.55217573,5.8,G5IV,66.92,183.96,78.36
HIP 3604,11.54499561,44.8615082,6.03,B9.5IIIMNp.,7.21,17.64,-4.56
HIP 3607,11.54845521,-22.52206718,5.49,G8/K0III,9.78,197.14,-12.25
HIP 3632,11.63740001,15.47561194,5.36,M4III,5.55,-29.45,-44.22
HIP 3641,11.65929285,69.32537127,6.39,F3V,24.65,166.87,15.31
HIP 3649,11.6769419,59.57454122,6.41,G0Ib,-0.17,-5.89,-0.88
HIP 3675,11.75594336,11.97393464,5.51,G8II,12.45,53.83,-35.12
HIP 3685,11.80650093,19.57868622,6.11,F0Vn,9.35,107.75,6.66
HIP 3693,11.83495908,24.26737703,4.08,K1II,17.98,-101.23,-81.89
HIP 3697,11.84843074,6.74098135,5.98,G8III,7.16,14.42,-10.26
HIP 3717,11.93000731,-18.06142264,5.7,K3III,8.11,30.18,34.4
HIP 3721,11.94174879,74.84758739,5.42,B8III,4.06,15.03,-5.94
HIP 3741,12.00437854,-21.72247464,5.57,B9V,6.72,24.99,-7.23
HIP 3750,12.03698124,72.67445774,5.86,K0IV,14.65,133.71,9.87
HIP 3760,12.07226858,7.29991977,5.92,G8III,4.93,111.61,3.41
HIP 3765,12.09388786,5.28338873,5.74,K2V,134.04,758.04,-1141.22
HIP 3781,12.14632729,-74.92335356,5.09,K5III,15.94,133.21,-34.59
HIP 3786,12.17039736,7.58520186,4.44,K5III,10.69,83.14,-50.48
HIP 3801,12.20830552,50.96819154,4.9,B9III,8.37,30.28,-9.82
HIP 3807,12.23640318,-46.69769826,6.28,G8III,8.4,-10.56,20.81
HIP 3810,12.2446238,16.9411337,5.07,F8V...,41.8,-2.33,-201.57
HIP 3821,12.27125262,57.8165477,3.46,G0V SB,167.99,1087.11,-559.65
HIP 3834,12.3079102,-24.13652681,5.9,K0III,17.7,77.47,-59.62
HIP 3849,12.35647376,-13.56101709,5.59,K3III,10.02,103.34,-105.83
HIP 3858,12.38932382,-23.36210931,6.27,A3IV,3.8,-12.25,-14.18
HIP 3881,12.45345723,41.07895474,4.53,B5V SB,4.8,22.68,-18.05
HIP 3885,12.47128657,27.71031105,5.55,F5III+...,9.4,86.54,-10.2
HIP 3903,12.51565121,-43.39494468,6.49,A9/F0III,10.31,13.43,9.7
HIP 3909,12.53218487,-10.64377045,5.17,F7IV-V,64.69,-224.67,-228.44
HIP 3919,12.57589036,45.00224079,6.13,A0p...,11.01,60.72,6.93
HIP 3949,12.67136689,-50.98692422,5.24,F2III,13.06,62.99,44.67
HIP 3951,12.68155194,64.24758084,5.35,A4V comp SB,4.01,29.39,-12.85
HIP 3965,12.73860936,51.50803371,6.38,F2IV,15.0,137.97,-0.49
HIP 3988,12.81827283,61.80549823,6.04,K5Ib,1.31,-2.03,-1.87
HIP 3992,12.82629635,3.38517465,6.39,K0III,7.27,22.13,-63.64
HIP 4023,12.89079551,51.57145327,6.22,B9.5V,2.84,-3.2,-10.96
HIP 4104,13.16917061,-24.00592567,5.47,K1III,6.52,37.32,33.58
HIP 4147,13.25204382,-1.1442206,4.78,M0III,6.28,6.49,-16.29
HIP 4151,13.26783051,61.12355735,4.8,F8V,53.85,-68.45,169.72
HIP 4164,13.30164021,-24.77697293,6.44,F3V,13.43,104.49,39.95
HIP 4185,13.36756319,37.41831737,6.07,K3III:,8.72,11.25,-44.41
HIP 4200,13.40741156,-62.87135327,5.73,M4III,5.32,74.42,0.65
HIP 4212,13.4480292,52.68934453,6.27,A5m,11.72,75.18,-21.03
HIP 4257,13.573262,-8.74054656,6.15,G5IV,8.6,16.98,-47.34
HIP 4267,13.64674999,19.18843611,5.8,A1Vn,8.88,11.05,-7.69
HIP 4283,13.71984836,83.70746159,5.59,A4V,13.3,62.0,-10.71
HIP 4288,13.74174956,23.62844595,5.46,K1IV,25.69,137.06,-45.58
HIP 4292,13.75080422,58.97279657,4.83,K2III,8.02,-32.24,-40.69
HIP 4293,13.75124739,-69.52697888,5.45,G7III,15.52,7.92,-43.35
HIP 4298,13.77176755,48.67854824,6.28,M2.5IIIa,4.06,-23.51,-11.56
HIP 4317,13.81107289,24.55709613,6.19,M4III,5.64,23.51,-14.06
HIP 4346,13.92668443,-7.34703997,5.88,K5III,6.54,-6.99,-44.82
HIP 4363,13.98137347,-27.77582706,6.11,M1/M2III,1.75,10.75,-5.1
HIP 4366,13.99384283,27.20935396,6.08,A5IV,11.94,-19.87,11.09
HIP 4371,14.00627513,-11.26650685,5.35,K4III,6.24,-26.79,-8.01
HIP 4382,14.03800933,13.95196746,6.46,G8II,6.51,-1.91,-2.86
HIP 4383,14.05386154,57.99659583,6.2,K3III,6.56,41.83,-15.91
HIP 4422,14.16671042,59.18116582,4.62,G8III-IV,15.84,-92.56,-45.33
HIP 4427,14.17708808,60.71674966,2.15,B0IV:evar,5.32,25.65,-3.82
HIP 4436,14.18790699,38.49925513,3.86,A5V,23.93,152.78,36.82
HIP 4440,14.19558745,60.36284769,5.56,B8V,5.31,27.37,-4.77
HIP 4446,14.22912074,68.77574214,6.39,F0m,16.73,97.59,-35.05
HIP 4463,14.30178237,23.41775997,4.4,G8III-IV,13.44,-43.72,-46.06
HIP 4475,14.33138601,61.42193312,6.44,G8IV,5.67,60.0,-15.52
HIP 4501,14.41514948,45.83939494,6.1,K2III,7.42,11.25,-6.63
HIP 4510,14.4589515,28.9922356,5.44,G6III,4.63,5.28,-7.77
HIP 4520,14.47714727,13.69587909,6.3,G8III,6.24,-5.97,-5.76
HIP 4552,14.55914315,33.95105921,5.99,K0,17.19,35.25,-71.86
HIP 4558,14.57874183,21.40450332,6.47,A2V,7.62,-9.65,-3.49
HIP 4563,14.59240996,-60.69629569,6.23,Am,5.85,42.11,23.33
HIP 4572,14.62916229,66.35182541,5.97,A0III,8.67,43.44,-13.19
HIP 4577,14.65144118,-29.35746436,4.3,B7IIIp,4.85,22.44,6.3
HIP 4587,14.68286462,-11.37993895,5.62,G7III,10.35,-33.16,-15.02
HIP 4655,14.9569784,6.48323806,6.14,M2III,3.07,20.08,-5.29
HIP 4675,15.01477994,44.71330426,5.69,B9.5Vn,7.76,14.72,-25.24
HIP 4709,15.12861453,70.98300424,6.4,A4IV,9.18,76.68,-6.5
HIP 4770,15.32593934,-38.91664868,5.59,K1III,5.19,66.98,49.92
HIP 4786,15.36266775,49.54422654,6.48,G5,3.54,4.33,-2.68
HIP 4801,15.41083745,-16.26535068,6.47,K2/K3III,11.76,72.02,-91.55
HIP 4829,15.50755785,-57.00242929,6.12,G8III,8.86,6.46,16.53
HIP 4844,15.57695351,51.03497045,6.48,A3V,5.16,-4.18,-13.36
HIP 4852,15.60990729,-31.55204219,5.5,A1/A2IV,14.39,81.0,15.25
HIP 4879,15.67872783,-65.45611076,6.25,M2III,4.06,8.53,3.68
HIP 4889,15.70452742,31.80433674,5.5,B9.5V,7.87,15.53,-30.38
HIP 4890,15.7049656,-46.39733801,5.39,G8III,13.86,-2.21,10.96
HIP 4903,15.72614941,41.34519861,5.95,A5m,9.49,-16.96,-16.95
HIP 4906,15.73606615,7.89007256,4.27,K0III,17.14,-80.57,25.88
HIP 4911,15.75613404,47.37619549,6.46,A9V,9.68,86.92,-15.47
HIP 4914,15.76085267,-4.83635047,5.4,K0III-IV,7.95,-117.05,-102.91
HIP 4932,15.82401808,-29.52577074,6.28,G8IIICN...,8.93,-102.77,-31.82
HIP 4962,15.9041982,61.07482982,5.92,F0II,2.16,-1.54,-2.96
HIP 4979,15.95398626,1.36694516,6.06,F1V,17.66,122.42,-40.69
HIP 4998,16.00995036,52.50230919,5.99,K2,3.29,1.44,-61.03
HIP 5021,16.08145357,61.58024409,5.83,F6V,12.47,-79.86,-24.77
HIP 5034,16.11487415,29.65909865,6.2,F7IV-V,23.82,85.1,-120.26
HIP 5042,16.13586737,-33.53278805,6.44,K0III,6.3,-44.23,-23.51
HIP 5074,16.2192515,5.65630133,6.03,K5III,4.52,29.08,-16.31
HIP 5081,16.27229777,14.94600386,5.64,F4II-III,18.28,6.94,53.33
HIP 5121,16.40375279,-9.97923948,6.09,K0III,10.58,-30.48,-34.24
HIP 5131,16.42053152,21.4732162,5.33,A1Vn,13.67,44.3,-14.32
HIP 5132,16.42365838,21.46547318,5.55,A0Vn,14.67,53.93,-12.63
HIP 5141,16.45509251,4.90866194,6.35,F4V...,21.87,11.75,-119.26
HIP 5165,16.52127713,-46.71849042,3.32,G8IIIvar,16.46,-70.16,31.6
HIP 5164,16.52137513,-9.83936845,5.58,A1V,5.48,30.98,5.89
HIP 5170,16.5322074,-23.99236906,6.12,K1III,9.31,-41.03,-33.59
HIP 5175,16.54664936,32.18154253,6.28,K0,5.6,7.38,-23.53
HIP 5204,16.64007727,12.95597351,6.14,G8III,8.91,13.76,27.14
HIP 5240,16.75030618,56.93523628,6.41,K2III...,10.26,93.95,-108.56
HIP 5251,16.78933996,53.49819318,6.31,K0,2.4,16.82,-3.32
HIP 5259,16.80364889,-23.99625645,6.36,A3III,13.96,74.44,-31.75
HIP 5268,16.82738598,-61.77526197,5.36,G5III,11.68,73.79,-11.24
HIP 5296,16.94216802,-9.78559168,5.71,F7IV,20.97,149.04,16.99
HIP 5300,16.94927201,-41.48693516,5.21,A3V,16.48,36.0,7.85
HIP 5310,16.98795829,20.73932115,5.56,A3V,20.23,85.43,-85.81
HIP 5315,16.99825172,1.99409389,6.44,K0IV,21.53,143.39,-432.84
HIP 5317,17.00299391,43.94224107,5.04,A3m,16.61,160.96,-61.32
HIP 5319,17.00501793,32.01219214,6.23,F5IV,23.87,203.71,-25.62
HIP 5336,17.05383776,54.92422766,5.17,G5Vp,132.4,3421.44,-1599.27
HIP 5346,17.09309979,5.6502213,5.51,F0III-IV,27.84,-248.4,-165.49
HIP 5348,17.0960837,-55.24583235,3.94,B6V + B0V,11.66,21.17,29.7
HIP 5361,17.13936547,58.26347937,5.77,B8V,5.75,17.15,-12.39
HIP 5364,17.14693197,-10.181928,3.46,K2III,27.73,215.81,-138.33
HIP 5372,17.18399735,86.25711803,4.24,K2II-III,10.43,80.34,-11.36
HIP 5412,17.3012206,80.01167654,6.24,K0,6.97,-30.97,-39.96
HIP 5434,17.37550908,47.2418241,4.26,B7III,4.43,3.81,-13.02
HIP 5447,17.43248991,35.62083048,2.07,M0IIIvar,16.36,175.59,-112.23
HIP 5454,17.45502008,19.6583854,5.57,G0III,8.09,-4.65,9.34
HIP 5477,17.53073683,-57.69413983,6.41,G6II/III,7.9,-2.86,-114.73
HIP 5483,17.54762035,15.67397125,6.07,M0III,5.85,20.41,-24.51
HIP 5485,17.54982773,-8.90603998,6.4,K0III,8.94,-19.62,-39.2
HIP 5493,17.57852966,42.08157668,5.67,F8V,18.98,-135.76,-41.87
HIP 5494,17.58103932,25.45803989,5.81,K5III,9.06,2.92,-113.75
HIP 5510,17.63982219,2.44570842,5.97,K4III,3.63,-8.69,-15.94
HIP 5518,17.66360631,68.77868759,5.32,A0Vnn,10.26,35.26,-27.48
HIP 5542,17.77471116,55.14994765,4.34,A7Vvar,23.73,226.62,-19.34
HIP 5544,17.7782219,31.42476555,5.15,F0V,5.82,-8.7,-12.02
HIP 5550,17.79287081,37.72413814,5.8,B7III-IV,3.56,-15.54,-6.96
HIP 5566,17.85631897,64.20272388,5.56,B9.5V,7.96,40.94,-19.3
HIP 5571,17.86330901,21.03467568,4.66,K0III,7.42,41.66,-10.55
HIP 5575,17.87069076,10.29192297,6.49,G5,7.92,10.94,-6.07
HIP 5586,17.91494471,30.08972962,4.51,K0III-IV...,20.11,74.29,-37.61
HIP 5589,17.92237013,65.01888517,5.57,B9IV,8.99,23.85,-12.92
HIP 5594,17.93142731,-2.25102487,5.93,K4III,7.4,-57.83,-22.21
HIP 5626,18.06878934,79.67397492,5.6,A3V,11.98,95.83,-4.91
HIP 5650,18.14192241,45.33747997,6.13,M1III,4.67,24.03,20.95
HIP 5661,18.1890296,-37.85640391,5.95,A9IV: (+F/G),13.62,88.99,-30.76
HIP 5679,18.24774657,30.06430791,6.24,G1V...,9.58,21.88,-32.33
HIP 5688,18.29090532,61.70620371,6.4,B9V,5.0,29.16,-6.35
HIP 5737,18.43250986,7.57548895,5.21,A7IV,22.09,141.66,-55.62
HIP 5742,18.43723014,24.58376482,4.67,K0III...,8.64,18.58,-21.26
HIP 5743,18.4382284,7.57837574,6.44,F7V,16.69,154.42,-47.11
HIP 5772,18.52027175,28.52970567,6.33,M2S SB,3.21,63.06,-53.79
HIP 5778,18.53186747,16.13354221,5.97,B8III,6.52,-30.59,-26.18
HIP 5799,18.59986241,-7.9235004,5.14,F5V,41.01,123.67,277.58
HIP 5824,18.67666596,6.9951961,6.04,G6III:,7.07,-13.62,-24.67
HIP 5833,18.70491873,-0.97429411,5.7,F5V,22.79,-14.55,205.45
HIP 5862,18.79403213,-45.53209717,4.97,F8V,66.43,664.47,178.12
HIP 5896,18.93956391,-68.87623708,4.25,F6IV,48.94,411.11,127.43
HIP 5926,19.04959061,71.74384538,5.87,K1V,0.22,-1.59,-1.18
HIP 5928,19.05251889,87.14554531,6.2,K2III:,10.01,49.99,-20.22
HIP 5936,19.07875996,33.11480731,6.04,K1III,10.36,27.97,-35.89
HIP 5947,19.12932621,79.90986944,6.27,F5Vs,13.84,-48.26,59.0
HIP 5951,19.15144476,-2.5002128,5.42,G5III-IVe,12.74,-100.62,-63.95
HIP 5992,19.26533831,-66.39789075,6.23,A0V,9.69,53.04,15.04
HIP 5993,19.27105871,44.90209025,6.11,K5,5.53,11.75,-40.32
HIP 6025,19.35059759,31.74460911,6.36,K0,11.78,-44.7,3.32
HIP 6061,19.4499337,3.61452038,5.13,A3V,14.83,-48.38,-22.37
HIP 6087,19.54225774,47.41971636,6.29,K0,2.13,7.75,-4.24
HIP 6093,19.55788373,57.80316871,6.39,M5,3.73,-7.68,-1.21
HIP 6140,19.69589864,37.38630238,6.44,A5m,7.15,-8.67,-11.34
HIP 6193,19.86657455,27.26408682,4.74,A3V,10.49,26.21,-11.62
HIP 6226,19.9512172,-0.5089949,5.87,A7V...,8.27,5.35,-13.91
HIP 6242,20.02049027,58.2316161,4.95,F0Ia,1.4,-1.31,-2.19
HIP 6261,20.08104611,77.57046497,6.31,G5III...,8.6,-18.46,89.47
HIP 6272,20.1159902,-11.2388149,6.16,K1III,8.53,-50.54,-75.93
HIP 6283,20.14405465,-3.24700031,6.26,K1III,6.17,-1.93,4.32
HIP 6312,20.27160602,64.65818814,6.33,A2Vnn,13.67,59.68,-23.53
HIP 6315,20.28064145,28.73838983,5.23,K5III,9.49,28.53,-75.19
HIP 6378,20.49558059,76.23888764,6.37,F0IVn,13.04,67.85,-34.31
HIP 6411,20.58497087,45.5287566,4.87,K0III-IV,16.68,32.21,8.73
HIP 6427,20.62715374,-19.08104977,6.35,F5/F6V,16.82,-58.42,-64.95
HIP 6432,20.65381169,1.72644123,6.21,M0III,3.89,65.45,-44.78
HIP 6486,20.83863463,58.14321418,6.36,F4V,17.34,132.26,-90.68
HIP 6492,20.85396862,20.4689899,5.97,K5,3.94,-5.59,-9.3
HIP 6502,20.87903356,-30.94550599,5.84,M0III,3.67,-15.51,-45.83
HIP 6512,20.90546597,34.24560145,6.28,G8IV,16.98,231.92,117.55
HIP 6514,20.91898254,37.71499034,5.6,A1m,15.43,81.77,-19.64
HIP 6522,20.94506566,78.72604828,6.07,A0Iab,0.1,-4.29,3.24
HIP 6537,21.00604671,-8.18275372,3.6,K0III,28.48,-78.38,-206.88
HIP 6539,21.01013866,-8.00725234,6.21,F0V,14.83,179.74,-67.31
HIP 6564,21.08535375,-6.91466853,5.92,F4V,22.33,31.05,5.12
HIP 6589,21.16631123,-15.66041899,6.17,G8III/IV,9.76,29.88,-20.19
HIP 6592,21.16988858,-41.49245885,5.42,K0III,13.22,16.95,-36.94
HIP 6595,21.17467728,-44.52852794,6.26,K1II,5.32,-10.09,-19.4
HIP 6605,21.20281063,-2.84852187,6.17,G8III,12.17,10.79,-28.02
HIP 6631,21.27198122,-64.3694363,5.92,M0III,3.23,23.15,-17.1
HIP 6669,21.39856813,23.51157323,6.18,F5III,13.01,34.07,-22.18
HIP 6670,21.40503869,-14.59875437,4.9,K2III,11.31,42.54,-17.25
HIP 6685,21.44292737,70.97992123,6.34,A0Vnn,6.34,9.33,-13.89
HIP 6686,21.45251267,60.23540347,2.66,A5Vv SB,32.81,297.24,-49.49
HIP 6692,21.48293404,68.12994739,4.72,K0III,16.89,75.07,26.82
HIP 6702,21.53590855,34.57990693,6.34,F7V,26.14,235.58,-84.99
HIP 6706,21.56366085,19.17232096,5.35,F2V:var,38.35,-26.8,10.16
HIP 6711,21.57749566,43.45788606,5.98,F7V,24.21,108.31,-60.45
HIP 6714,21.59817582,20.07090163,6.44,K0,10.71,55.53,-40.07
HIP 6717,21.61382606,-0.3989861,6.42,K0IV,4.7,50.11,-19.66
HIP 6732,21.67352916,19.24056476,5.5,K1III,10.63,50.82,-58.73
HIP 6748,21.71481835,-13.05653391,5.51,F0V,27.55,14.53,9.01
HIP 6776,21.7758949,34.37757818,6.27,F7IVsvar,23.45,160.89,-10.75
HIP 6789,21.84712814,-22.33802701,6.43,K0/K1III,8.43,-1.66,-84.29
HIP 6794,21.86110539,41.10109784,6.42,Am...,17.91,9.84,24.67
HIP 6813,21.9128547,45.40695287,4.83,F5IV,35.33,356.99,-109.32
HIP 6822,21.94348544,-10.90162048,6.13,K0,9.15,179.15,15.79
HIP 6867,22.0914236,-43.31772906,3.41,K5II-III,13.94,-18.21,-207.71
HIP 6868,22.09520584,7.96137392,6.22,K1IIIvar,8.89,110.79,-8.59
HIP 6952,22.37723818,-46.75646248,6.25,M3III,3.32,2.37,16.72
HIP 6960,22.40041765,-21.62934677,5.11,A0V,14.72,55.64,3.22
HIP 6971,22.42829333,-25.61778011,6.37,K1III,5.54,37.75,12.76
HIP 6981,22.47011303,18.35567537,6.01,A4IV,8.61,59.05,-2.64
HIP 6999,22.52542506,47.00737711,5.27,K0III,11.26,0.64,-42.53
HIP 7007,22.54559597,6.14393314,4.84,K4III,9.05,293.23,-46.36
HIP 7016,22.5953198,-26.20785462,5.92,K2III,7.35,43.67,1.4
HIP 7050,22.7167174,66.09811465,6.15,A2Vs,11.54,74.83,-11.18
HIP 7078,22.80632718,70.2647886,5.82,F6V,34.19,137.53,-76.0
HIP 7083,22.81242306,-49.07307701,3.93,K0III-IV,22.15,138.22,154.2
HIP 7097,22.87080776,15.34583101,3.62,G8III,11.09,25.73,-3.29
HIP 7115,22.91256447,-45.57572379,6.17,A2V,10.21,-11.58,4.82
HIP 7118,22.93021487,-30.28292502,5.79,K0III,10.74,-4.43,-64.34
HIP 7147,23.0315984,34.79997529,6.39,B7IIIMNp...,3.48,-9.66,-5.32
HIP 7189,23.15163543,-49.72753415,6.27,F4V,12.41,-28.24,-73.47
HIP 7213,23.23355059,-36.86518161,5.49,K1/K2III,12.29,0.09,-20.33
HIP 7243,23.32611246,8.20881472,6.31,K0,5.58,18.89,-31.62
HIP 7251,23.35711597,58.32734523,5.69,K0Ib+...,1.67,3.78,-4.66
HIP 7271,23.41359158,-78.5044859,6.11,G3IV,7.4,-30.96,-137.42
HIP 7276,23.42805448,-7.02514279,5.75,G2IV,33.71,176.82,-81.49
HIP 7283,23.45214999,89.01571833,6.46,A3V,10.15,64.92,-32.43
HIP 7294,23.48302496,59.23209665,4.68,K0III,15.96,-43.06,-23.18
HIP 7321,23.56915511,37.23719753,5.9,B9IV,8.32,12.62,-21.0
HIP 7345,23.65717247,-15.6763527,5.62,A1V,16.32,94.7,-2.67
HIP 7359,23.704364,18.46067238,5.9,M2III,5.46,30.1,-65.92
HIP 7361,23.71180174,-31.89221429,6.11,K0/K1III,8.87,-69.78,-42.29
HIP 7362,23.71379541,-3.52380859,6.44,K0,3.98,12.52,-33.28
HIP 7363,23.71481184,-23.69971287,6.41,K2III,3.29,25.08,12.91
HIP 7387,23.81128987,-58.13939438,6.03,F2V,24.72,284.01,-33.05
HIP 7436,23.94350195,14.66144102,6.23,B9.5III,1.42,3.89,-7.61
HIP 7443,23.96083226,-39.94700724,6.43,F3/F5V,26.54,-43.99,-48.95
HIP 7444,23.9685993,41.07641867,6.39,K1III,8.41,144.44,0.69
HIP 7447,23.97777176,17.43378965,5.95,F0IV,16.75,149.18,21.16
HIP 7450,23.99565496,-15.40021584,5.41,K1III,5.94,19.14,13.53
HIP 7463,24.03512124,-29.9074336,5.69,F2V,16.13,119.68,47.98
HIP 7493,24.11339268,48.72282149,6.2,K1III:,7.77,-16.36,-18.69
HIP 7505,24.18134717,7.83150675,6.39,M0,3.6,4.49,9.13
HIP 7506,24.18654178,-58.2709679,6.18,M3III,4.05,23.38,0.83
HIP 7513,24.19990413,41.40638491,4.1,F8V,74.25,-172.57,-381.01
HIP 7535,24.27483902,12.14151058,5.54,F0V,29.58,-74.9,9.96
HIP 7568,24.3657494,-84.76965017,5.66,K0III,8.94,34.69,23.45
HIP 7580,24.40648858,-9.40405165,6.24,F7V,26.15,249.38,111.02
Achernar (α Eri),24.42813204,-57.23666007,0.45,B3Vp,22.68,88.02,-40.08
HIP 7593,24.44666689,64.73935565,6.49,A6Iab,1.1,-1.36,0.59
HIP 7597,24.46688941,-3.44065222,6.43,K5,3.64,26.34,-10.55
HIP 7601,24.47908355,-82.97528876,5.88,G2V,36.86,122.3,120.7
HIP 7607,24.49792651,48.62848641,3.59,K3III,18.76,60.9,-112.42
HIP 7617,24.53151544,57.97764488,5.55,G5II,2.86,2.98,-5.54
HIP 7643,24.61455891,-36.5279533,5.94,K0III,10.1,-13.27,-122.36
HIP 7650,24.62892127,73.04007203,5.28,G8II-IIIvar,7.3,-11.81,-13.23
HIP 7651,24.63265671,45.39970504,6.38,B9pe...,7.17,-16.21,0.59
HIP 7679,24.71544923,-21.27547447,5.58,F0V,14.21,129.52,37.13
HIP 7719,24.83757938,44.38612827,5.01,G8III...,13.46,-20.49,14.95
HIP 7740,24.9198664,16.40588595,5.98,K2III,7.18,82.41,-11.56
HIP 7751,24.94684603,-56.19644067,5.76,K0V,122.75,286.1,16.66
HIP 7786,25.05465447,53.86828894,6.35,K5III,5.29,-16.19,-4.63
HIP 7818,25.14501739,40.57710624,4.96,B8III,4.79,16.67,-23.5
HIP 7819,25.14535993,8.76076486,6.34,F2,17.99,68.29,1.86
HIP 7825,25.16483499,43.29776385,5.63,A9IV:,12.15,111.06,-31.65
HIP 7874,25.32624343,25.74581125,6.2,F2III,17.86,118.38,-40.63
HIP 7879,25.33868782,-79.14825374,6.33,G6/G8III,8.26,59.76,22.13
HIP 7884,25.35794814,5.48760445,4.45,K3III,8.86,-22.73,3.61
HIP 7886,25.36368452,-38.1329641,6.2,F3/F5IV/V,23.87,50.23,56.51
HIP 7906,25.413509,30.04713542,5.97,K0III,6.23,-8.1,-6.5
HIP 7916,25.4366587,-11.32366816,5.75,F5V+...,26.83,60.1,-411.71
HIP 7918,25.44381547,42.61380692,4.96,G2V,79.09,791.35,-180.16
HIP 7921,25.44980076,-60.78924102,5.7,K2/K3III,8.79,12.81,-40.52
HIP 7941,25.51256331,-36.83226421,5.7,A0V,10.71,-29.32,-16.7
HIP 7943,25.51439571,35.24576705,5.63,B9IV-V,12.61,49.41,-24.67
HIP 7955,25.53602338,-32.32685759,5.25,K1II/III,15.02,-74.79,-46.35
HIP 7963,25.57369215,58.6277587,6.35,B8III,2.24,15.39,-8.22
HIP 7965,25.5851851,68.04304624,5.57,A0p SiSr,7.34,53.08,-10.34
HIP 7978,25.62146258,-53.7405747,5.52,F8V,57.63,166.97,-106.71
HIP 7981,25.62479083,20.27015091,5.24,K1V,133.91,-302.12,-677.4
HIP 7999,25.68132047,-3.69011692,4.98,K3II-III,2.71,-11.67,-34.38
HIP 8016,25.73220374,70.62255881,5.18,B9V,11.62,76.62,-13.62
HIP 8020,25.74298829,61.42109575,6.33,B7II,3.19,2.42,-9.32
HIP 8044,25.81828533,45.32263641,6.33,K2IV,18.04,139.04,5.06
HIP 8046,25.83223958,60.55137091,5.78,B8IIIn,3.57,13.57,-15.78
HIP 8068,25.9150637,50.6887655,4.01,B2Vpe,4.55,24.08,-13.59
HIP 8086,25.95895146,32.19201138,6.32,G8III-IV SB,7.08,-6.01,1.38
HIP 8094,25.97837552,-4.76543961,6.2,K0,4.55,-23.98,-30.81
HIP 8102,26.02136441,-15.93955597,3.49,G8V,274.17,-1721.82,854.07
HIP 8115,26.07464115,57.53666151,6.18,A3V,12.63,46.7,-18.39
HIP 8127,26.11055417,46.13976854,6.32,K5III,6.04,-7.11,-31.62
HIP 8143,26.18195961,-6.76617551,6.45,G0,6.09,11.07,4.71
HIP 8148,26.19229561,57.08922153,6.25,A2V,5.82,18.08,1.84
HIP 8159,26.23271918,20.08340568,6.27,G5IV,30.71,-45.05,-105.39
HIP 8198,26.34828629,9.15764102,4.26,K0III,12.63,70.82,38.99
HIP 8209,26.41106016,-25.05243403,5.29,F2IV,36.46,159.48,-72.38
HIP 8230,26.49694074,-5.73322696,5.37,K4III,6.4,-9.09,-29.69
HIP 8233,26.50414338,-27.34872151,6.38,F2V,23.16,97.86,-45.12
HIP 8240,26.52469172,-50.81621317,5.49,M3III,4.8,43.66,-17.45
HIP 8241,26.52557865,-53.52218065,5.04,A1V,17.54,126.45,59.04
HIP 8320,26.81955818,-41.76004487,6.18,K5/M0III,5.79,12.1,48.81
HIP 8362,26.9336011,63.85310111,5.63,K0V,100.24,582.05,-246.83
HIP 8366,26.94453905,-80.17616913,6.05,F0III,16.13,-71.73,-58.41
HIP 8369,26.94903392,-37.15953257,6.33,K0III,5.85,0.81,20.4
HIP 8370,26.95001171,46.2298846,6.33,F6V,17.15,12.84,-55.52
HIP 8387,27.0454279,16.95563093,5.86,B9.5V,11.37,55.87,-32.97
HIP 8404,27.10843265,3.68540364,5.91,G9III,9.95,-9.17,17.68
HIP 8423,27.16184118,37.95293583,5.94,K0III,10.57,111.84,-27.04
HIP 8433,27.17366149,32.68948705,5.78,F8V,36.65,-166.73,297.35
HIP 8475,27.31483954,47.89695175,6.01,A3V,9.84,-20.22,-11.46
HIP 8480,27.33067634,-31.07242337,6.35,K2/K3III,7.35,85.62,-16.48
HIP 8497,27.39662961,-10.68618074,4.66,F3III,42.35,-148.9,-94.47
HIP 8514,27.45359409,-38.40348295,6.37,F6V,36.89,2.1,282.37
HIP 8544,27.53575113,22.2753566,5.83,K1III+...,5.68,-14.32,-7.55
HIP 8552,27.58367053,-47.81650912,6.14,K1IV,6.65,115.7,48.33
HIP 8588,27.71672491,11.0434459,5.92,F2Vw,23.46,-69.33,-27.84
HIP 8593,27.72699465,-50.20612713,5.94,A1V,13.37,-47.97,-4.3
HIP 8598,27.73786884,51.93369809,5.96,F5V,22.42,41.16,-115.5
HIP 8641,27.85977105,-39.83587507,6.44,K1IIICN...,7.25,15.74,-24.7
HIP 8645,27.86504416,-10.33494526,3.74,K2III,12.59,38.78,-38.04
HIP 8664,27.90749014,-6.87411986,6.42,K0,6.01,4.13,-9.39
HIP 8688,27.94204315,-15.64748397,6.44,M2III,4.05,13.42,1.47
HIP 8704,27.99711412,55.14740479,5.53,B1.5V,3.17,12.53,-8.25
HIP 8714,28.03897527,50.79286359,5.7,B9p...,6.63,18.39,-28.68
HIP 8771,28.21140471,51.47485303,6.28,A3V,6.59,-13.61,-6.84
HIP 8778,28.21703176,-16.92912351,5.78,F0V,9.87,41.36,-51.94
HIP 8796,28.27041595,29.57939727,3.42,F6IV,50.87,12.02,-233.69
HIP 8814,28.32229965,40.72979974,5.42,K1III,6.04,-9.6,-4.17
HIP 8820,28.34615301,-38.59470335,6.09,K1/K2III,8.62,128.67,29.48
HIP 8832,28.38235506,19.29409264,3.88,A1p Si,15.96,79.43,-99.1
HIP 8833,28.38890233,3.18747844,4.61,K0III SB,17.11,23.69,23.9
HIP 8837,28.41174872,-46.30244631,4.39,M4III SB,10.15,-92.38,-91.46
HIP 8847,28.45193321,55.59767097,6.44,A5m,13.61,47.46,-12.98
HIP 8882,28.59191795,-42.49688104,5.12,A3V,10.55,-34.32,-28.34
HIP 8886,28.59868107,63.67014686,3.35,B2pvar,7.38,31.98,-18.66
HIP 8903,28.65978771,20.80829949,2.64,A5V...,54.74,96.32,-108.8
HIP 8922,28.72395703,40.70220085,6.25,K2,9.45,44.19,-68.47
HIP 8928,28.73339519,-67.64748114,4.68,G5III,15.04,76.0,73.17
HIP 8930,28.74013935,37.12833508,6.28,K0,6.21,37.21,-18.49
HIP 8957,28.83206122,-60.31238593,6.43,F2V,18.23,-45.78,-40.39
HIP 8983,28.9436084,-60.86113745,6.07,F0IV/V,21.5,14.17,66.77
HIP 8991,28.9593779,-78.34867741,6.15,F5/F6IV/V,24.2,103.01,53.05
HIP 8993,28.96263355,23.57734317,5.76,K1III,6.25,12.06,-8.88
HIP 8998,28.97391411,1.84951901,6.01,F7V+...,25.71,158.44,190.44
HIP 9001,28.97697359,37.27780093,5.89,K5III,3.29,9.42,-6.27
HIP 9007,28.98680207,-51.60958673,3.69,G5IV,57.19,681.24,284.23
HIP 9009,29.00001575,68.68526545,4.97,B8III,4.65,13.82,-9.73
HIP 9021,29.03845779,37.251804,5.69,G8III...,10.18,182.88,10.54
HIP 9022,29.03914737,-49.8364799,6.37,B8/B9V,5.13,14.36,14.0
HIP 9061,29.16732782,-22.52671153,4.92,K3III,8.18,62.22,-30.19
HIP 9085,29.24856719,-51.76685008,6.1,F8V,37.97,348.83,249.36
HIP 9094,29.29093654,-10.24183649,6.42,G5,29.43,-368.41,-243.15
HIP 9095,29.29163705,-47.38529869,4.82,G8III,12.22,101.65,8.79
HIP 9110,29.33763922,17.8175894,5.09,K1p...,4.95,34.28,-23.71
HIP 9132,29.43223051,27.8045238,5.84,M2III,6.85,13.4,-58.83
HIP 9149,29.47237594,-65.42468427,6.36,G8II/III,6.09,-24.59,-6.5
HIP 9153,29.48239763,23.5960961,4.79,F0V,24.49,-91.51,-14.45
HIP 9163,29.4967917,47.09553693,6.48,K0,2.86,7.27,-6.75
HIP 9207,29.61116045,-33.06673777,6.37,K0III,9.42,4.19,-20.26
HIP 9220,29.63840779,61.69781632,6.02,B5III,4.52,12.93,-11.41
HIP 9222,29.63958177,49.204252,5.7,K0IV,13.25,6.26,41.23
HIP 9236,29.69113269,-61.56992444,2.86,F0V,45.74,262.54,26.88
HIP 9237,29.6914787,-11.30074034,6.46,G5,7.97,72.23,-88.47
HIP 9295,29.85783536,12.29495706,6.09,A6V,12.12,7.9,-33.42
HIP 9307,29.89831329,21.05860461,5.89,K0III-IV,8.17,140.8,-14.35
HIP 9312,29.90828959,64.62163894,5.29,A0Vn,12.69,35.76,-15.22
HIP 9313,29.91189289,-42.03028941,5.57,K1III,12.55,-50.58,-99.76
HIP 9318,29.92116544,-66.06657323,6.09,K2III,7.62,34.0,6.2
HIP 9326,29.94245126,-20.82457549,5.43,M0/M1III,4.88,17.93,15.2
HIP 9347,30.0009367,-21.07777193,3.99,K5/M0III,10.84,133.01,-24.53
HIP 9353,30.03760293,3.09763527,5.89,G2IV,32.18,231.21,-255.2
HIP 9372,30.11154942,-8.52382616,5.43,M3III,5.5,86.73,-19.32
HIP 9440,30.3116514,-30.00156583,5.34,G8III,11.71,-108.68,-108.79
HIP 9459,30.42667654,-44.71339037,5.15,K5III,8.76,-31.8,-48.79
HIP 9480,30.48979079,70.90704605,4.49,A3IV,27.91,-54.46,-10.69
HIP 9487,30.51166929,2.76376048,3.82,A2,23.45,33.29,-0.42
HIP 9505,30.57530917,54.48754946,4.99,B8III,4.41,33.79,-3.4
HIP 9521,30.61781113,-29.66566527,6.4,A3III,7.22,-15.71,9.52
HIP 9533,30.6461577,13.47672808,5.97,M2III,3.86,-0.08,-4.99
HIP 9562,30.71567005,-23.88655058,6.3,K2III,3.4,-39.5,-32.04
HIP 9564,30.71872421,64.90149425,6.0,A1Vn,11.49,-12.57,-11.69
HIP 9568,30.73767498,77.91627546,6.04,K0,3.03,-5.33,-5.03
HIP 9570,30.7415286,33.28415151,5.5,A2V,8.81,-15.99,-6.75
HIP 9572,30.74397324,-15.30594985,5.87,K0II/III,9.91,25.62,7.32
HIP 9573,30.75078582,64.39002289,5.59,B8Ib,0.94,-0.98,-1.95
HIP 9586,30.79378002,73.85056527,6.12,A5III,8.98,-27.15,1.91
HIP 9589,30.7983571,0.12845397,5.42,A5III,11.31,75.85,21.74
HIP 9598,30.85912643,72.42123962,3.95,A2V,20.12,-44.0,22.51
HIP 9621,30.91359346,25.93544879,5.64,F8IV,18.9,125.66,9.27
HIP 9622,30.91868509,-4.10336397,5.61,K5Iab:,4.98,6.62,-62.67
HIP 9627,30.92755689,18.25328848,6.24,K4III,2.43,-8.65,-20.79
HIP 9631,30.9505127,-0.34014611,5.96,G5V...,9.89,82.76,-43.09
HIP 9640,30.97466283,42.32984832,2.1,B8V,9.19,43.08,-50.85
HIP 9655,31.05181354,-11.85976239,6.43,K4III,3.1,55.35,-3.18
HIP 9677,31.12262534,-29.29683966,4.68,B9.5p (Si),9.03,12.56,8.54
HIP 9685,31.14600838,-54.88162897,6.45,F2V,21.17,75.79,-24.72
HIP 9706,31.21246935,7.73566461,6.44,K0,6.8,29.54,-0.24
HIP 9727,31.27938922,77.28145654,5.27,F0Vn,29.8,138.9,-47.56
HIP 9763,31.38157411,76.11511028,5.22,G8III,7.65,-12.19,-20.49
HIP 9809,31.55113149,8.24814235,6.27,M4,3.71,-14.16,-11.55
HIP 9827,31.62196116,0.03536862,6.29,K0,5.98,64.17,6.46
HIP 9836,31.64130188,22.64840404,5.03,A2m,17.4,20.62,-35.84
HIP 9859,31.70509566,25.70458883,6.01,B9IV-Vn,2.81,18.57,-14.54
HIP 9862,31.71650468,-19.13878097,6.39,K1III,12.01,148.4,-36.22
HIP 9884,31.79285757,23.46277743,2.01,K2III,49.48,190.73,-145.77
HIP 9977,32.12144102,37.85918337,4.78,A5IV-V,16.48,154.22,-43.64
HIP 9983,32.13978347,44.45954374,6.38,G8III,7.58,14.13,-47.38
HIP 9990,32.16908619,58.42360489,5.66,A1Ia,1.79,-0.82,-1.63
HIP 9999,32.19028203,-17.77910445,6.07,M1III,2.51,-10.9,-21.0
HIP 10035,32.28888091,-43.51647088,5.84,K1III,5.68,-48.33,-51.42
HIP 10050,32.34594705,17.22464882,6.4,F5V,25.47,136.08,-186.23
HIP 10053,32.35535861,25.93997268,4.98,F2III,10.19,77.5,-33.1
HIP 10054,32.35601743,81.29592818,6.05,A1V,14.61,-34.14,7.13
HIP 10064,32.38550383,34.98739204,3.0,A5III,26.24,148.78,-39.13
HIP 10069,32.39508853,-24.34568294,6.48,F0IV/V,16.07,-31.06,-42.03
HIP 10096,32.45179984,-40.86644598,6.49,F3V,14.68,48.51,-22.51
HIP 10111,32.51987613,-43.81555677,6.32,G8III,8.32,50.21,-7.27
HIP 10115,32.53218824,53.84320117,6.31,G8III,5.53,26.33,-45.12
HIP 10138,32.60000721,-50.82531507,6.12,K0V,91.63,2092.84,654.32
HIP 10155,32.6564251,19.50040351,5.68,M3III,4.9,88.73,-27.1
HIP 10176,32.72014334,39.03957814,6.09,B9V,12.41,-7.99,-21.52
HIP 10203,32.8002511,25.93695537,6.01,K4III,4.07,-8.85,-6.95
HIP 10212,32.83817716,8.57008262,5.64,G0IV,23.52,-141.2,-114.26
HIP 10215,32.8426776,-10.05174603,6.0,F5V,20.0,-27.3,-171.15
HIP 10220,32.85416096,31.52642246,6.24,A1m,6.76,35.4,-10.16
HIP 10227,32.87164306,57.64554793,6.38,B5Ia,1.28,-0.72,-1.79
HIP 10234,32.89933984,-1.82534866,5.94,G9III:,9.2,-11.27,-33.24
HIP 10273,33.06566579,2.74552179,6.49,G5,6.53,13.18,12.15
HIP 10280,33.09301632,30.30321507,4.94,F5V comp SB,10.68,-64.59,-61.07
HIP 10296,33.1563008,24.16779356,5.96,K0,5.77,41.64,-6.28
HIP 10305,33.19717997,-2.3934596,5.65,F8V,21.71,374.41,-73.08
HIP 10306,33.19993262,21.21098318,5.23,F5V,33.19,162.52,4.07
HIP 10309,33.20825793,79.69148012,6.46,A3,7.95,-22.24,24.5
HIP 10320,33.22691696,-30.72384252,5.27,A0V,9.82,15.32,7.15
HIP 10324,33.25004577,8.8467523,4.36,G8II:,9.01,-26.23,-14.4
HIP 10326,33.25396814,-21.0002366,5.86,K0III,8.17,55.83,40.75
HIP 10328,33.26352181,15.27991044,5.72,M0III,6.03,99.23,-20.94
HIP 10340,33.30558667,44.23168903,4.84,K4III,5.86,-20.58,-15.25
HIP 10350,33.33768876,74.0278103,6.25,G8III,7.44,47.07,-36.83
HIP 10366,33.40008213,51.06623342,5.31,G8III:var,16.39,347.43,-170.79
HIP 10379,33.42338097,58.56058745,6.43,A3Iab,1.13,-0.08,-0.54
HIP 10396,33.47313991,-9.06468041,6.43,K0,2.59,1.35,20.53
HIP 10403,33.51053606,47.48438729,6.05,F5V,24.07,-82.13,-60.1
HIP 10418,33.56042796,-67.84155199,5.57,M1III,4.41,25.19,45.66
HIP 10438,33.62126544,66.52444205,6.05,B9V+...,4.42,-6.91,-5.56
HIP 10440,33.63317374,-41.16670109,5.91,G9III,9.77,-20.87,-26.12
HIP 10446,33.65781644,28.69142584,6.35,K1III,16.82,159.02,-99.15
HIP 10513,33.86899336,-67.74633515,5.67,K2III,6.97,43.01,-12.65
HIP 10535,33.92847664,25.0432553,5.57,F6V,20.77,-88.69,-87.16
HIP 10540,33.94139916,25.78309877,5.79,F6IV-V,24.93,176.41,-66.38
HIP 10559,33.98456296,33.35897589,5.25,A0V,11.13,-14.86,-33.25
HIP 10562,33.99039099,47.81205813,6.37,G9III-IV,7.05,45.16,-49.62
HIP 10602,34.12708452,-51.51211145,3.56,B8IV-V,21.06,90.75,-21.9
HIP 10623,34.18862841,83.56151865,6.45,K0,7.62,58.29,-42.97
HIP 10633,34.21548842,57.05524766,6.48,B1Iab,1.37,-0.9,-0.77
HIP 10642,34.24578955,-6.4218563,5.51,G8III,9.58,93.21,-106.93
HIP 10644,34.26007346,34.22482985,4.84,G0V,92.2,1151.61,-246.32
HIP 10670,34.32848216,33.84732099,4.03,A1Vnn,27.73,44.91,-52.42
HIP 10718,34.49925395,57.89980835,5.75,K3III,8.61,60.79,5.04
HIP 10723,34.50510951,1.75689975,5.6,G0.5IV,40.04,365.99,371.16
HIP 10729,34.51916463,57.51632574,5.99,G7III,4.59,-13.48,-1.81
HIP 10732,34.53144339,19.90116135,5.58,A1Vn,8.42,-16.07,0.9
HIP 10793,34.73745342,28.64267411,5.29,A2V,9.31,6.72,-0.04
HIP 10795,34.74149127,23.16783614,6.45,A7V,9.51,-17.7,-8.59
HIP 10798,34.74435827,-25.94676773,6.33,G8V,78.88,-218.07,444.51
HIP 10814,34.79518193,46.47228976,6.21,A4V,7.22,-23.76,-11.99
HIP 10819,34.82019851,47.37998782,5.31,A1V,12.77,-60.05,-6.06
HIP 10826,34.83661103,-2.97706055,6.47,M5e-M9e,7.79,10.33,-239.48
HIP 10830,34.84485604,48.95528736,6.44,F4V,15.5,-98.58,72.43
HIP 10832,34.85317746,-41.84843472,6.36,K2III,6.1,4.86,27.62
HIP 10871,34.97602796,-55.94484169,5.81,K5III,5.78,23.32,18.71
HIP 10924,35.17292662,47.31082911,6.17,B5V,3.9,13.0,-10.37
HIP 10944,35.24238707,50.15154156,5.57,B9p Si,9.15,38.84,-31.23
HIP 11001,35.43759585,-68.6594239,4.08,A3V,24.1,-50.07,2.38
HIP 11020,35.48098509,57.2429201,6.4,A1Ia,1.11,-1.2,-1.83
HIP 11021,35.48597927,0.39569203,5.29,M2III,2.49,-13.41,-6.81
HIP 11029,35.50600237,-10.77733458,5.43,F0V,33.48,153.43,-81.89
HIP 11033,35.52073828,-17.66202807,5.89,K2III,6.47,9.02,-58.12
HIP 11043,35.54875946,-43.19991721,6.3,K0III,7.39,60.73,43.52
HIP 11046,35.55169522,-0.88474037,5.42,F0Vn,11.68,-17.62,-45.98
HIP 11060,35.58930899,55.84565637,5.16,A2Ia,1.59,0.36,-1.19
HIP 11072,35.6350873,-23.81631542,5.19,G2V,45.6,197.34,-4.39
HIP 11090,35.70984185,41.39653472,5.81,F0III-IV,21.16,-74.2,-97.68
HIP 11095,35.71864225,-73.64582097,5.99,K0III,10.26,-81.59,11.84
HIP 11102,35.72772659,-51.09228926,5.9,A5V,16.3,22.09,66.01
HIP 11108,35.7397799,-18.35465998,6.22,G8/K0III,8.41,131.68,-132.68
HIP 11121,35.77750969,-37.57606333,6.47,K2III,2.78,-6.49,-33.36
HIP 11174,35.96561124,55.36486781,6.29,F7Ib,1.62,-2.13,-2.75
HIP 11212,36.08373505,-25.84749833,6.45,K3III,6.08,32.59,16.08
HIP 11220,36.10372497,50.00663318,5.19,G8III,8.69,24.54,-35.79
HIP 11231,36.14044388,-40.84072432,6.17,G5IV,32.05,228.91,109.39
HIP 11249,36.20435282,10.61059804,5.48,B7IV,5.41,19.63,-13.6
HIP 11258,36.22497693,-60.31162902,5.36,F2III,20.4,-71.08,-131.04
HIP 11261,36.24328387,-2.78001486,6.34,A0III,5.05,1.77,-6.56
HIP 11279,36.31678817,56.60982421,6.25,B2Ia,0.92,-0.39,-0.65
HIP 11293,36.36035123,-66.49402863,6.39,M5III,3.54,-20.67,1.21
HIP 11313,36.40583743,50.27866588,4.73,K4III,9.46,23.79,-14.35
HIP 11345,36.48755111,-12.290452,4.88,A0V,6.17,-11.71,-11.37
HIP 11348,36.50156687,-15.34111517,5.88,Ap SrCrEu,15.24,-44.31,-54.13
HIP 11381,36.64651715,-20.04286354,5.89,K2III,11.47,86.18,101.46
HIP 11407,36.74627081,-47.70382692,4.24,B5IV,6.17,19.97,-5.44
HIP 11415,36.78023268,27.01257767,6.14,K5III,7.03,-28.45,-75.2
HIP 11427,36.84818295,10.19881767,6.45,F5V,27.5,-294.97,-202.12
HIP 11432,36.86578353,31.80134872,5.55,K1III:,11.39,-23.81,-28.18
HIP 11465,36.96562114,50.57019433,6.16,F4V,18.84,31.53,-90.46
HIP 11474,36.99970001,1.96088039,6.45,K0III,3.43,-0.75,-14.22
HIP 11477,37.00704179,-33.81105246,5.13,A2/A3V,21.35,18.56,5.52
HIP 11479,37.01808014,-64.29978331,6.35,A0V,8.47,34.24,6.15
HIP 11484,37.03965786,8.4600887,4.3,B9III,18.53,41.72,-14.46
HIP 11486,37.04162643,29.66953828,5.29,F0III,21.01,-14.81,-85.5
HIP 11524,37.14773173,-31.10240175,6.11,K2IIICN...,8.8,-36.49,-17.72
HIP 11548,37.20224439,29.93158402,5.89,G0V,32.48,-65.37,72.52
HIP 11569,37.26661741,67.40238385,4.46,A5p Sr,23.04,-27.92,37.06
HIP 11578,37.3067809,23.46907769,6.2,A5m,12.33,85.41,-21.06
HIP 11603,37.39732674,9.56562436,6.09,K2III,11.4,-2.17,2.01
HIP 11651,37.56899446,33.83384234,6.26,K1III,8.79,69.98,-55.58
HIP 11670,37.63464227,25.23521368,5.88,F6IV,19.59,61.69,-72.93
HIP 11671,37.63662647,-22.54524212,6.17,M0III,7.28,6.58,-31.4
HIP 11678,37.65986622,19.85538831,6.14,A9V,14.44,81.0,-36.06
HIP 11687,37.68847239,0.25587583,6.0,A7III-IVs,11.87,-51.92,-52.15
HIP 11698,37.72657571,17.70405706,6.21,G5III-IV,10.4,33.01,-82.75
HIP 11738,37.87534312,2.26720689,5.27,K3III,6.85,22.75,-10.4
HIP 11757,37.91716991,-79.10924959,5.27,G4III,11.18,137.14,-54.42
Polaris (α UMi),37.94614689,89.26413805,1.97,F7:Ib-IIv SB,7.56,44.22,-11.74
HIP 11783,38.02198846,-15.2443199,4.74,F5V,38.73,-80.92,-146.84
HIP 11784,38.02556633,36.14723132,5.15,K5III,8.33,47.82,16.43
HIP 11791,38.03931801,-1.03481751,5.36,G3III:,12.27,-26.47,-32.34
HIP 11802,38.06133465,-36.42733787,6.28,K0III,7.75,57.14,12.5
HIP 11840,38.21940851,34.54245642,5.84,K0III,12.54,-54.69,-19.22
HIP 11843,38.22562452,15.03446457,6.0,F8V,34.84,-15.48,36.89
HIP 11867,38.2793288,-34.64992327,5.91,K0/K1III,8.58,-17.41,-17.94
HIP 11907,38.41768954,-20.00172697,6.19,K1III,8.93,-36.61,-79.86
HIP 11918,38.4613017,-28.2323401,4.96,B9V,7.19,-12.69,-1.4
HIP 11925,38.47757346,-51.09349627,6.24,F6V,18.72,-8.66,-20.61
HIP 12002,38.67745683,-7.8592885,5.74,K4III,5.94,60.32,-64.45
HIP 12022,38.76724805,7.47129568,6.17,G6III:,8.51,-9.73,-124.49
HIP 12057,38.86619953,39.66446182,6.36,B9MNp...,5.62,16.3,-33.44
HIP 12072,38.91142631,37.3122905,5.72,K4III,4.82,-0.91,-11.38
HIP 12086,38.94498948,34.68768289,5.38,M3III,-0.6,19.55,-51.2
HIP 12093,38.9687042,5.59330163,4.87,G8III,8.77,-28.89,-22.76
HIP 12107,39.00028366,-7.83145306,5.53,M0III,6.31,-33.57,-59.29
HIP 12114,39.01596864,6.88336423,5.79,K3V,138.72,1806.27,1442.5
HIP 12122,39.03865189,-30.04496366,5.74,G8/K0III,5.02,-15.95,-5.75
HIP 12148,39.14626535,7.73007761,5.81,K0III:,11.18,-56.19,-21.21
HIP 12153,39.1572862,12.44784628,5.64,F7V,28.4,279.53,-85.4
HIP 12160,39.1793771,31.60766603,6.07,K0,7.21,-25.35,0.47
HIP 12181,39.23782977,38.73398283,5.91,F5V,18.42,145.04,-165.36
HIP 12186,39.24425358,-34.57734519,5.78,G1V,39.16,-18.27,-259.92
HIP 12189,39.25181558,24.64725663,6.48,F6III,24.92,137.08,-14.18
HIP 12200,39.27713577,32.89101724,6.23,F8V,18.11,82.8,30.7
HIP 12225,39.35110362,-52.54308845,5.3,A6V,22.49,111.29,1.05
HIP 12239,39.40002834,65.74535775,5.8,K5III,4.0,42.97,-8.85
HIP 12247,39.42407297,-3.39606767,5.65,G5III:,10.29,38.95,-44.05
HIP 12272,39.50292393,7.6953766,6.4,F6IV,12.11,87.68,-41.53
HIP 12273,39.50870051,72.81821481,5.17,G8III,12.73,-28.9,15.16
HIP 12287,39.57440986,37.7268226,6.19,F6III,12.08,-38.47,-44.24
HIP 12288,39.57748196,-30.19388274,5.84,F5V,27.99,98.67,-73.97
HIP 12300,39.60312581,-37.99039371,6.48,F6V,18.71,114.2,-62.3
HIP 12305,39.61643512,38.08916502,6.29,B9.5V,4.44,11.92,-9.72
HIP 12318,39.65326455,3.44318549,6.21,G9III,7.46,34.89,7.94
HIP 12332,39.70416245,21.96144509,5.45,A7V,9.41,-7.08,-15.12
HIP 12387,39.87061789,0.3285168,4.08,B2IV,5.04,14.44,-2.53
HIP 12390,39.89054885,-11.87158159,4.83,F5V,36.99,172.01,-236.31
HIP 12394,39.8967653,-68.2669476,4.12,B9III,21.27,87.4,0.56
HIP 12413,39.94966387,-42.89163328,4.74,A2V,25.15,92.11,-15.07
HIP 12444,40.05209879,-9.45268375,5.79,F6V,46.42,-138.45,-78.69
HIP 12447,40.06526184,6.11195277,6.26,F3V:,25.24,51.42,-3.79
HIP 12484,40.16491631,-54.54992422,5.21,F4IV,20.49,32.76,5.24
HIP 12486,40.16638213,-39.85530905,4.11,K0III,22.42,135.17,-27.34
HIP 12489,40.17097186,27.06100903,5.3,A3V,13.97,64.49,-27.29
HIP 12530,40.30779517,-0.69534847,5.72,F7IV,46.24,218.94,-125.3
HIP 12562,40.39221887,-14.54941172,5.98,F5V,20.29,-5.85,55.86
HIP 12584,40.45138697,-3.21377678,6.07,G9III:,4.49,-11.04,-12.48
HIP 12608,40.52746495,-38.3837178,5.99,G8III,8.59,20.46,12.95
HIP 12611,40.53514682,-46.524212,6.09,G8IV,24.47,9.99,-94.3
HIP 12623,40.5622035,40.19438688,4.91,F9V,40.52,-16.84,-182.29
HIP 12640,40.59134429,20.0115769,5.74,A0V,9.64,27.49,-46.08
HIP 12647,40.62062504,10.74178145,6.32,A2V,7.66,-24.27,-23.37
HIP 12653,40.63816025,-50.80082665,5.4,G3IV,58.0,333.73,219.21
HIP 12686,40.74778071,53.5261822,5.85,K0II-III,7.9,57.18,-31.68
HIP 12690,40.75771535,48.26525502,6.3,G5,2.35,5.97,-4.01
HIP 12692,40.76167775,55.10607111,5.76,B7IIIp...,7.76,34.78,-21.32
HIP 12706,40.82551897,3.23617162,3.47,A3V,39.78,-146.43,-145.27
HIP 12708,40.83426702,-40.52793963,6.35,B9V,5.95,14.73,14.11
HIP 12717,40.86027168,-66.71405573,6.23,F5V,18.36,98.55,-80.68
HIP 12719,40.86296031,27.70717078,4.65,B3V,8.82,3.51,-9.97
HIP 12720,40.87043285,-2.53149459,6.48,K0,6.87,18.08,17.39
HIP 12744,40.96353093,25.63833202,6.35,A3V,9.27,-5.2,4.38
HIP 12768,41.02149224,44.2970548,5.43,G0Ib,4.71,2.0,-6.08
HIP 12770,41.03064356,-13.85867594,4.24,B7IV,7.4,-7.58,-8.4
HIP 12775,41.04414752,-52.57056106,6.15,A2V,8.06,-23.37,-14.76
HIP 12777,41.04869991,49.22866639,4.1,F7V,89.03,334.03,-89.96
HIP 12784,41.07954256,17.76401488,6.4,K2III,7.89,36.53,-35.79
HIP 12786,41.08550087,-32.524662,6.21,A1V,9.34,25.29,-21.95
HIP 12803,41.13737997,15.31189952,5.78,B9Vn,6.76,4.29,-15.63
HIP 12821,41.20695883,67.82470926,5.95,A5III,8.02,17.48,-32.55
HIP 12828,41.23488901,10.11421979,4.27,F1III-IV,38.71,285.17,-30.4
HIP 12832,41.23961417,12.44596709,5.17,A7III-IV,26.15,124.1,-84.8
HIP 12843,41.27492276,-18.57265077,4.47,F5/F6V,71.56,330.93,36.28
HIP 12862,41.3369401,4.71173043,6.04,F0III:,19.5,69.35,-41.63
HIP 12871,41.36438582,-63.70453152,5.73,G8III/IV,18.23,19.39,-8.81
HIP 12876,41.38555249,-67.616724,4.83,A2IV/V,11.06,66.5,44.02
HIP 12964,41.68773623,-21.63956244,6.48,F3IV/V,22.18,76.06,16.84
HIP 12982,41.74284779,35.98353306,6.27,G8III,7.93,53.1,-4.07
HIP 12990,41.76501143,35.55481358,6.28,A9V,21.24,-39.11,-54.84
HIP 13008,41.79641948,-22.48565414,6.47,F2V,26.18,-18.93,-39.47
HIP 13036,41.87980947,44.27221537,6.45,F5,1.73,-0.18,-6.95
HIP 13055,41.94847766,81.44866603,5.8,G8p...,6.54,18.78,-78.4
HIP 13061,41.97683942,29.24742385,4.52,K1III,18.06,148.42,-125.76
HIP 13108,42.13359632,18.28387012,5.83,K1III,6.5,42.54,-32.75
HIP 13121,42.19112221,25.18807322,5.89,A0V,7.08,54.17,-3.92
HIP 13133,42.23127335,69.63419857,6.26,A3V,15.99,2.89,37.47
HIP 13141,42.2556956,-62.80659207,5.25,A2V,19.73,94.53,29.02
HIP 13147,42.27233113,-32.40628403,4.45,G8III,19.31,86.96,158.96
HIP 13165,42.32315708,17.46434448,5.26,B6V,5.41,3.65,-14.61
HIP 13176,42.36219739,37.32641914,6.45,F6III-IV,8.6,-20.31,-3.21
HIP 13178,42.37807146,57.08432152,6.25,A5Ia,-0.5,-0.78,-1.53
HIP 13197,42.46247539,-24.55999911,6.14,K0III,8.98,-49.96,-128.23
HIP 13202,42.47562958,-27.94203549,5.39,A1V,5.88,46.55,22.19
HIP 13209,42.49578911,27.26079044,3.61,B8Vn,20.45,65.47,-116.59
HIP 13225,42.56144528,-35.84368582,5.92,K0III,6.52,51.52,20.27
HIP 13244,42.6189035,-75.06688108,4.76,K3III,9.92,-33.95,-27.18
HIP 13254,42.64547584,38.31890838,4.22,F2III,25.54,195.68,-108.92
HIP 13257,42.64707607,36.94864201,6.44,G0,16.46,-8.37,-129.1
HIP 13265,42.66834974,-35.67571664,5.48,K2III,6.14,3.86,-54.37
HIP 13268,42.67413655,55.89552955,3.77,K3Ib comp SB,2.45,16.64,-13.76
HIP 13271,42.69906166,-39.93219929,6.36,A0V,10.02,42.3,-10.16
HIP 13288,42.75977464,-21.0039789,4.76,K0III,17.85,-39.0,-16.63
HIP 13327,42.87319979,15.08212726,5.52,B7V,6.8,31.26,-23.29
HIP 13328,42.87846216,35.05989415,4.56,K5III,7.97,9.29,-63.02
HIP 13339,42.92396836,46.84200204,5.86,G8III,8.21,-26.24,-25.75
HIP 13347,42.9413174,58.31429743,6.46,A1m,11.44,-32.07,-2.39
HIP 13363,42.9840101,-30.81477504,6.38,F6V,31.18,122.99,104.95
HIP 13367,42.99478506,68.88851683,5.94,F5:Ib-II,2.31,2.0,-8.17
HIP 13387,43.07894232,-62.90959822,6.03,K1III,5.89,61.96,6.27
HIP 13402,43.13287752,-12.76925369,6.05,K1V,96.33,398.11,-189.55
HIP 13421,43.2111419,-9.44133236,6.31,A7IV,9.94,110.03,39.62
HIP 13424,43.21677622,52.99738986,6.35,B8III,3.23,0.22,-15.25
HIP 13429,43.22769897,-65.45525503,6.47,K0/K1III,7.04,-6.45,-14.69
HIP 13448,43.29856682,16.48361261,6.3,F5III,9.27,64.47,-62.97
HIP 13462,43.3377866,48.56998491,6.23,G5Iab:,0.63,3.57,-12.31
HIP 13473,43.39313847,-38.43708698,5.93,F5V,16.83,58.88,34.27
HIP 13479,43.39695392,-22.37612257,5.93,G8/K0III,10.73,85.6,-76.11
HIP 13490,43.42740906,38.33767914,5.34,F4Vvar,13.87,47.62,-78.48
HIP 13518,43.52696642,-50.87141943,6.22,K4III,2.93,-2.3,7.24
HIP 13531,43.564427,52.76248991,3.93,G4III...,13.15,-1.99,-4.53
HIP 13654,43.9520949,18.33167607,5.76,M6IIIvar,8.08,-8.08,-14.91
HIP 13665,43.98642959,61.52106281,5.59,F4V,37.78,145.07,30.84
HIP 13679,44.05720205,8.38177807,5.97,F7IV,22.46,69.83,-88.32
HIP 13700,44.1027313,64.33244427,6.17,K3Ibvar,2.55,-3.83,-1.01
HIP 13701,44.10668245,-8.89760976,3.89,K1III-IV,24.49,77.73,-219.99
HIP 13702,44.10825985,18.02365076,5.58,F6V,28.24,281.23,-218.84
HIP 13713,44.13876856,47.16400397,6.05,K3III:,1.67,-2.78,1.05
HIP 13717,44.15602146,-3.71221461,5.16,A3Vn,17.28,-35.75,-43.31
HIP 13732,44.21108016,51.26135139,6.22,K5III,4.83,0.71,-27.7
HIP 13756,44.26901296,4.50097062,6.15,M4III,5.86,20.77,24.44
HIP 13768,44.30380182,-29.85527529,6.29,A2/A3V:+...,6.92,-16.38,-5.53
HIP 13775,44.32200201,31.93429432,5.1,B9p...,8.43,3.02,-31.13
HIP 13782,44.34875521,-23.8620767,5.44,A5IV/V,20.54,101.47,-35.81
HIP 13789,44.38593897,-38.1909517,6.41,A0Vn,9.01,2.61,11.1
HIP 13832,44.50971566,38.61496884,6.06,K3III,2.8,-5.01,-17.76
HIP 13834,44.52114653,20.66881016,5.8,F5IV,31.41,234.79,-31.64
HIP 13835,44.52369967,-23.60613828,5.82,K2III,4.99,71.99,51.95
HIP 13847,44.5654818,-40.30473491,2.88,A4III+...,20.22,-53.53,25.71
HIP 13874,44.67538999,-2.78272383,5.22,A2IV,10.2,-28.7,-62.96
HIP 13879,44.69021034,39.66282739,4.68,A2Vn,10.02,25.88,-40.67
HIP 13883,44.69711267,-9.77646597,6.14,A2m,11.11,-8.26,-16.38
HIP 13884,44.69902505,-64.07129717,4.98,A5III,10.4,22.96,5.39
HIP 13905,44.7654574,35.18311415,4.94,K2III,9.31,-46.49,5.81
HIP 13907,44.77705541,-28.90707982,6.14,K1III,9.61,1.64,-54.67
HIP 13914,44.80305773,21.34044477,4.63,A2Vs,11.15,-13.04,-6.55
HIP 13942,44.90027293,-25.27433851,5.69,F3V,30.92,181.75,84.67
HIP 13947,44.90958178,-32.50722144,6.32,A0V,7.9,7.3,9.67
HIP 13949,44.91611677,41.03305347,5.89,K2,4.18,14.69,-46.4
HIP 13951,44.92151015,-2.46490094,5.56,B9.5V,9.76,-4.56,-20.82
HIP 13954,44.92873469,8.90740111,4.71,B6III,7.69,9.22,-14.92
HIP 13965,44.95742747,47.22063875,5.47,G4p,5.85,11.87,22.35
HIP 13997,45.04950134,38.13180775,6.11,B8Vn,2.93,18.15,-27.76
HIP 14036,45.18372171,10.87047197,5.93,K6,7.39,81.25,-34.38
HIP 14040,45.2119809,-2.87864142,6.11,M2III,4.17,7.41,9.65
HIP 14043,45.21743352,52.35179769,5.24,B7V,4.1,31.2,-21.99
HIP 14060,45.29152748,-7.66283629,5.75,K0II,10.71,97.77,-72.1
HIP 14086,45.40604298,-28.09048221,5.88,G8/K0V,32.94,282.98,-440.9
HIP 14104,45.46782491,5.3361036,6.24,K0,6.62,43.23,19.71
HIP 14109,45.47562665,26.46234187,5.91,A3m,15.24,-13.85,4.93
HIP 14110,45.48372163,-9.96139327,5.84,G6III:,11.55,43.54,-5.52
HIP 14124,45.53845132,-6.49419402,6.2,G0IV-V,30.81,80.54,-143.75
HIP 14131,45.56415553,-71.90249547,5.51,B8III/IV,6.21,27.18,15.95
HIP 14135,45.56991279,4.08992539,2.54,M2III,14.82,-11.81,-78.76
HIP 14143,45.59378383,4.35287042,5.62,B7V,7.32,16.7,5.64
HIP 14146,45.59830468,-23.62433613,4.08,A4V,37.85,-145.96,-55.76
HIP 14168,45.6760804,-7.68546315,5.32,K0II-III,12.65,26.33,-3.55
HIP 14187,45.73267366,-46.97504226,5.81,K2/K3III,3.97,24.77,2.42
HIP 14232,45.8754713,28.26995604,6.38,F0V,20.01,66.87,-20.64
HIP 14240,45.90376552,-59.73761994,5.12,F0IV,23.67,-72.81,-63.89
HIP 14264,45.98645966,47.84849463,6.48,F0,8.97,-8.76,-6.13
HIP 14293,46.06865515,-7.60089934,5.26,A8V,23.22,65.43,17.41
HIP 14315,46.15854814,1.8636056,6.05,K0III,9.65,26.17,-0.68
HIP 14318,46.16938282,15.85624608,6.37,K3III,5.17,-11.92,-91.94
HIP 14328,46.19912598,53.50645031,2.91,G8III+...,12.72,0.5,-4.19
HIP 14354,46.29373754,38.84053298,3.32,M3IIIvar,10.03,128.69,-106.61
HIP 14355,46.29691909,-8.27430166,6.3,K0,7.67,61.13,22.33
HIP 14365,46.33762269,40.58219109,6.06,K0III,7.99,-25.04,-4.29
HIP 14376,46.36119708,25.25519906,5.45,B7Vn,8.11,3.99,-10.1
HIP 14382,46.38510717,56.7055481,4.77,K0II-III,15.95,-13.49,70.34
HIP 14392,46.41728851,56.06902466,6.1,G9III,13.24,17.36,-24.31
HIP 14417,46.53313395,79.41851027,5.49,F7IV comp SB,4.69,-34.64,10.28
HIP 14439,46.59869819,13.18740263,5.64,K3III,10.21,-3.31,-62.68
HIP 14456,46.63953388,-6.08854227,5.23,M3III,6.1,7.12,-5.11
HIP 14502,46.8292369,64.05760178,5.89,B9V,5.85,-13.65,-3.18
HIP 14514,46.85702924,17.87997236,6.13,B1.5V,4.32,-23.54,9.3
HIP 14521,46.88292015,-78.98942329,5.67,F2II-III,13.13,79.07,73.56
HIP 14544,46.94725062,47.30870585,6.38,A3Vnn,13.26,3.96,1.53
HIP 14547,46.95416193,-69.26495674,6.12,K1III,10.86,-37.41,15.1
HIP 14551,46.96168705,-27.8311011,6.18,A3V,17.35,65.72,-20.57
HIP 14566,47.01596021,52.21356389,6.33,B5V,4.7,23.53,-21.57
HIP 14576,47.04220716,40.9556512,2.09,B8V,35.14,2.39,-1.44
HIP 14586,47.08785703,18.79508747,6.24,M0III,5.72,37.88,-14.33
HIP 14607,47.16163978,8.4708913,6.28,G9III,6.97,-3.4,73.32
HIP 14626,47.22576189,62.38459628,6.47,B1V:e,1.62,-1.98,-0.22
HIP 14632,47.26201363,49.61350009,4.05,G0V,94.93,1262.29,-91.53
HIP 14649,47.33375029,20.76115147,6.41,K2,6.44,51.46,-11.77
HIP 14668,47.37345463,44.85788896,3.79,K0III,29.05,173.01,-142.05
HIP 14677,47.40303182,29.07711221,5.74,B8III,2.89,22.14,-13.22
HIP 14719,47.5367829,27.81988947,6.42,A0V,5.42,17.62,-50.91
HIP 14748,47.61268192,26.89607076,6.02,K3III,8.03,2.76,66.86
HIP 14749,47.61348238,-48.73409558,6.11,K1III,8.41,16.73,-25.01
HIP 14757,47.64729714,-23.73862338,6.37,K0III,11.88,60.38,31.18
HIP 14764,47.6615639,11.87269252,5.97,B8V,6.24,30.74,-26.98
HIP 14797,47.77194948,-13.26430421,6.36,F6III,3.16,26.92,8.14
HIP 14814,47.81976899,-16.02493952,6.25,K2III,6.05,-25.66,-11.14
HIP 14817,47.82250605,39.61157075,4.61,K1III,10.69,-26.21,4.78
HIP 14819,47.82824506,-3.81155504,6.08,M1III,4.16,-4.25,-16.65
HIP 14821,47.84136712,13.04780325,6.11,K0IIIp,9.47,-15.66,17.08
HIP 14838,47.90695691,19.72669777,4.35,K2IIIvar,19.44,154.61,-8.39
HIP 14844,47.92855231,81.47071191,5.92,A7III-IV,16.13,-45.62,-0.93
HIP 14862,47.98432711,74.39386878,4.85,A2Vnn,20.15,14.46,-86.21
HIP 14879,48.01783332,-28.98910623,3.8,F8V,70.86,371.49,612.26
HIP 14887,48.0397629,42.37594744,6.15,B4V,4.96,16.44,-17.23
HIP 14893,48.05932746,27.25701296,5.78,B9p Si,8.78,11.77,-18.34
HIP 14913,48.10699596,-44.41965395,5.92,F3V+...,22.83,82.73,-2.61
HIP 14914,48.10981974,47.72608113,6.32,K5III,6.5,73.3,-84.85
HIP 14915,48.10987466,6.66088598,5.55,K1IIIpe+...,4.18,-8.09,-1.26
HIP 14930,48.13808292,-57.32158199,5.71,C5II,2.48,18.65,13.55
HIP 14954,48.19301506,-1.19593294,5.07,F8V,44.69,193.43,-69.23
HIP 14972,48.25620858,-35.94370659,6.29,B9IV/V,6.8,-0.84,7.74
HIP 15004,48.34940955,48.17699884,5.93,G9III,10.47,16.89,-18.75
HIP 15024,48.40806266,-29.80412191,6.17,K1IICN...,7.21,15.47,-3.14
HIP 15110,48.72547816,21.04462873,4.87,A1V,9.59,-29.83,-77.15
HIP 15118,48.73560789,42.50361942,6.07,K2III,14.49,52.72,7.23
HIP 15125,48.75115546,-26.10040647,6.25,A1V,5.95,-10.7,-21.75
HIP 15154,48.83519839,30.55667481,5.61,A1Vs,7.52,-16.56,6.01
HIP 15191,48.94645147,32.85666604,6.3,F4Vwvar,16.13,-8.95,19.02
HIP 15192,48.94988581,57.14062522,5.79,A0Ia,2.02,-1.95,-2.0
HIP 15193,48.95270394,50.95597551,6.46,A0,7.9,30.43,-35.3
HIP 15197,48.95844499,-8.8198405,4.8,A5m,27.18,-3.82,45.52
HIP 15201,48.98899185,-77.38860498,5.51,F4III,34.02,113.2,62.0
HIP 15203,49.00353799,-5.91869682,6.17,B9V,5.29,9.79,-3.59
HIP 15204,49.00763108,34.68860876,6.25,A1m,14.96,41.49,-39.41
HIP 15209,49.01846748,45.34621535,6.15,M2III,3.55,31.94,-33.74
HIP 15219,49.05085271,50.93771066,5.04,G5II,3.91,-1.31,-19.23
HIP 15230,49.09046225,-5.73041469,6.3,K5,3.09,22.06,-20.18
HIP 15241,49.14663457,32.18421948,5.98,G8IV,5.92,-4.1,-83.07
HIP 15244,49.14902114,-9.15474637,6.14,F1V,28.83,1.48,28.93
HIP 15282,49.2976927,40.48305429,6.44,B9p,4.63,13.9,-31.11
HIP 15305,49.36084175,-47.7517377,5.84,K2III,6.89,-6.9,30.31
HIP 15309,49.38141844,65.65835007,6.41,A3V,5.47,-10.33,6.88
HIP 15323,49.41715145,31.12718548,6.4,G0,36.86,-103.09,-56.65
HIP 15330,49.43528798,-62.57689893,5.53,G2V,82.51,1337.83,648.71
HIP 15334,49.4405722,39.28341373,5.97,A2IV,5.37,22.23,-16.69
HIP 15338,49.44721595,44.02508193,5.49,B8V...,5.06,26.61,-23.72
HIP 15353,49.49578856,-66.92688494,6.03,A3V,17.24,57.15,13.07
HIP 15357,49.51038343,-28.797036,5.93,F3V+...,16.14,155.37,-16.12
HIP 15371,49.54640411,-62.50793537,5.24,G1V,82.79,1331.1,646.84
HIP 15382,49.59206509,-22.51114978,4.86,K0III,12.79,12.55,13.07
HIP 15383,49.5928283,-0.93014105,5.62,K1IV,14.68,251.68,-60.59
HIP 15404,49.65717026,50.22223526,5.16,B3V,6.18,22.45,-25.1
HIP 15411,49.67113524,-18.55964006,5.72,F3V,27.33,124.9,-63.27
HIP 15416,49.68259978,34.2226737,4.85,K2II,2.21,1.29,-8.68
HIP 15444,49.78174379,50.09502752,5.05,B5V,6.78,22.38,-25.26
HIP 15457,49.83974536,3.36997055,4.84,G5Vvar,109.18,268.88,93.53
HIP 15474,49.87904033,-21.7579421,3.7,M3/M4III,12.63,51.35,32.2
HIP 15479,49.89542972,-24.1228468,5.63,M1III,2.78,5.94,-22.68
HIP 15510,49.97177014,-43.07154929,4.26,G8V,165.02,3038.08,726.34
HIP 15514,49.9825537,27.07130717,5.91,G8IV,15.88,-24.74,-71.1
HIP 15520,49.99690314,65.65232717,4.74,B2.5Vne,4.07,11.27,-14.32
HIP 15547,50.08158506,77.73490142,5.44,A6V,12.36,64.9,-66.2
HIP 15549,50.08485949,29.04849835,4.47,K2II-III,5.09,-8.21,-16.42
HIP 15557,50.10652697,25.66296628,6.14,K3III:,11.29,11.35,-93.32
HIP 15585,50.18823634,-26.60656152,6.4,F7V,20.59,41.6,22.84
HIP 15619,50.27821082,3.67568149,5.7,G8.5III,11.23,56.05,-25.17
HIP 15627,50.30671225,21.14714057,5.27,B5IV,7.06,21.68,-22.41
HIP 15643,50.35010618,-23.63508924,5.5,G8III,7.75,-24.17,-18.93
HIP 15648,50.36086309,43.32965174,4.96,A3V,21.0,-60.43,-0.38
HIP 15655,50.38927921,-47.77662913,6.4,K0III,7.19,7.04,-13.03
HIP 15669,50.46821583,49.07105892,5.94,F6V,21.86,180.91,-63.45
HIP 15696,50.54954371,27.60757659,5.55,G5III,3.35,4.42,-9.88
HIP 15700,50.5678437,-25.58780402,6.36,A1V,7.25,5.11,0.66
HIP 15737,50.68863399,20.7421051,5.1,K3III,10.23,-49.22,-14.88
HIP 15770,50.80490169,49.2133301,5.32,B5V,5.22,20.7,-24.96
HIP 15776,50.8237481,-7.79356443,6.2,G2V,27.09,2.11,-219.54
HIP 15800,50.90128167,0.91031067,6.47,K0,8.83,-5.1,-92.18
HIP 15807,50.91247448,4.88211155,6.37,G5III,2.92,-6.83,-2.56
HIP 15840,51.00948316,-69.62465075,6.14,A4:V+...,5.48,22.08,18.35
HIP 15850,51.04214254,12.62964221,6.03,K0III-IV,7.06,25.97,-21.32
HIP 15861,51.07693671,24.72418789,5.5,K4III,14.18,15.72,-51.42
HIP 15863,51.08061889,49.86124281,1.79,F5Ib,5.51,24.11,-26.01
HIP 15870,51.10881233,20.80351283,6.07,A1V,10.76,2.55,-9.84
HIP 15876,51.12366306,33.53601771,5.78,A0V,6.19,31.87,-22.99
HIP 15890,51.16900549,64.58599618,5.13,M0II,2.61,-3.24,0.13
HIP 15900,51.20349011,9.02906504,3.61,G8III,15.42,-74.25,-80.31
HIP 15968,51.40105611,-69.33659399,5.96,F3V,25.45,-0.41,64.81
HIP 15987,51.4825644,-35.92087386,6.39,A1IV,10.01,36.34,-4.74
HIP 15988,51.48900306,49.1208226,6.09,B7V,5.41,22.75,-27.12
HIP 16015,51.54903801,-41.63700538,6.33,A1V,7.39,19.61,27.01
HIP 16029,51.59383221,-27.3176091,5.93,K0III,7.52,7.67,53.45
HIP 16042,51.64733938,28.71534096,6.47,G5IV,19.91,41.35,-104.29
HIP 16083,51.79217049,9.7327724,3.73,B9Vn,14.68,53.61,-38.12
HIP 16095,51.82779564,12.73530724,6.29,A0Vs,9.58,11.44,-7.54
HIP 16112,51.88902397,-35.68133899,5.71,K2III,7.02,76.73,6.38
HIP 16142,52.00395041,-11.28648689,5.74,K2III,9.58,-1.48,-46.39
HIP 16147,52.01270885,49.06293148,4.99,B5V,5.72,21.94,-26.83
HIP 16156,52.04791177,-35.85341812,6.49,A1V,9.01,35.67,-3.29
HIP 16168,52.08616659,33.80769703,5.72,A2V,9.51,28.13,-57.43
HIP 16177,52.0981839,60.2557263,6.49,B9V,3.8,23.1,-22.31
HIP 16181,52.11069649,22.80427706,6.03,K0IV,14.44,0.02,-111.4
HIP 16210,52.21794573,49.84844583,5.58,B6Vn,5.89,22.51,-25.55
HIP 16226,52.26585232,3.2486866,6.41,G5,7.16,-2.39,7.27
HIP 16228,52.26722684,59.94033461,4.21,B9Ia,0.76,-0.82,-1.85
HIP 16244,52.34179296,49.50901919,4.67,B3V,5.84,22.16,-29.18
HIP 16245,52.34244352,-62.93843436,4.71,F5IV-V,46.65,383.05,373.11
HIP 16252,52.35943439,46.93793775,6.21,B7V,5.66,22.36,-28.61
HIP 16263,52.40009401,-12.67474889,5.57,A5III/IV,7.76,7.74,4.95
HIP 16266,52.41328224,-6.80423924,6.01,G5,8.72,-84.93,-89.94
HIP 16281,52.47810837,58.87875244,4.55,A0Ia SB:,1.32,-1.94,-1.14
HIP 16285,52.47997851,-42.63425261,5.76,A5V,16.04,-59.48,-1.45
HIP 16290,52.49552432,-78.35178497,5.68,G8III,10.63,-11.26,-26.72
HIP 16292,52.50095974,55.45183695,5.09,A1V,17.07,-45.38,-11.77
HIP 16303,52.54554846,59.36606884,6.14,A2V,9.67,14.07,-50.27
HIP 16310,52.55661496,-41.36951768,6.12,F7V,29.33,-10.4,-172.75
HIP 16319,52.58078888,71.86389717,6.37,M2III,3.81,3.85,0.1
HIP 16322,52.60198294,11.33648129,5.14,A0Vn,7.82,-11.71,-16.08
HIP 16335,52.64367585,47.99517199,4.36,K3III,9.23,1.56,18.13
HIP 16339,52.65374344,-47.3751741,5.98,A2V,8.81,64.6,20.03
HIP 16340,52.65388405,48.10365477,5.82,B8V,3.75,21.23,-24.0
HIP 16341,52.65437447,-5.07516332,4.74,B9Vs,8.57,13.31,7.34
HIP 16358,52.68914607,6.18874381,5.93,G8III,6.31,42.38,-16.79
HIP 16368,52.71534366,-66.4897181,5.81,B8V,3.83,16.99,1.7
HIP 16369,52.71819576,12.93668186,4.14,K0II-III...,9.05,18.94,-1.55
HIP 16424,52.87230329,49.2097738,6.29,A0Vn,6.97,-14.85,-1.32
HIP 16447,52.95433039,49.40109538,6.41,B9III,1.52,-1.68,-0.98
HIP 16449,52.9733836,-25.61411273,6.38,A3IV/V,13.55,53.46,-14.98
HIP 16470,53.03575392,48.02353391,5.47,B8IIIp Mn,5.57,22.84,-23.78
HIP 16489,53.08214603,84.91136314,5.62,G3IIp...,9.18,62.36,-133.04
HIP 16499,53.10960058,46.05704336,5.3,F4IIIvar,27.46,-52.77,-74.74
HIP 16509,53.14465247,-50.37884857,5.67,K3III,10.63,94.26,83.16
HIP 16511,53.14970799,9.37355768,5.76,B9IV,9.18,32.55,-49.15
HIP 16516,53.1624038,44.85577508,6.42,B2IV,2.09,1.12,-6.38
HIP 16518,53.16675711,35.46172039,5.91,B1V,1.99,-6.72,3.66
HIP 16531,53.2144352,-61.01698766,6.42,K0III,7.6,77.48,47.37
HIP 16537,53.23509009,-9.45830584,3.72,K2V,310.75,-976.44,17.97
HIP 16587,53.38412463,58.7653511,6.45,A4III,4.27,13.07,-45.58
HIP 16591,53.39592658,39.89959026,5.79,A5m,18.29,17.06,-45.98
HIP 16599,53.41292455,54.97486087,5.98,A3V,14.71,-41.31,-1.63
HIP 16602,53.42180546,57.8686358,6.37,F7V,13.91,7.0,36.75
HIP 16611,53.44686638,-21.63281597,4.26,B9V,11.02,44.91,-27.47
HIP 16628,53.48672231,-31.08030021,6.2,F5V,23.54,-35.15,76.4
HIP 16641,53.53466813,17.83358303,6.14,K1IVe...,23.57,95.5,-310.56
HIP 16664,53.61093,24.46447543,5.95,A3V,6.28,2.7,-33.96
HIP 16672,53.63990978,-31.87479845,6.39,K3III,2.36,15.36,-1.1
HIP 16677,53.65607976,-9.86827337,6.25,A2V,6.29,20.11,4.99
HIP 16695,53.70456368,6.41773268,6.49,G0,7.43,-23.43,-17.03
HIP 16697,53.71821945,-25.58290648,6.48,K0III,5.44,51.5,33.44
HIP 16712,53.75431434,60.04137677,6.43,F5V,17.86,-22.58,21.52
HIP 16779,53.9885409,-5.12494411,6.49,K0,4.18,-5.41,-4.08
HIP 16780,53.9902171,-11.19397792,5.56,G7III:,8.6,23.65,80.6
HIP 16803,54.07246744,-17.46704107,5.24,B8/B9III,6.89,33.35,-9.65
HIP 16826,54.12233383,48.19270068,4.32,B5Ve,4.66,21.41,-27.58
HIP 16827,54.12576577,-78.32308914,6.29,K2III,4.1,-14.3,6.53
HIP 16846,54.19711994,0.58815498,5.82,G5IV/V +K1IV,34.52,-32.98,-163.45
HIP 16852,54.21882896,0.40283316,4.29,F9V,72.89,-232.69,-482.0
HIP 16870,54.2736588,-40.27451075,4.57,K0III,14.88,2.77,-14.23
HIP 16924,54.44924357,15.43062339,6.4,A5IV,13.52,22.43,-29.51
HIP 16938,54.50069342,42.58290278,6.41,B8Vn,3.93,19.1,-24.59
HIP 16974,54.58210319,56.93279793,6.29,B9p,5.85,26.9,-34.89
HIP 16989,54.62189268,-7.39170945,5.86,G5III:,8.35,-1.06,-63.16
HIP 17007,54.69857269,-27.94311708,6.01,A0V,7.81,21.55,25.85
HIP 17027,54.75469049,-5.62570656,5.97,K1V,28.44,-13.53,-207.06
HIP 17056,54.85456402,75.73960152,6.25,G9III-IV,7.6,-5.71,8.65
HIP 17057,54.85592628,-10.43702564,6.19,G5,8.68,-26.5,-103.7
HIP 17058,54.8571986,16.53676604,6.18,K0III,8.09,40.42,-33.28
HIP 17086,54.90980877,-3.3928423,6.22,G5,9.73,-14.3,-68.94
HIP 17103,54.9630986,3.05684307,5.55,G6III:,8.14,-36.61,8.32
HIP 17120,54.99812309,-1.12121089,6.12,G5,7.74,33.46,-6.42
HIP 17136,55.04766529,-15.22649985,6.35,G8/K0III+..,5.06,-3.76,-14.11
HIP 17167,55.15972132,-5.21069726,5.53,B9IIIp Si,4.41,0.14,-3.64
HIP 17181,55.19293082,25.32952639,6.11,A2IV,6.24,9.58,-13.95
HIP 17203,55.28267183,37.58026421,5.55,B7Vn,4.04,22.86,-27.3
HIP 17214,55.30729338,-11.80249015,6.49,F2III,10.88,81.07,29.82
HIP 17296,55.53894572,63.21675891,5.06,S5.3 SB:,6.27,-16.97,19.34
HIP 17304,55.56207975,-31.93839587,4.99,B5III,4.45,5.16,14.23
HIP 17309,55.57893663,19.70028593,5.68,B9Vn,7.97,5.82,-13.24
HIP 17313,55.59434812,33.96503899,4.97,B0.5V,3.53,4.39,-5.21
HIP 17328,55.63620779,-85.26202284,6.4,B9V,6.78,20.99,24.32
HIP 17342,55.6780592,59.96938466,5.74,K4Ib,1.48,0.56,2.75
HIP 17351,55.70884185,-37.31334485,4.59,K2IIICN...,18.34,-90.81,-71.42
HIP 17358,55.7311754,47.7876533,3.01,B5III SB,6.18,23.83,-41.93
HIP 17378,55.81231706,-9.76519868,3.52,K0IV,110.58,-91.71,742.23
HIP 17395,55.89099355,-10.48561144,5.59,A5m,23.3,-7.97,-20.23
HIP 17408,55.9464229,19.66516969,6.13,G8III,9.39,115.75,-56.56
HIP 17436,56.02650052,-40.66008603,6.45,K1III,10.77,25.07,-83.56
HIP 17437,56.02678089,48.52368506,6.06,K4III,3.94,0.02,-12.02
HIP 17440,56.04814541,-64.80709398,3.84,K0IV SB,32.71,308.39,78.72
HIP 17448,56.07969347,32.28827325,3.84,B1III,2.21,8.11,-10.32
HIP 17453,56.11744538,20.9287701,6.09,A0V,13.39,26.61,-13.8
HIP 17457,56.12711667,-1.16307844,5.24,B7V,4.99,3.62,-5.26
HIP 17460,56.13082016,36.46020384,5.6,A2m,9.83,48.24,-41.44
HIP 17464,56.14110276,-54.27418613,6.29,K1III,12.81,25.49,65.5
HIP 17475,56.17046065,46.09987096,6.1,A7IV,5.69,-1.55,-23.73
HIP 17489,56.20084227,24.28957712,5.45,B7IV,9.75,20.73,-44.0
HIP 17493,56.2102753,-48.06111837,6.49,G8/K0III,6.42,20.0,-74.2
HIP 17499,56.21884811,24.1134484,3.72,B6III,8.8,21.55,-44.92
HIP 17506,56.23526063,-0.29671559,5.56,K4III,9.28,60.54,-1.86
HIP 17527,56.29052841,24.83937337,5.66,B8V,8.87,19.03,-46.64
HIP 17529,56.29851422,42.57854437,3.77,F5IIvar,5.86,-14.59,1.75
HIP 17531,56.30200876,24.46737879,4.3,B6V,8.75,19.35,-41.63
HIP 17534,56.31616344,-47.35945424,5.72,K1III,8.93,-3.07,-9.03
HIP 17543,56.34873335,-71.65823679,6.26,B8V,7.04,21.15,42.99
HIP 17558,56.40463454,38.6762189,6.45,K0,7.09,-30.02,17.9
HIP 17563,56.41846008,6.05002905,5.34,B3V,5.54,20.61,-15.61
HIP 17573,56.45663804,24.36785796,3.87,B8III,9.06,21.09,-45.03
HIP 17579,56.47693278,24.55462128,5.76,B8V,8.43,19.44,-45.36
HIP 17584,56.49685459,45.68194432,5.66,B6V,3.14,17.51,-18.44
HIP 17585,56.50339866,67.20188088,5.79,F0IV,18.06,82.08,-113.37
HIP 17587,56.50971937,63.34506772,4.78,A3V...,4.08,-0.94,-8.41
HIP 17588,56.51203181,24.5280059,6.43,A0Vn,9.21,19.83,-44.38
HIP 17593,56.53542672,-12.1017353,4.43,M1III,6.56,55.59,60.03
HIP 17595,56.5390162,6.80365522,5.91,G9III,9.68,-1.82,-55.42
HIP 17608,56.58150135,23.94846207,4.14,B6IV,9.08,21.17,-42.67
HIP 17618,56.61426555,-29.33816606,5.91,A2V,9.9,7.18,3.8
HIP 17651,56.71245432,-23.248438,4.22,F3/F5V,55.79,-159.86,-528.54
HIP 17678,56.80929799,-74.23924251,3.26,M2III,15.23,51.07,115.27
HIP 17702,56.87110065,24.10524193,2.85,B7III,8.87,19.35,-43.11
HIP 17707,56.88383173,55.92204893,6.09,B9Vnn,7.56,27.11,-36.61
HIP 17717,56.91508473,-23.87479582,5.24,A1V,11.98,48.02,49.01
HIP 17732,56.95431974,32.19549815,6.26,G0,17.92,-23.69,-34.29
HIP 17734,56.95668288,-36.10582931,6.21,B8V,6.16,12.52,18.34
HIP 17738,56.98342907,-30.16732063,5.52,G6III,11.55,26.2,-231.06
HIP 17759,57.02732709,24.98848495,6.44,K5,4.42,-27.81,-28.15
HIP 17771,57.06771677,11.14336637,5.08,B3V,5.77,28.25,-29.82
HIP 17772,57.07533696,50.73677203,6.18,B8Vn,5.49,-7.58,-1.99
HIP 17776,57.08668426,23.42136355,5.44,B8V,9.64,19.14,-46.8
HIP 17798,57.14884582,-20.90293608,5.81,K5III,3.93,-29.81,-16.7
HIP 17797,57.14926223,-37.62012878,4.3,A+...,20.23,75.83,-10.69
HIP 17805,57.16215134,0.22787124,5.91,K3III,6.58,65.55,-6.01
HIP 17832,57.23712973,23.85727243,6.47,F0,13.44,46.92,-56.45
HIP 17846,57.283845,43.96302293,5.95,A9IV,14.43,-7.03,29.53
HIP 17847,57.29054669,24.05352412,3.62,B8III,8.57,17.77,-44.7
HIP 17851,57.29668368,24.13682565,5.05,B7p,8.42,18.71,-46.74
HIP 17854,57.30708659,70.87120237,5.4,A2m,10.02,20.91,-62.7
HIP 17858,57.33218998,57.11832721,6.46,A0Vn,6.14,28.3,-24.42
HIP 17874,57.36367035,-36.2001125,4.17,G8III,15.54,-49.42,-56.63
HIP 17884,57.38035594,65.52600645,4.39,M1III,3.38,-2.5,-13.98
HIP 17886,57.3862602,33.09138142,5.14,A3V,10.96,-18.15,0.3
HIP 17891,57.40258833,63.29710438,5.82,A5Vn,14.11,-17.8,-56.65
HIP 17900,57.43133245,23.71196331,6.17,B8V,8.58,16.5,-44.53
HIP 17921,57.47940839,22.24426286,6.05,B8III,10.14,23.88,-45.9
HIP 17932,57.5185476,44.96792105,5.65,G2III...,9.41,-37.8,-26.82
HIP 17950,57.56710121,-1.52263503,6.47,F2,22.22,102.33,25.09
HIP 17954,57.57881165,25.57964862,5.24,A2V,16.96,36.37,-117.95
HIP 17959,57.58948256,71.33236777,4.59,A2IVn,9.73,18.27,-42.0
HIP 18033,57.81607255,13.0461317,6.3,B9p Si,7.36,20.62,-22.18
HIP 18067,57.92395956,68.50753643,6.31,B9IVp,3.97,15.92,-20.89
HIP 18081,57.97381828,34.3591292,5.78,B1V,3.15,4.28,-4.22
HIP 18089,58.00093529,6.53491424,5.66,B5V,4.63,7.6,-2.8
HIP 18094,58.01855904,31.16866588,6.22,A5V,7.93,-12.36,-36.3
HIP 18141,58.17355849,-5.36124167,5.48,B8+...,6.49,3.24,-7.1
HIP 18170,58.29149356,17.32715595,5.97,F4V,24.14,143.97,-29.93
HIP 18173,58.30386773,-18.43444969,6.21,K0/K1III+..,4.67,2.8,1.17
HIP 18199,58.38876601,-46.8935886,5.93,K3III,9.06,17.65,-35.18
HIP 18201,58.39360035,25.68296603,6.35,A2V,6.82,21.06,-34.22
HIP 18212,58.41112532,48.65056848,5.76,K0III,7.58,37.72,-30.08
HIP 18213,58.41218403,-34.73229529,5.11,B6/B7V,9.19,31.99,-0.81
HIP 18216,58.42784574,-24.61221253,4.64,B5V,8.46,30.93,-7.18
HIP 18217,58.42996876,57.97536931,5.8,A5m,19.14,85.08,-93.81
HIP 18246,58.53299363,31.88365776,2.84,B1Ib,3.32,4.41,-9.15
HIP 18255,58.57286091,-2.95473348,4.46,G8III,9.46,26.42,1.49
HIP 18262,58.59657689,-40.357029,5.7,K0III...,6.32,-22.06,8.3
HIP 18275,58.64139696,-52.69033035,6.46,A4V,9.33,26.97,-39.2
HIP 18339,58.81739077,-12.09905104,5.99,Ap SrEu(Cr),20.41,-76.94,-22.14
HIP 18396,58.99232459,47.87147012,5.39,B6V,3.86,17.57,-20.62
HIP 18401,59.01624183,-63.46384651,6.14,K1/K2III,8.79,70.38,52.83
HIP 18428,59.11523947,-13.59754104,6.37,M1III,0.81,9.3,4.19
HIP 18434,59.11953366,35.0809084,5.49,B1.5V,3.36,2.56,-3.96
HIP 18438,59.12639054,71.82163081,6.31,A5m,16.64,-52.27,-10.0
HIP 18453,59.15181574,50.69569169,5.28,F5IV,24.51,94.13,-127.9
HIP 18455,59.15792309,-9.75085732,6.18,F1V,9.41,51.1,5.43
HIP 18471,59.21680322,22.47825021,5.62,F2IV,22.31,69.43,-114.82
HIP 18481,59.25706793,6.04013209,6.09,A2Vn,13.26,37.24,-67.99
HIP 18485,59.26584139,23.17559132,6.05,B9.5IV,6.14,8.95,-16.98
HIP 18488,59.28455287,61.10891703,4.99,K3I-II,1.76,-3.4,-14.06
HIP 18505,59.3559814,63.07224944,4.95,B9.5V,9.65,7.58,6.01
HIP 18508,59.35993764,24.46195525,6.19,K0,3.04,-5.99,-7.33
HIP 18532,59.46342138,40.01027315,2.9,B0.5V,6.06,12.61,-24.06
HIP 18543,59.50720862,-13.50824471,2.97,M1IIIb Ca-1,14.75,60.51,-111.34
HIP 18565,59.62139176,38.84034955,6.32,K1III:,7.83,40.99,-39.3
HIP 18592,59.67864137,-57.10238788,6.05,F2IV,16.2,25.85,11.55
HIP 18597,59.68640623,-61.40015059,4.56,M2III,6.15,9.79,-14.39
HIP 18606,59.71842188,-5.46952376,5.85,G9V,22.88,-46.75,-174.03
HIP 18614,59.74124892,35.79102701,3.98,O7.5Iab:,1.84,1.92,2.3
HIP 18647,59.87555244,-12.57433214,5.61,K4III,3.66,-1.4,-38.11
HIP 18658,59.91839435,10.33041083,6.35,F5V,25.42,133.06,-3.5
HIP 18673,59.98115045,-24.01625677,4.62,Ap Si,9.85,11.41,17.08
HIP 18717,60.15369368,17.29673453,6.31,A0V,3.53,2.57,-30.81
HIP 18723,60.1692644,-30.49070974,5.93,A1V,9.09,47.49,5.15
HIP 18724,60.17008591,12.49037571,3.41,B3V + A,8.81,-8.15,-11.98
HIP 18735,60.20285787,18.19406866,5.89,F4V...,21.99,129.49,-28.27
HIP 18744,60.2241876,-62.15936923,4.48,M4III,6.65,1.8,34.95
HIP 18769,60.31181383,36.98948395,6.39,A0V,8.74,-6.13,-2.72
HIP 18772,60.32529605,-61.07905148,4.97,K4III,9.85,66.66,94.51
HIP 18788,60.38347446,-1.54962625,5.28,B5V,7.2,27.96,-13.79
HIP 18805,60.44222088,9.99801393,5.67,B5V,5.77,5.59,1.13
HIP 18859,60.65273634,-0.26831052,5.38,F5V,52.0,151.2,-252.03
HIP 18907,60.78907003,5.98930909,3.91,A1V,25.24,5.52,-1.63
HIP 18926,60.85311396,-20.14379271,6.47,B3V,3.41,-0.2,-1.4
HIP 18957,60.93584928,5.43563754,5.32,B3V,3.12,1.23,-5.4
HIP 18975,60.98543787,8.19720135,5.45,F2V,27.8,168.35,27.98
HIP 18990,61.0360431,-16.58857827,6.36,K2/K3III/IV,7.2,93.93,-61.63
HIP 18993,61.04078184,2.82725258,5.36,F6IV,28.87,149.52,-125.67
HIP 19009,61.09030699,24.1060264,5.46,G0III...,3.42,-0.31,-13.82
HIP 19011,61.09461008,-12.79233884,5.62,K1III,8.12,15.85,17.95
HIP 19018,61.11318196,59.15550819,5.0,F0II,1.88,-1.79,-0.38
HIP 19037,61.17038255,-20.38183041,6.12,K1II,7.28,17.14,-13.78
HIP 19038,61.17357446,22.0820679,4.36,K0III,18.04,91.73,-58.52
HIP 19076,61.33395641,22.00922152,5.9,G5V,59.79,172.61,-130.08
HIP 19095,61.40543294,-27.65203636,5.59,F0IV/V,23.16,200.52,94.21
HIP 19111,61.44469987,-20.51253638,6.34,G8/K0III,10.47,-27.24,-10.81
HIP 19121,61.48538995,-8.85608374,6.27,A3V,12.26,22.85,-8.62
HIP 19129,61.51320978,68.67996526,5.88,K2III,5.23,7.29,3.0
HIP 19167,61.64606374,50.35135022,4.25,A0IVn,9.41,-13.03,-36.37
HIP 19171,61.6516583,27.60002519,5.18,B9p Si,6.6,22.13,-50.18
HIP 19172,61.6524278,54.00888446,6.31,K0III-IV,10.21,55.34,-90.98
HIP 19177,61.66171942,65.52085977,6.14,A3m,7.13,20.25,-25.47
HIP 19205,61.75215574,29.00128762,5.21,F1V,36.26,-94.03,4.9
HIP 19222,61.7946778,74.00051743,6.49,K0,7.97,26.52,-65.22
HIP 19233,61.83871877,-64.22310952,6.37,G3V,43.12,185.91,336.76
HIP 19261,61.92460942,15.16284328,6.02,F3V,21.27,127.06,-22.75
HIP 19284,61.99754752,17.33992101,5.89,K5III,9.46,7.66,-10.06
HIP 19302,62.06442382,37.72797171,6.07,K1III,22.66,-100.33,-197.03
HIP 19335,62.15206221,38.04022796,5.52,F7V,46.87,163.93,-203.52
HIP 19343,62.16530527,47.71259359,3.96,B3Ve,5.89,20.19,-33.26
HIP 19376,62.25650273,13.39829829,5.94,B9.5V,7.32,14.76,-7.3
HIP 19388,62.29125233,19.60929366,5.51,K2III,11.21,107.44,-31.64
HIP 19398,62.32431793,-16.38587725,5.45,B5IV,4.49,-1.08,0.99
HIP 19400,62.34233945,54.82908817,6.25,F5V,21.09,71.89,-93.2
HIP 19412,62.3649005,59.9080759,6.29,G8II,3.04,-4.17,-2.05
HIP 19434,62.42931953,3.3228449,6.49,F2,15.96,-50.92,-60.89
HIP 19454,62.5009327,86.62635165,5.84,F5IV,24.44,142.7,-87.62
HIP 19461,62.51160698,80.69867409,5.1,G8III+...,9.44,-11.57,3.0
HIP 19483,62.59383269,-6.92382327,5.44,G8III,8.65,3.44,-11.99
HIP 19509,62.69118936,-35.27372401,6.43,K2IIIp...,2.75,-20.06,-26.02
HIP 19511,62.69890202,-8.81982097,5.7,G9III:,10.06,48.06,2.84
HIP 19513,62.70783742,26.48103948,5.39,F2IV-V,16.72,-30.81,-36.1
HIP 19515,62.71013758,-41.99374121,4.93,A9V,18.61,199.09,69.1
HIP 19525,62.74592506,33.5868138,5.75,K1II-III,5.95,-1.52,-8.91
HIP 19554,62.83414887,5.52303505,5.71,F4V,25.89,146.86,5.0
HIP 19571,62.90073099,-20.35627812,5.8,A1V + (F/G),13.06,45.73,49.83
HIP 19587,62.96638834,-6.8377787,4.04,F2II-III,25.98,11.92,81.28
HIP 19590,62.9837506,-8.83750229,6.45,G5,6.09,61.57,6.96
HIP 19601,63.00108195,-17.27460047,6.41,K0III,9.5,21.02,-54.17
HIP 19641,63.13051946,17.27750726,6.09,K0III,11.42,49.14,-19.59
HIP 19672,63.21353012,22.41348359,6.14,B9IIIsp...,3.16,-3.69,-10.57
HIP 19673,63.21614655,68.50113286,6.33,K0,8.43,-33.32,8.91
HIP 19719,63.38794242,7.7160341,5.29,F3V...,27.04,-3.99,4.45
HIP 19720,63.39397797,10.2125193,6.24,B8Vn,6.49,26.34,-25.19
HIP 19721,63.39880393,-40.35783872,6.36,K3III,3.26,10.69,30.91
HIP 19725,63.40894148,-1.1497257,6.45,B5IV,2.33,4.63,-4.66
HIP 19730,63.43669669,72.1262304,6.05,K1III,8.92,8.51,-34.13
HIP 19736,63.45762496,12.75374144,6.25,K0,9.09,11.6,-16.6
HIP 19740,63.48496228,9.26389844,4.84,G5III,8.78,-9.42,-30.6
HIP 19746,63.49887528,37.96713609,6.47,G9III,8.28,-49.28,4.58
HIP 19747,63.5003388,-42.29387294,3.85,K1III,27.85,41.89,-203.65
HIP 19777,63.59872149,-10.2558889,4.87,K3III,15.8,-7.61,-162.11
HIP 19780,63.60596306,-62.47397888,3.33,G7III,19.98,41.64,49.72
HIP 19799,63.65099178,10.01143911,5.22,B9Vn,6.88,-6.57,-13.44
HIP 19805,63.7022883,-62.19204942,5.45,K0III,12.21,-2.96,97.94
HIP 19810,63.71697289,37.54268034,6.31,G5,7.78,-8.9,-4.28
HIP 19811,63.72212566,40.48372394,4.67,G5II comp,5.2,9.72,-21.58
HIP 19812,63.72440722,48.40937312,4.12,G0Ib...,4.51,5.04,-17.35
HIP 19823,63.75749346,57.46036262,6.06,A4III,2.49,-3.09,-0.49
HIP 19849,63.8234923,-7.64455846,4.43,K1V,198.24,-2239.33,-3419.86
HIP 19859,63.8702703,6.18712133,6.32,G0IV...,47.2,-109.37,-108.35
HIP 19860,63.88352173,8.89240989,4.27,B3IV,7.5,20.39,-21.75
HIP 19877,63.9425602,15.40074874,6.31,F5Vvar,22.51,114.38,-22.07
HIP 19893,64.00621426,-51.48709578,4.26,F4III,49.26,100.57,184.23
HIP 19917,64.08717814,-60.94854291,6.34,Ap EuCr(Sr),8.41,43.73,25.01
HIP 19921,64.12118133,-59.30174841,4.44,K2IV,54.84,-47.99,-167.81
HIP 19949,64.17960437,53.61180318,5.2,A2Vn,9.24,-16.99,-1.68
HIP 19968,64.22311681,61.85004125,5.69,B5Vn,7.97,6.07,-21.36
HIP 19983,64.28363443,57.86047655,5.72,K1III,12.38,24.16,-50.06
HIP 19990,64.31535896,20.57874033,4.93,A3m,34.87,-40.88,-61.45
HIP 19996,64.33012941,-6.47215975,5.95,G8III:,5.92,-15.13,-7.31
HIP 20020,64.41777199,-63.25549171,5.88,B+...,7.05,5.48,35.53
HIP 20039,64.46602609,80.53576106,6.39,K0,3.45,-11.62,9.28
HIP 20042,64.47341068,-33.79833145,3.55,B9V,18.27,62.31,-6.75
HIP 20049,64.49656949,-80.21418106,5.67,K2/K3III+..,8.0,28.26,61.02
HIP 20063,64.53371946,42.14124624,6.22,B9V,8.39,23.04,-35.77
HIP 20070,64.56073112,50.29563944,4.6,A2V,10.25,46.59,-56.43
HIP 20075,64.56697503,-20.71530624,6.0,M4III,3.12,4.85,19.17
HIP 20087,64.59642362,21.57937928,5.64,F0V,18.25,96.42,-33.92
HIP 20106,64.65608026,-22.9698285,6.09,A3m...,10.86,51.96,43.85
HIP 20109,64.66658653,-52.86027488,6.08,A8V+...,13.49,45.84,73.1
HIP 20138,64.76204095,-33.90462785,6.36,A+...,8.61,-2.11,4.53
HIP 20156,64.80492598,50.04883763,5.46,A7V,12.59,62.89,-58.65
HIP 20161,64.8193549,-44.26783026,5.33,K2III,14.1,63.14,-36.63
HIP 20171,64.85866225,21.14241058,5.5,B9IV,12.2,29.49,-42.73
HIP 20186,64.90286245,21.77359174,5.34,A0p Si,10.32,29.77,-41.39
HIP 20188,64.90594457,10.12153616,6.31,K0,5.59,-16.92,-40.9
HIP 20205,64.94805793,15.62770031,3.65,G8III,21.17,115.29,-23.86
HIP 20219,64.99014508,14.03524954,5.58,F3V...,22.31,115.42,-19.91
HIP 20231,65.04145111,31.9532067,6.16,K5,3.98,-1.12,-13.23
HIP 20234,65.0479676,50.92095135,5.55,B1.5IV,2.74,0.57,-7.56
HIP 20241,65.06007219,41.80815345,5.95,K0III,9.42,16.12,-34.45
HIP 20250,65.08847817,27.35094069,4.97,K1III,9.53,-29.04,-76.97
HIP 20252,65.10273351,34.56674228,4.93,G8III,14.42,-24.95,-7.0
HIP 20255,65.10431578,18.74272543,6.11,F3:V...,21.12,119.59,-48.17
HIP 20261,65.15101968,15.09550358,5.26,F0V,21.2,108.79,-20.67
HIP 20263,65.16078257,-6.24585928,6.15,G8IV:,15.83,92.46,-55.7
HIP 20264,65.16248826,-20.63959902,5.38,A0V,7.05,26.13,-9.4
HIP 20266,65.16818726,65.14045287,5.26,G5III,9.8,-28.52,-4.7
HIP 20268,65.17188935,6.13090686,5.76,G8III-IV,7.62,-13.06,-44.79
HIP 20271,65.17846608,-7.59249081,5.85,B5III,4.31,4.47,-1.1
HIP 20284,65.2194062,13.86447069,6.15,F6V...,21.8,105.29,-17.97
HIP 20297,65.24179812,-81.58022679,5.78,F0/F2III,18.61,9.07,126.08
HIP 20341,65.36270888,-0.09786658,5.86,K2,6.98,-19.81,-124.66
HIP 20347,65.38038046,-25.72845717,6.08,F2V,18.4,37.06,-50.38
HIP 20354,65.38811942,46.4989629,4.8,B4IV,7.03,21.41,-34.97
HIP 20360,65.40629627,-6.28413788,6.45,A0,6.54,5.14,-13.89
HIP 20376,65.44826292,60.73590167,5.4,M0III,7.64,56.7,-113.66
HIP 20380,65.46592207,56.50630039,5.91,A3V,10.53,-14.56,7.06
HIP 20384,65.47173239,-63.38681514,5.24,G7III,8.58,85.2,174.37
HIP 20400,65.51437351,14.07725051,5.72,A3m,21.87,114.04,-21.4
HIP 20417,65.59471274,20.82141842,5.91,M0III,1.86,-1.99,-1.04
HIP 20430,65.6455435,25.62935771,5.38,B9V,12.19,20.37,-17.88
HIP 20455,65.73344722,17.5425843,3.77,G8III,21.29,107.75,-28.84
HIP 20456,65.74128194,59.61628914,6.18,A4V,8.62,35.93,-44.13
HIP 20465,65.77358735,-24.89211883,5.81,K5III,7.18,19.59,-15.64
HIP 20467,65.78232507,-35.54484031,6.38,K1III,3.88,-1.62,10.27
HIP 20484,65.8541598,16.77732694,5.64,A1m,21.17,105.09,-27.62
HIP 20493,65.8848204,20.98212975,6.0,B8IV-V,6.77,15.93,-35.07
HIP 20498,65.89916321,42.42799219,6.25,A1sp...,5.9,21.03,-34.14
HIP 20507,65.92033483,-3.74533244,5.17,A2V,15.66,-47.92,-56.73
HIP 20522,65.96599009,9.46098377,5.1,A3V,8.23,-21.02,-6.65
HIP 20533,65.99899568,24.30102325,6.34,B3V,4.49,4.54,-12.94
HIP 20535,66.00902233,-34.01698632,3.97,K4III,11.95,73.77,57.57
HIP 20542,66.02372401,17.44421161,4.8,A7V,22.36,109.99,-33.47
HIP 20552,66.05133135,-57.07115747,6.28,G4V+...,36.92,-104.32,-73.73
HIP 20558,66.06030427,12.158041,6.42,K0,4.57,15.83,-22.23
HIP 20579,66.12141978,34.1308408,5.73,B8V,5.34,20.5,-34.17
HIP 20591,66.15593384,33.95988843,5.77,F4V,24.0,54.69,-83.07
HIP 20614,66.23774871,19.0420923,5.97,F4V,20.4,110.73,-32.5
HIP 20619,66.27233379,-61.23824628,5.94,K4/K5III,5.08,-18.82,21.69
HIP 20630,66.32957233,-44.16105659,6.38,F6V,27.0,27.33,65.64
HIP 20635,66.34207825,22.29398098,4.21,A7IV-V,21.27,105.49,-44.14
HIP 20641,66.35393596,22.2001124,5.27,A7V,22.65,112.45,-47.06
HIP 20648,66.37215593,17.92798917,4.3,A2IV,22.05,108.26,-32.47
HIP 20661,66.40522319,15.94108006,6.44,F7V,21.47,104.62,-28.83
HIP 20698,66.50556292,4.37348976,6.37,K0,5.17,22.87,-16.01
HIP 20704,66.52607257,31.43920664,5.29,K1III,13.42,76.7,-121.54
HIP 20711,66.57664484,22.81369394,4.28,A8Vn,21.07,108.66,-45.83
HIP 20713,66.58613217,15.6183462,4.48,F0V...,20.86,114.66,-33.3
HIP 20715,66.58792035,8.59028189,6.06,B6IV,5.46,3.43,-5.46
HIP 20732,66.65156991,14.71385764,4.69,G8III,7.17,-7.57,-31.15
HIP 20765,66.73722642,-24.0812884,6.11,A3V,9.0,-6.88,-14.09
HIP 20771,66.75273055,2.0795598,6.23,K1III,8.26,73.76,-61.95
HIP 20772,66.75360139,57.58533041,6.28,A0III,4.32,7.47,-16.75
HIP 20776,66.76206107,80.82421018,5.42,G6III:,3.48,12.94,-20.9
HIP 20781,66.77465426,-46.94683571,6.1,F8V,30.82,66.47,-275.4
HIP 20789,66.82269876,22.99636881,5.53,B7V,7.86,-0.35,-13.25
HIP 20804,66.86987518,11.21233208,5.87,B8IV,6.7,-2.51,-13.2
HIP 20825,66.94184598,-62.52121428,5.74,K0III,9.92,-11.73,3.5
HIP 20842,67.00300662,21.62000558,5.72,Am,20.85,98.82,-40.59
HIP 20848,67.01508838,1.85858198,6.14,G9III,9.33,28.61,9.55
HIP 20856,67.03948044,-41.95983905,6.41,M1III,3.04,-14.68,2.56
HIP 20860,67.05539751,83.80776284,5.51,B5V,4.76,-4.23,11.25
HIP 20873,67.0972362,14.74102599,5.9,F0IV,18.42,109.72,-21.27
HIP 20877,67.10985479,16.35962902,4.96,K2IIIvar,16.78,8.12,17.79
HIP 20884,67.13378878,1.38087416,5.53,B3V,8.47,17.66,-21.97
HIP 20885,67.14346805,15.96221721,3.84,G7III,20.66,104.76,-15.01
HIP 20889,67.15388879,19.18052092,3.53,K0III,21.04,107.23,-36.77
HIP 20892,67.16256011,-19.45859808,5.95,K2III,10.09,37.76,-113.46
HIP 20894,67.16531219,15.8709468,3.4,A7III,21.89,108.66,-26.39
HIP 20901,67.20875444,13.04763905,5.02,A7V,20.33,105.17,-15.08
HIP 20904,67.21656906,30.36154112,6.38,F7V,18.42,23.05,-20.33
HIP 20922,67.27885535,-13.04836725,5.61,B2V:ne,2.07,0.3,-0.95
HIP 20934,67.33351038,-46.51535931,6.13,K1III,8.32,51.93,36.72
HIP 20982,67.50249474,83.34013144,5.47,G8III,10.74,-46.72,101.95
HIP 20985,67.50960322,10.26240493,6.47,G8III,8.92,-25.03,-78.44
HIP 20995,67.53555351,15.63789864,5.58,F0V...,22.93,107.59,-23.92
HIP 20997,67.54163691,-13.59237369,6.22,K0III,7.54,17.9,0.6
HIP 21029,67.63987124,16.19407556,4.78,A6IV,22.54,104.98,-25.14
HIP 21036,67.65541066,13.72445018,5.4,F0V,21.84,108.06,-19.71
HIP 21038,67.66000962,32.45781487,6.18,B9.5Vn,10.63,7.97,-19.24
HIP 21039,67.66177772,15.69193829,5.47,Am,22.55,104.17,-24.29
HIP 21042,67.66803902,-35.65358006,5.95,K0II,8.92,1.51,31.23
HIP 21060,67.70874038,-44.95374351,5.07,B2IV-V,4.59,2.44,-2.48
HIP 21082,67.77985394,15.10516513,6.28,M3III,7.16,42.72,-52.75
HIP 21108,67.85040925,40.01021496,6.25,B8V,1.91,0.83,-9.09
HIP 21110,67.85775563,-13.64411979,6.25,A2/A3V,8.16,-17.46,-42.03
HIP 21137,67.96538757,15.8516387,6.01,F4V...,22.25,107.59,-32.38
HIP 21139,67.96945612,-0.04399115,4.91,K3II-III,3.93,-3.76,-8.17
HIP 21144,67.98726375,36.74285269,6.35,G5,8.47,4.23,-67.69
HIP 21148,68.00767912,53.91084467,5.78,B0III SB,-1.53,-3.19,-5.99
HIP 21152,68.01975915,5.41001999,6.37,F5V,23.13,114.15,6.17
HIP 21192,68.15642848,-3.20950026,5.76,B9III,7.61,17.97,-16.69
HIP 21239,68.34202729,-10.78540651,6.06,K0,3.45,-0.82,30.04
HIP 21242,68.35374601,43.06388024,6.09,F0V,15.48,5.65,5.34
HIP 21247,68.37758981,72.52882555,5.94,A8m,8.74,29.36,-90.83
HIP 21248,68.3776229,-29.76583186,4.49,K0III,26.22,-114.35,-271.56
HIP 21251,68.38767313,18.01676291,6.24,B9IVn,7.71,12.44,-16.74
HIP 21253,68.39208243,-62.82363051,5.79,K1III,21.74,-117.21,-19.34
HIP 21269,68.45074507,9.41362272,6.01,G8III,6.93,-6.14,-22.96
HIP 21273,68.46189659,14.84448749,4.65,A8V,21.39,103.69,-25.94
HIP 21278,68.47804057,-6.73889608,5.71,B9p Si,4.18,-2.65,-4.76
HIP 21281,68.49882684,-55.04500559,3.3,A0V:,18.56,58.06,12.73
HIP 21295,68.53448353,5.56863495,5.67,A2Vs,7.99,-15.58,-7.77
HIP 21296,68.54850732,-8.23135939,5.2,M3III,4.05,-22.42,2.88
HIP 21297,68.54913224,-8.96998497,5.24,K4III,4.96,-36.27,-112.18
HIP 21298,68.55919586,-6.83771702,6.09,K2III,6.36,-23.27,-37.78
HIP 21323,68.65830037,28.96120368,5.88,B9p...,7.0,-0.64,-21.87
HIP 21324,68.65888456,-24.04054358,6.37,K1III,7.54,14.91,18.05
HIP 21363,68.75269677,-19.92152085,6.12,K2IIICN...,9.88,103.0,56.28
HIP 21393,68.88779874,-30.56231049,3.81,G8III,15.62,-48.92,-12.75
HIP 21402,68.91347315,10.16091706,4.25,A5m,21.68,44.89,-52.42
HIP 21408,68.92739034,19.88183123,6.33,G5II-III+..,7.03,-21.88,-16.5
Aldebaran (α Tau),68.98000195,16.50976164,0.87,K5III,50.09,62.78,-189.36
HIP 21428,69.00696699,-3.6116221,6.34,B7III,3.73,1.1,-7.86
HIP 21444,69.07975243,-3.352448,3.93,B2III SB,5.56,1.73,-4.54
HIP 21452,69.10096877,64.26162001,5.91,A1V,7.36,-26.03,-7.37
HIP 21459,69.12111497,23.34098574,6.01,F5IV,22.6,109.97,-53.86
HIP 21476,69.17264013,41.26485467,4.25,G8II comp,5.08,-5.42,-19.19
HIP 21479,69.1903235,-62.07698129,5.59,M8e,16.02,-68.46,-71.22
HIP 21486,69.21225109,-30.71679507,6.28,Ap...,8.28,-13.58,6.65
HIP 21515,69.30698431,0.99832711,5.32,B7V,3.85,-4.91,-5.34
HIP 21517,69.31158471,18.54304801,6.49,F5Ib,3.12,-3.76,-6.77
HIP 21525,69.33020095,-41.87306444,6.4,A3Vs...,9.1,24.76,49.44
HIP 21547,69.40044421,-2.47339212,5.22,F0V,33.6,43.32,-64.23
HIP 21588,69.53906817,16.03338888,5.78,F0V,21.96,113.05,-40.4
HIP 21589,69.53917371,12.51087423,4.27,A6V,21.79,101.73,-14.9
HIP 21594,69.54529558,-14.303587,3.86,K1III,29.84,-77.86,-178.06
HIP 21604,69.56599361,20.68474222,5.85,B8V,9.03,-13.89,-8.23
HIP 21611,69.59060165,-77.65597754,6.05,K2III,4.98,-7.03,-10.49
HIP 21644,69.72330721,-12.12307828,4.99,A0V,14.34,-65.1,-17.68
HIP 21666,69.76787044,-51.67279617,6.45,K2III,4.97,13.58,18.12
HIP 21670,69.77542864,7.87098753,5.38,A5m,19.44,91.87,-4.56
HIP 21673,69.78832206,15.80003442,5.08,A4m,21.49,32.4,-77.67
HIP 21683,69.81854938,15.9180242,4.67,A5Vn,20.51,82.4,-19.53
HIP 21685,69.83182532,-14.35888729,5.46,K0III,16.42,121.08,-125.41
HIP 21689,69.84640616,25.2183027,6.21,A5Vn,8.97,16.82,-11.73
HIP 21718,69.94670263,-1.05243771,6.11,K0,5.64,22.83,-8.78
HIP 21727,69.97786313,53.07957406,5.07,K0III SB,6.58,-7.38,-15.95
HIP 21730,69.99180673,53.47323647,5.36,A8V,11.76,35.88,-88.79
HIP 21735,70.01424281,12.19764088,5.45,B8IV,9.46,-1.29,-12.98
HIP 21743,70.02852595,-24.48241131,5.56,G6/G8III,10.34,-69.92,17.7
HIP 21763,70.11039135,-19.67125686,4.32,M3/M4III,9.03,28.21,-97.09
HIP 21770,70.14092957,-41.86357034,4.44,F2V,49.67,-141.18,-74.95
HIP 21819,70.33223225,28.61506693,5.73,A2V,9.74,37.35,-30.04
HIP 21823,70.35037233,48.30098864,5.66,A0V,10.48,44.67,-44.2
HIP 21847,70.45865407,38.28042013,5.97,G0V,32.03,241.54,-97.88
HIP 21861,70.51435953,-37.14476616,5.04,F3V,36.16,46.9,193.14
HIP 21881,70.56126452,22.95697545,4.27,B3V,8.14,-2.84,-20.33
HIP 21914,70.69356887,-50.48141805,5.3,K0/K1III,9.5,-35.9,34.63
HIP 21928,70.72624534,43.36526451,5.3,A1Vn,12.02,34.7,-52.07
HIP 21949,70.76644496,-70.93111187,5.53,B9IV,6.75,9.3,34.77
HIP 21958,70.7888076,-30.76539538,5.66,K3III,4.36,-30.32,-66.45
HIP 21961,70.80728108,24.08896447,6.18,F7IV-V,20.03,15.62,-18.3
HIP 21972,70.83999357,49.97382624,5.86,B9III,5.09,-5.18,-15.33
HIP 21986,70.89469925,-8.79424587,5.98,F4IIIp (Sr),8.04,28.84,-29.27
HIP 21998,70.93443179,-41.06481341,6.24,K3/K4III,5.0,11.21,10.47
HIP 22003,70.95113685,32.86556708,6.49,A8V,13.89,-45.7,-44.52
HIP 22024,71.02215847,-8.50357425,5.78,B2Ve,2.43,4.44,1.51
HIP 22028,71.033124,-18.66654311,5.53,A1V,11.06,52.09,-17.64
HIP 22034,71.05421366,40.78651068,6.09,B8IVn,6.02,11.13,-23.13
HIP 22040,71.08799653,-59.73284052,5.28,A8/A9III/IV,14.66,29.32,44.19
HIP 22044,71.10737323,11.14616933,5.39,F0V,20.73,98.87,-13.47
HIP 22081,71.24130644,-63.2297076,6.46,K0/K1III,7.15,-9.57,-3.01
HIP 22086,71.26729443,-21.28334113,5.72,K4III,5.2,16.86,-17.14
HIP 22109,71.37558764,-3.25462465,4.01,B5IV,6.13,17.27,-13.51
HIP 22128,71.42692303,23.62803649,6.34,B5III,4.63,9.41,-16.78
HIP 22144,71.48122939,-39.35657299,6.04,K1III,10.36,-58.13,-18.99
HIP 22152,71.50160938,76.61137327,6.46,F7V,31.03,74.96,-136.15
HIP 22157,71.50708664,11.70560822,5.35,Am...,12.24,67.48,-7.09
HIP 22176,71.56993252,18.73486237,5.99,K4III,10.81,73.03,-69.79
HIP 22189,71.60063178,-2.9543984,6.33,A2V,11.76,20.19,-55.09
HIP 22192,71.60730189,-28.0874882,6.18,A2IV/V,17.4,-4.04,18.19
HIP 22220,71.68529906,40.31268034,5.99,G9III,7.36,8.99,-37.1
HIP 22263,71.90088443,-16.93486728,5.49,G3V,75.1,130.41,169.2
HIP 22280,71.95649059,-30.02059732,6.35,K0III,6.35,28.97,92.79
HIP 22287,72.00090298,56.75753919,5.29,A3m,20.12,53.02,-146.4
HIP 22300,72.02893035,55.60284572,6.32,F0,19.6,79.29,-96.37
HIP 22325,72.13553607,-16.32958093,5.76,F8V,24.06,7.09,39.68
HIP 22336,72.1508432,-5.67343877,5.77,F8V,37.73,312.68,-249.28
HIP 22354,72.18594025,3.58856374,6.04,K1III,4.61,-1.25,-15.39
HIP 22361,72.20942983,75.94154357,5.96,A9IV,21.92,37.56,-133.28
HIP 22393,72.30347923,31.43762493,5.57,K2III,13.9,16.81,-102.84
HIP 22407,72.32941395,32.58826794,5.84,A8m,9.71,25.8,-31.74
HIP 22439,72.42631902,-13.76924994,6.27,F3/F5V,28.28,-119.98,-172.43
HIP 22441,72.43366482,15.90423807,6.09,K3III,2.31,3.9,-6.92
HIP 22449,72.45890935,6.96124744,3.19,F6V,124.6,463.44,11.62
HIP 22453,72.47777728,37.48818131,4.89,K4II,6.18,-38.4,38.48
HIP 22479,72.54828803,-16.21728342,5.03,K0III,13.4,44.95,51.26
HIP 22488,72.56743031,-41.32100968,6.06,F1III-IV,19.11,-3.02,66.56
HIP 22508,72.6516071,70.94157737,6.36,A0IV,5.04,1.71,-20.2
HIP 22509,72.65300943,8.90025258,4.35,A1Vn,16.84,-0.87,-31.57
HIP 22531,72.73077622,-53.46172112,5.58,F0IV...,26.97,-79.08,87.79
HIP 22534,72.73574565,-53.45990399,6.42,F0IV,31.18,-87.35,84.89
HIP 22545,72.7890157,48.74075831,5.64,G9III,10.16,-43.0,-30.3
HIP 22549,72.80152507,5.60510146,3.68,B2III SB,2.59,-3.62,1.03
HIP 22565,72.84338884,18.83994085,5.08,A7IV-V,17.27,79.66,-32.76
HIP 22573,72.86749463,-34.906232,5.82,A2/A3V,11.39,24.68,-22.43
HIP 22597,72.93075895,9.97509562,6.11,B5V,4.63,2.38,-7.3
HIP 22607,72.9580173,13.6551941,6.3,F5,23.91,106.84,-16.0
HIP 22626,73.02153945,63.50564999,5.47,M2III,6.53,38.15,-94.28
HIP 22667,73.13318214,14.25077828,4.71,M3Sv,6.02,-2.62,-56.13
HIP 22678,73.15833005,36.70319636,4.79,K3III,5.81,-25.97,-3.89
HIP 22697,73.19619789,27.89757233,5.97,F2IV,9.27,44.73,-35.83
HIP 22699,73.19902284,42.58662591,5.68,A3III,6.31,-11.07,0.11
HIP 22701,73.2236682,-5.45275591,4.36,A9IV,14.39,-18.01,25.03
HIP 22717,73.2738923,-72.40833805,6.28,F8V,30.74,-46.17,270.71
HIP 22720,73.29081329,52.84118516,6.4,A2V,6.23,-14.03,-12.4
HIP 22730,73.34481369,2.50826491,5.33,M1III,5.11,29.67,-16.4
HIP 22737,73.37703998,-66.67543873,6.43,M0/M1III,2.84,4.54,10.35
HIP 22783,73.51254425,66.34266029,4.26,O9.5Ia SB:,0.47,0.49,7.31
HIP 22797,73.5628985,2.44067149,3.71,B2III SB,2.43,1.43,0.23
HIP 22833,73.69544409,11.42597336,5.18,A3V,13.54,-16.31,13.63
HIP 22834,73.69914124,7.77916325,5.33,K1III,7.39,-21.74,-27.14
HIP 22840,73.71128549,0.46717846,5.98,B5V,3.38,-0.49,-4.89
HIP 22842,73.71343607,44.0609985,6.06,A0V,9.59,21.34,-56.4
HIP 22844,73.72051578,-58.54781783,6.11,F3V,32.38,100.99,68.25
HIP 22845,73.7237672,10.15114511,4.64,A0V,27.04,40.08,-128.37
HIP 22847,73.72840898,-39.62866145,6.11,K3III,3.22,-6.24,22.28
HIP 22850,73.74301084,19.4854572,6.36,F3IV,14.67,63.32,-28.41
HIP 22854,73.7630908,55.25912955,5.52,B9.5V,4.93,-16.14,-8.6
HIP 22860,73.77841969,-16.74064825,5.71,G8/K0III,6.85,4.88,-8.94
HIP 22871,73.79641541,-74.93700232,5.47,K6III,4.58,27.6,61.88
HIP 22881,73.82767537,-16.41785525,5.71,G6/G8III,11.3,11.79,36.48
HIP 22913,73.95898357,15.04030639,5.79,B9V,7.71,-4.54,-11.54
HIP 22936,74.02948687,52.86971717,5.75,A2Vs,6.82,-2.59,18.06
HIP 22938,74.0376021,7.90480028,6.42,F5,17.02,-92.81,-42.94
HIP 22949,74.06496636,24.59225291,6.33,F0,23.15,-22.3,-14.19
HIP 22955,74.08369522,36.1685465,6.1,B2Ib,0.28,0.12,-3.86
HIP 22957,74.09300449,13.51457755,4.06,K2III,19.26,-77.77,-45.97
HIP 22958,74.10078852,-5.17135066,5.5,B6V,4.41,-5.67,-2.32
HIP 23015,74.24840098,33.16613537,2.69,K3IIvar,6.37,3.63,-18.54
HIP 23041,74.32171783,-1.06719185,6.25,F2,11.91,-36.3,-27.09
HIP 23040,74.32175175,53.75208289,4.43,A1V,8.68,-24.17,7.53
HIP 23043,74.34311423,17.1537068,5.51,K1III,6.91,-11.16,-12.3
HIP 23060,74.43618811,-14.23189027,6.15,B2V,3.28,-0.23,-12.22
HIP 23068,74.45268983,23.94858492,5.79,G8III:,6.92,2.61,-9.37
HIP 23088,74.53906826,25.05052129,5.79,A0V,11.01,26.23,-47.62
HIP 23092,74.54543641,-2.21276853,6.34,A2V,7.18,12.31,12.71
HIP 23123,74.63709525,1.71403506,4.47,K2IIvar,3.42,-1.59,-7.93
HIP 23148,74.71244667,-82.47052255,5.84,G8III,9.34,-5.1,4.12
HIP 23161,74.74752899,14.5432451,6.14,B7V,4.86,6.17,-2.05
HIP 23166,74.75599103,-16.37633681,5.65,F5V,23.17,-121.61,127.52
HIP 23179,74.81406425,37.8904824,4.93,A1V,20.5,46.26,-97.81
HIP 23216,74.9430887,53.15547819,6.09,K4III,4.25,-13.21,-11.22
HIP 23221,74.96017027,-10.26299266,5.39,G4V,18.29,19.49,-136.75
HIP 23231,74.98213784,-12.5372045,4.78,F0V,11.21,40.37,-86.89
HIP 23251,75.05536691,-78.30001167,6.29,K5/M0III,3.04,-18.53,1.03
HIP 23261,75.07644704,39.39470389,5.95,F5V,18.86,-10.93,-1.21
HIP 23265,75.08632052,81.19402107,5.09,K3III,9.46,0.99,27.47
HIP 23268,75.09672824,39.6546596,6.46,K4Iab:,2.62,0.77,-2.73
HIP 23296,75.16589851,-2.06602481,6.31,A8IV,20.17,-12.94,-3.1
HIP 23311,75.20282168,-5.75097923,6.22,K3V,113.46,550.74,-1109.3
HIP 23362,75.35649111,-20.05188078,4.91,B9V,15.6,36.68,-15.47
HIP 23364,75.35977051,-7.17397802,4.8,B3V,3.41,-0.23,5.16
HIP 23377,75.39385911,-39.71812649,6.02,G8III,8.9,-4.39,33.25
HIP 23380,75.40009862,61.07843227,6.03,F4V,27.1,16.4,-179.31
HIP 23408,75.45979252,0.72216704,5.91,K0,6.55,4.84,-22.75
HIP 23416,75.49222507,43.82331397,3.03,F0Ia,1.6,0.18,-2.31
HIP 23419,75.50011262,1.60884108,6.45,B8V,6.42,-5.37,9.84
HIP 23430,75.54069171,-26.27484321,5.01,K1III,13.45,85.79,-76.63
HIP 23442,75.5824504,74.26926858,6.05,K5III,5.19,11.83,40.76
HIP 23446,75.59503803,-31.77154017,5.92,K2III,9.9,-6.44,85.28
HIP 23453,75.61950025,41.07588953,3.69,K4II comp,4.14,8.88,-21.43
HIP 23467,75.67918703,-71.31432608,5.3,G8III,5.08,-3.54,10.68
HIP 23474,75.68726911,-22.79508768,5.74,K1IV,6.22,61.22,14.58
HIP 23475,75.68904194,-4.2101255,5.86,K3,10.48,42.23,2.02
HIP 23482,75.70302244,-49.15147328,5.37,F2V,38.19,-43.96,27.18
HIP 23484,75.70974597,66.82378884,6.2,F6V:,35.78,67.57,-335.17
HIP 23497,75.77376699,21.5900617,4.62,A7V,20.01,68.94,-40.85
HIP 23511,75.82765661,41.44165308,6.11,A2sh,1.6,-1.11,-2.86
HIP 23522,75.854572,60.44228144,4.03,G0Ib,3.27,-6.11,-14.78
HIP 23551,75.96718238,-14.37023813,6.42,B2IV,2.47,1.23,3.12
HIP 23554,75.97189741,-24.38805735,5.61,A2IV,16.65,25.69,-38.42
HIP 23555,75.97472974,-41.74533727,6.3,F8V,31.93,22.82,159.17
HIP 23582,76.05319837,73.76393288,6.21,K0,2.45,14.17,-18.8
HIP 23583,76.06065446,30.49461984,6.14,K0II-III,5.61,12.06,-13.19
HIP 23589,76.08991531,21.27799175,6.2,K0,5.3,15.18,-25.17
HIP 23595,76.10129897,-35.48287057,4.55,K2III,17.63,126.17,-44.36
HIP 23596,76.10890221,-35.70520775,6.32,F2IV/V,9.77,28.46,40.58
HIP 23607,76.1422432,15.40418059,4.65,A0p Si,8.15,18.4,-30.99
HIP 23617,76.16522092,74.0669938,6.1,A1V,6.07,7.03,-15.94
HIP 23643,76.2271905,-3.03967236,6.04,B5IV,1.06,1.61,-0.98
HIP 23649,76.24146891,-49.57783014,5.05,M2IIIvar,6.88,68.74,-3.03
HIP 23653,76.25252482,-54.40741679,6.26,M2III,4.66,-0.01,6.54
HIP 23668,76.31745462,-26.15223983,5.71,K2III,13.58,10.48,-62.1
HIP 23680,76.34880992,1.17763581,6.1,N5,4.66,3.88,-3.81
HIP 23685,76.36521705,-22.37085673,3.19,K4III,14.39,19.27,-72.35
HIP 23693,76.37787652,-57.47298928,4.71,F7V,85.83,-31.87,117.42
HIP 23695,76.38377776,19.80675325,6.48,A5m,7.03,-10.61,-12.36
HIP 23724,76.50387497,35.9364198,6.49,A5V,12.14,-17.02,-13.03
HIP 23734,76.53524887,58.97239085,5.22,B2.5Ve,4.86,-6.16,-7.67
HIP 23737,76.53858384,-73.03782413,6.26,A0V,7.7,17.48,62.26
HIP 23743,76.55058067,59.02140336,6.08,K0III,5.22,-1.83,-26.15
HIP 23766,76.62356728,61.1699407,6.0,K5II,5.79,41.94,-75.92
HIP 23767,76.62862102,41.23464074,3.18,B3V,14.87,30.6,-68.41
HIP 23777,76.65304818,-13.12265846,6.04,B9.5/A0IV,8.98,20.17,14.81
HIP 23783,76.66940952,51.59814314,4.98,F0V,38.14,-29.31,-173.95
HIP 23794,76.69019503,-4.65516319,5.12,B9.5V,11.65,10.05,0.0
HIP 23799,76.70649417,43.17470862,6.2,F2IIp...,3.79,-3.97,-1.64
HIP 23818,76.79074687,-19.39252388,6.47,G2V,26.44,-41.74,269.68
HIP 23831,76.853675,-12.49100914,5.97,G2V,27.6,136.07,-107.12
HIP 23835,76.86115023,18.64500711,4.91,G4V,63.02,536.05,18.51
HIP 23840,76.89171306,-63.39957018,5.19,M3III,5.2,12.57,-44.74
HIP 23852,76.90965166,9.47270928,6.15,G1IV,35.34,-5.61,-382.35
HIP 23871,76.95178565,20.41845485,5.28,A5V,18.8,-49.12,-31.33
HIP 23874,76.95758678,-12.59244155,6.33,M1III,4.27,-21.91,-88.9
HIP 23875,76.96264146,-5.08626282,2.78,A3IIIvar,36.71,-83.39,-75.44
HIP 23879,76.97030487,8.49857348,5.33,Am,16.84,34.96,-59.49
HIP 23883,76.98097847,21.70483596,5.84,B2Ve,3.16,1.75,-6.24
HIP 23900,77.02759284,24.26518765,5.5,B2V...,1.01,1.74,-5.29
HIP 23908,77.05524386,-15.09535837,6.38,K1III + F/G,4.59,-1.82,1.87
HIP 23916,77.08411634,-8.66527389,5.8,B8V,4.29,3.68,-20.78
HIP 23941,77.18194475,-4.45624625,5.11,F2V,39.99,55.62,16.03
HIP 23972,77.28659571,-8.75407607,4.25,B2IVn,1.86,0.0,-2.01
HIP 23983,77.33168451,9.82959768,5.43,A2m,18.54,63.54,-7.87
HIP 24003,77.40257498,69.63955569,6.43,K1III,8.52,60.42,-63.55
HIP 24010,77.42483084,15.59727157,4.81,F2IV,10.24,-7.12,-16.14
HIP 24017,77.43554096,64.91993345,6.37,F3V:,25.27,-16.75,-182.2
HIP 24019,77.43773063,28.03060835,5.93,A5m,18.28,55.86,-60.57
HIP 24041,77.51358512,-0.56519928,6.11,K0III,10.37,2.14,-50.78
HIP 24072,77.57835458,37.3018512,6.02,B2II: comp,1.59,2.62,1.05
HIP 24109,77.6786286,46.96243511,5.67,F5V,21.64,57.35,-150.22
HIP 24114,77.68580376,-25.91052699,6.4,K1III/IV,4.5,-1.45,26.48
HIP 24130,77.74156183,-2.25374808,6.24,G8III,20.66,85.61,-150.55
HIP 24162,77.82970507,-2.49078592,5.89,F5V,26.04,81.46,1.44
HIP 24169,77.84521813,-11.84922715,5.6,M6.2III,7.3,31.76,56.93
HIP 24193,77.9096236,29.90363622,6.42,M2III,2.85,7.69,-23.09
HIP 24197,77.92317268,16.04565766,5.18,K5III,10.15,3.46,6.32
HIP 24203,77.93896,1.03705465,5.88,F5,3.56,0.95,-11.12
HIP 24244,78.07453075,-11.86914287,4.45,B8V,13.53,24.95,-31.22
HIP 24254,78.0935395,73.94674435,5.44,B9p Si,8.71,4.31,-28.83
HIP 24294,78.20048421,-6.05711381,5.9,G7III,7.31,21.87,-31.5
HIP 24305,78.2328046,-16.20542901,3.29,B9IV: HgMn,17.69,45.66,-16.13
HIP 24313,78.26179051,61.85003527,6.17,A2III,6.83,-12.19,1.82
HIP 24327,78.30785422,-12.94128833,4.36,B7V,5.83,-12.22,-1.32
HIP 24331,78.32283171,2.86125346,4.46,K3III...,9.49,3.05,4.94
HIP 24332,78.32313264,37.33763726,6.48,F8,38.5,-144.76,-135.1
HIP 24340,78.35721486,38.48467394,4.82,A4m,20.08,-18.66,-72.41
HIP 24348,78.38038055,62.69112962,6.49,A7Vn,12.16,-37.36,0.83
HIP 24349,78.3814722,1.96768435,6.08,A5V,3.71,6.06,-0.05
HIP 24372,78.43927858,-67.18534976,4.81,K2III,5.97,18.18,38.96
HIP 24377,78.44687015,0.56046647,6.33,M0V,3.92,9.14,-17.69
HIP 24384,78.47222426,-52.03072111,6.03,K3III,4.65,0.2,-13.99
HIP 24394,78.49975985,-14.60686727,6.22,A9II/III,13.31,11.49,-1.83
HIP 24426,78.62015802,-35.97703069,5.75,G8III,6.73,11.33,14.2
Rigel (β Ori),78.63446353,-8.20163919,0.18,B8Ia,4.22,1.87,-0.56
HIP 24440,78.64809587,76.47276909,6.36,A0V,7.75,-8.58,-3.27
HIP 24450,78.68355139,5.15612934,5.5,K4III,5.45,-7.01,8.74
HIP 24451,78.68447254,53.21394817,6.16,A0V,1.9,-1.91,0.31
HIP 24479,78.79741331,59.40571797,6.15,K2III-IV,10.61,20.13,-12.8
HIP 24493,78.82717763,-1.40906138,6.15,F0IV,21.77,-35.52,8.78
HIP 24505,78.85152247,-26.94343723,5.06,B9V,11.98,10.88,-29.41
HIP 24504,78.85171534,32.6875699,5.01,A9IV,12.14,-27.05,12.47
HIP 24507,78.85368002,-73.58848926,6.49,A6V,9.09,-22.29,5.85
HIP 24512,78.86525046,22.28487452,6.26,A2V,4.96,-9.97,-6.64
HIP 24520,78.91166823,-52.18223022,6.48,K2III,3.81,14.56,21.14
HIP 24555,79.01724675,11.34136954,5.52,A0V,8.86,-8.52,-6.54
HIP 24560,79.04399535,-11.35256415,6.45,G0,3.89,-0.3,4.45
HIP 24575,79.0756354,34.31221188,5.99,O9.5Vvar,2.24,-4.05,43.22
HIP 24607,79.17102659,1.94734447,6.42,A0V,5.36,-10.86,-6.61
Capella (α Aur),79.17206517,45.99902927,0.08,M1: comp,77.29,75.52,-427.13
HIP 24659,79.37093064,-34.89438961,4.81,K0/K1III/IV,29.63,93.71,-336.53
HIP 24674,79.40166225,-6.84438616,3.59,B5III,5.88,-15.31,-9.57
HIP 24679,79.41769273,-13.51970778,5.48,G8IV,20.69,-7.59,-48.49
HIP 24727,79.54395049,33.37200411,4.54,K3III...,13.92,29.86,-160.98
HIP 24732,79.55521962,73.26813649,5.81,A0V,9.09,-7.94,-26.82
HIP 24738,79.56534453,42.79218517,5.55,M4III,4.7,18.11,-30.5
HIP 24740,79.57870341,33.76741903,6.15,B9.5V,8.2,15.09,-29.06
HIP 24771,79.66801388,40.46515715,6.22,K0,4.82,3.48,-13.65
HIP 24786,79.7093162,-18.13019946,5.96,G0V,40.11,385.0,61.32
HIP 24799,79.7500805,33.74846576,5.38,A0p...,7.28,13.62,-29.63
HIP 24813,79.78365993,40.10066732,4.69,G0V,79.08,519.39,-664.79
HIP 24817,79.79678985,2.59593601,5.34,F5IIvar,16.47,-18.14,-53.3
HIP 24820,79.81130353,20.1346605,6.12,G8III+...,7.56,-34.12,-26.54
HIP 24822,79.81912416,22.09669104,4.96,G8III,15.83,19.62,-81.08
HIP 24825,79.82264928,-18.51994134,6.37,B5IV/V,4.12,2.26,8.98
HIP 24829,79.84214072,-50.60652008,5.44,F7III-IV,27.7,23.0,227.39
HIP 24831,79.84869643,-27.3688642,5.98,A0V,7.31,-3.46,-8.09
HIP 24832,79.8488498,33.98543113,6.49,A7V,13.85,26.56,-4.32
HIP 24836,79.86604282,58.11740918,6.13,B5V,3.71,6.26,-18.3
HIP 24845,79.89385817,-13.17677698,4.29,B0.5IV,3.03,-2.49,-4.74
HIP 24847,79.89701156,-1.4118959,6.33,B1.5Vn,1.75,2.16,1.64
HIP 24873,79.99596151,-12.31560456,5.29,B7/B8V,9.83,-12.12,7.97
HIP 24879,80.00383769,33.95806265,5.05,A5IIvar,1.06,0.02,-3.68
HIP 24881,80.00965884,44.4254299,6.49,K0,3.44,0.19,-19.25
HIP 24902,80.0611822,41.08633916,5.46,A3V,10.66,-18.1,-52.22
HIP 24909,80.08627558,-34.69885053,6.34,F0/F2IV,4.67,4.39,-2.29
HIP 24914,80.0942273,62.65371666,5.64,K4Iab:,1.65,-3.0,-2.34
HIP 24925,80.11003844,-5.36751687,6.4,B8III,4.8,-4.11,-4.72
HIP 24927,80.11213225,-21.23973932,4.7,A0V,7.11,10.78,-9.91
HIP 24955,80.16954675,66.74681944,6.39,G5,8.5,-7.59,24.29
HIP 24960,80.18226466,2.54473026,6.43,G8IV,7.86,31.6,20.48
HIP 24977,80.23590518,19.81436874,6.2,K0III,5.22,-3.8,-9.04
HIP 24984,80.24726681,27.95729708,6.35,B9IV,4.69,-14.92,-14.55
HIP 25001,80.30286824,29.56988462,5.66,A1Vs,11.72,-1.54,-0.19
HIP 25007,80.32025164,-34.34506641,6.05,B5II/III,1.72,0.57,6.2
HIP 25011,80.3304491,4.01197792,6.49,B5Vp,2.62,-1.62,-12.18
HIP 25028,80.38268211,-0.41649397,5.68,B3V,3.03,-0.28,1.18
HIP 25041,80.43150654,8.42856342,5.78,B1V...,4.43,-2.2,-2.97
HIP 25044,80.4406153,-0.38246922,4.72,B2IV-V,2.53,0.45,1.67
HIP 25045,80.44278196,-24.77294996,5.06,A2/A3,11.09,-20.55,-12.99
HIP 25048,80.45168832,41.80466344,5.22,B5V,5.08,13.42,-37.38
HIP 25059,80.480442,-17.60364666,6.47,K0III,7.07,6.06,6.33
HIP 25098,80.59229956,-56.13445367,6.1,B8/B9V,4.35,-5.02,21.84
HIP 25110,80.64073869,79.23075701,5.08,F6V,47.66,-78.6,161.13
HIP 25142,80.7083388,3.54444809,4.99,B1V,3.39,-2.0,1.8
HIP 25143,80.70968545,41.02925326,5.54,A3V,10.87,-12.49,2.94
HIP 25180,80.79991836,-26.70548911,6.49,F6V,19.08,21.51,22.95
HIP 25187,80.82713053,-8.41558811,5.99,B8+...,6.61,-1.73,-2.91
HIP 25192,80.84525767,28.93683899,6.45,B9Vs,5.5,14.5,-31.92
HIP 25194,80.85001902,-39.67843559,5.73,M2III,5.81,26.66,5.04
HIP 25197,80.86594376,57.54453138,5.24,A0Vn,9.59,14.94,-55.97
HIP 25202,80.8756493,-13.92734983,5.25,B2IV,1.8,1.07,-0.92
HIP 25205,80.87951408,5.32304571,6.34,A2V,13.32,-30.42,16.63
HIP 25216,80.90717601,16.6993516,6.09,A2IV,7.32,-27.5,-21.87
HIP 25223,80.92628584,-0.15981294,5.69,B1.5V,4.03,1.21,-2.09
HIP 25240,80.96388815,-0.86662418,6.13,F7V,17.23,-5.64,0.95
HIP 25247,80.98681839,-7.80795569,4.13,G8III,18.71,-13.91,-44.8
HIP 25278,81.10545973,17.38355205,5.0,F8V SB,68.19,250.4,-7.42
HIP 25280,81.11861918,-16.97574213,5.64,A0V,14.84,34.67,-15.86
HIP 25281,81.11923774,-2.39713844,3.35,B1V + B2,3.62,-0.54,-3.21
HIP 25282,81.12046283,-0.89166902,5.07,K0III,18.93,-5.03,140.19
HIP 25288,81.15042015,2.35316729,6.33,B4IVn,2.66,-0.3,-1.01
HIP 25290,81.16018419,31.22393349,6.3,K1III...,4.38,-30.23,-8.74
HIP 25291,81.16052742,31.14316298,5.94,B9III,3.97,-10.61,-6.2
HIP 25292,81.16309201,37.38537514,5.02,K4III,6.35,-0.27,-12.13
HIP 25301,81.18667054,36.19996736,6.49,K2,2.18,-0.22,-8.97
HIP 25302,81.18677704,1.84644611,4.89,B1V:pe,2.94,0.12,-0.6
HIP 25303,81.19288289,-52.31617828,6.26,A0V,6.11,-5.18,-27.66
HIP 25317,81.23157887,-44.22570485,6.09,K1III,6.13,-2.0,8.59
HIP 25322,81.24763705,73.7072001,6.48,M0,2.6,-8.16,-1.0
HIP 25329,81.25725926,-10.3288454,5.6,K5III,5.13,3.16,-17.09
HIP 25336,81.28278416,6.34973451,1.64,B2III,13.42,-8.75,-13.28
HIP 25368,81.40207153,-1.49129225,6.44,B3V,4.12,1.46,-0.54
HIP 25378,81.44590528,0.52024371,6.18,B2.5V,2.06,2.33,0.04
HIP 25397,81.49926259,-19.69535296,5.78,F5V,23.24,3.43,-19.06
HIP 25401,81.50983378,-5.51850419,6.24,B9.5Vn,4.89,7.48,1.11
HIP 25410,81.52384342,16.70017305,6.23,B2Vn,4.98,0.35,-5.07
HIP 25428,81.57290804,28.60787346,1.65,B7III,24.89,23.28,-174.22
HIP 25429,81.58032066,-58.91259871,5.14,G6III,6.98,-8.22,32.22
HIP 25453,81.66176734,6.86873694,6.41,A0Vn,10.68,9.64,-32.53
HIP 25471,81.70334709,34.39182774,5.92,A1p,2.53,-0.22,-7.33
HIP 25473,81.70928405,3.09567718,4.59,B2IV,2.3,0.34,-1.11
HIP 25475,81.71364799,33.26228774,6.18,K0,9.48,9.85,-12.08
HIP 25476,81.72636668,35.4573016,6.17,K2,5.06,-14.54,-11.99
HIP 25482,81.74925231,-68.62249571,6.02,F0IV/V,13.16,-10.85,-19.76
HIP 25486,81.76980376,-11.90084379,6.3,F7V:,37.26,17.19,-49.3
HIP 25488,81.77215841,-40.94377328,5.86,A7m,10.52,3.27,108.48
HIP 25492,81.78446999,30.20861412,5.69,B9Ib,1.41,0.27,-4.54
HIP 25499,81.79203649,17.96226766,5.4,B5V,4.88,7.88,-21.06
HIP 25502,81.80790759,15.257655,6.18,A1IV,7.07,-5.49,-10.08
HIP 25505,81.81415869,2.34120488,6.36,K0,7.67,5.87,-2.02
HIP 25532,81.9020376,-21.37579099,6.08,K0III,8.59,18.41,32.16
HIP 25539,81.9086835,21.93698219,4.88,B2.5IV,4.69,1.75,-6.96
HIP 25541,81.91203061,34.47598643,5.08,K4IIIp,8.14,-1.44,-38.81
HIP 25555,81.94002438,15.87410386,5.52,B9.5Vn,5.77,4.39,-21.26
HIP 25580,82.00384487,33.76421211,6.41,F5,29.54,20.14,-209.31
HIP 25582,82.00612814,1.29824815,6.41,B2V,2.81,-0.25,1.11
HIP 25583,82.00666898,17.23924182,5.77,M1III,4.63,16.53,-46.15
HIP 25606,82.06135971,-20.75923214,2.81,G5II,20.49,-5.03,-85.92
HIP 25608,82.06386207,-37.2309313,5.56,A0V,11.1,11.9,67.75
HIP 25638,82.14486508,13.6790158,6.35,A4V,10.13,10.32,-15.07
HIP 25667,82.2371307,-3.30741204,6.39,A0Vn,4.28,-3.29,-6.96
HIP 25695,82.31871986,25.15030596,5.47,B9Vn,7.52,11.44,-37.36
HIP 25708,82.3487568,-3.44637074,5.8,K1III...,6.98,-28.01,-9.45
HIP 25730,82.41931237,29.18657825,6.2,F6III,11.24,28.97,-46.89
HIP 25732,82.42330541,-0.80241717,6.49,A2,8.33,48.34,-39.16
HIP 25737,82.43325647,-1.09217557,4.71,K5III,7.15,0.19,-26.08
HIP 25751,82.47822116,1.78926104,5.77,B2V,2.6,1.64,-0.34
HIP 25768,82.53942437,-47.07733403,5.46,G3IV,22.87,20.84,-131.94
HIP 25769,82.54254026,63.06723206,5.43,M1III,3.5,-5.92,-4.77
HIP 25776,82.55804936,-84.78521152,6.18,A1V,9.35,-6.84,44.27
HIP 25781,82.56610896,-63.92782972,6.19,F0IV,8.16,4.42,59.28
HIP 25785,82.58297186,4.20485626,6.21,K2IIIvar,5.68,17.38,-25.34
HIP 25786,82.5864708,-7.43481174,6.33,B2IV-V,2.68,0.66,0.18
HIP 25790,82.60905551,15.3605429,5.93,A3Vn,9.47,-13.48,-38.58
HIP 25806,82.68050245,22.46230458,6.29,K0,8.26,42.87,-20.54
HIP 25810,82.6877782,39.82600304,6.38,G9III,7.08,23.37,-35.63
HIP 25813,82.69603301,5.94821792,4.2,B5V,11.3,6.57,-32.45
HIP 25816,82.70270666,41.462078,5.99,K0IIIp,8.45,2.01,-34.37
HIP 25853,82.7817652,-20.86355455,5.53,A0V,12.0,5.07,-43.02
HIP 25859,82.8030645,-35.47043592,3.86,K1II/III,11.77,28.36,-34.11
HIP 25861,82.81054942,3.2921351,5.46,B1.5V,2.08,1.28,-0.89
HIP 25869,82.83705135,-6.70838162,6.23,B2V,1.85,1.62,1.13
HIP 25887,82.89995202,-45.92540473,5.86,K3III,6.96,18.57,36.13
HIP 25918,82.96942437,-76.3416634,5.18,K4III,32.43,143.2,287.75
HIP 25923,82.98275119,-7.30152625,4.62,B0V,2.11,-0.54,-4.44
HIP 25930,83.00166562,-0.2990934,2.25,O9.5II,3.56,1.67,0.56
HIP 25945,83.0531302,18.59424525,4.32,M2Ib,1.7,-0.34,-4.51
HIP 25950,83.05893591,17.05815445,5.5,B7III,2.92,-4.23,-10.85
HIP 25973,83.14033281,57.22161686,6.44,F8V,22.79,112.04,-224.63
HIP 25976,83.15820239,0.01196223,6.15,K5,2.18,18.85,-12.12
HIP 25980,83.1723102,-1.59183293,5.34,B1IV,1.27,-2.03,0.74
HIP 25984,83.18197584,32.1920314,4.71,B5Iab,0.8,-1.81,-4.0
HIP 25985,83.18255798,-17.82229227,2.58,F0Ib,2.54,3.27,1.54
HIP 25993,83.21407027,-38.51334582,5.45,K2/K3III,18.92,50.43,-10.57
HIP 26001,83.24801962,-64.22751422,5.34,G8/K0III,14.07,33.1,-1.27
HIP 26019,83.280485,-35.13930773,5.75,K0III,11.74,100.02,-28.13
HIP 26063,83.38102882,-1.15607162,5.36,B1V,1.76,-0.55,-0.49
HIP 26064,83.3817907,18.54023092,5.67,B2IV-Ve,1.74,0.15,0.01
HIP 26069,83.40631813,-62.48985585,3.76,F6Ia,3.14,1.06,12.56
HIP 26071,83.4092718,34.72560421,6.27,A3IV,7.99,-14.6,-14.11
HIP 26072,83.41181839,20.47423451,6.19,B6V,4.08,2.92,-7.47
HIP 26079,83.43457243,-54.9023146,6.42,F8V,17.8,65.95,10.37
HIP 26093,83.4761883,14.30559209,5.6,B3V,6.35,-1.96,-5.74
HIP 26104,83.51033175,-7.02365188,6.45,K0,5.12,-12.36,-40.49
HIP 26106,83.51620482,-1.03571938,6.24,B2.5V,2.63,2.94,-2.89
HIP 26108,83.51689842,-1.47020476,5.92,K5III,3.87,-13.93,-19.99
HIP 26126,83.5699587,3.76693355,5.32,A2V,9.45,-29.35,-15.82
HIP 26149,83.62203574,-0.01233696,6.25,G5,2.65,-4.53,-3.24
HIP 26169,83.68659342,-73.74136684,5.79,M2/M3III,3.12,0.06,37.09
HIP 26176,83.70515764,9.48958528,4.39,B0IV...,3.31,-1.24,-2.49
HIP 26190,83.73934029,-61.17598319,6.32,G5IV,9.37,-7.48,-26.73
HIP 26197,83.75419279,-6.00926927,5.67,B1Vvar,0.55,1.02,-0.27
HIP 26199,83.76117163,-6.00202867,4.78,B0.5V,1.75,0.59,0.68
HIP 26207,83.78449043,9.93416294,3.39,O...,3.09,-1.03,-1.86
HIP 26215,83.80516163,10.24010204,5.6,B9IIIMNp...,2.23,1.45,-3.76
HIP 26219,83.81439488,-33.08000909,5.76,K0III,10.28,28.7,117.16
HIP 26220,83.81592896,-5.38731536,4.98,O7,-1.85,-0.92,0.13
HIP 26221,83.81860863,-5.38969624,5.13,O6pe,-1.85,-0.92,0.13
HIP 26234,83.84298392,-4.42432372,6.24,B2.5V,2.89,-0.48,1.52
HIP 26235,83.84541591,-5.41606331,4.98,O9.5Vpe,1.72,1.68,1.5
HIP 26237,83.84650694,-4.83834045,4.58,B2III...,4.15,4.29,-7.15
HIP 26241,83.85825475,-5.90989984,2.75,O9III,2.46,2.27,-0.62
HIP 26248,83.86300222,24.03963793,5.37,B2.5IV,5.44,14.98,-20.22
HIP 26263,83.89960025,-3.25283754,6.4,B3IV,1.25,0.85,-1.0
HIP 26264,83.90054432,-78.82088325,6.04,B8III,4.1,12.55,18.18
HIP 26268,83.91452109,-4.8560862,5.24,F0III,8.8,-1.44,8.05
HIP 26291,83.9813217,27.6624233,6.27,K0,4.08,-27.05,-31.47
HIP 26300,84.01188868,-47.31372679,6.1,K2III,6.25,-8.71,-7.97
HIP 26309,84.04282744,-28.70800575,6.26,A2III/IV,17.68,25.52,-3.92
HIP 26311,84.05338572,-1.20191725,1.69,B0Ia,2.43,1.49,-1.06
HIP 26315,84.06644622,47.71533787,6.1,F0V:,9.79,14.38,-19.63
HIP 26344,84.14677009,54.42868426,5.74,M0III,4.37,-7.14,-10.59
HIP 26345,84.14872314,-6.06475248,5.71,B1V...,1.7,0.0,0.35
HIP 26363,84.21841371,40.18238543,6.08,G3Ib,1.28,-4.33,-4.18
HIP 26366,84.22637775,9.291412,4.09,G8III-IV,28.1,96.84,-304.18
HIP 26368,84.22911509,-66.56031364,6.28,B9.5V,3.81,-6.11,10.81
HIP 26382,84.26545679,17.0404091,5.53,F0V,18.56,42.9,-34.86
HIP 26386,84.2681311,11.03504389,5.97,K4II SB,3.97,52.25,-16.18
HIP 26395,84.28650077,-11.77546037,6.1,A2V,15.14,20.52,-22.66
HIP 26394,84.28663598,-80.4716745,5.65,G3IV,54.92,311.97,1050.19
HIP 26396,84.28682553,26.92452823,5.83,B9IV-V,6.83,11.11,-22.68
HIP 26408,84.31278375,64.15485121,6.15,A0V,8.77,1.06,-66.45
HIP 26410,84.31687949,66.69671501,6.26,A8Vn,12.6,-19.69,-9.45
HIP 26412,84.31872154,-27.87119898,6.15,F0IV,22.44,20.78,-67.08
HIP 26414,84.33046034,8.95188007,6.11,B2IV-V,3.76,-0.59,-2.28
HIP 26427,84.36398372,-5.93838575,6.03,B1Vvar,2.4,2.51,-2.18
HIP 26451,84.41118447,21.14259299,2.97,B4IIIp,7.82,2.39,-18.04
HIP 26460,84.43601282,-28.68979391,5.28,F5V,23.54,-37.99,42.58
HIP 26463,84.4408133,33.55915507,6.36,K0,6.54,16.61,4.98
HIP 26477,84.47244552,-4.81403616,6.16,B2IV-V,2.91,-2.46,0.87
HIP 26487,84.50463493,7.54145541,5.87,B8III,5.86,11.39,-14.74
HIP 26515,84.57258718,-50.64104142,6.43,A0V,6.25,-0.72,19.1
HIP 26535,84.65821979,-6.57395768,5.96,B1.5IV,2.08,0.39,-0.42
HIP 26536,84.65874822,30.49244147,5.4,A2V + GIII,7.29,-21.15,-11.98
HIP 26545,84.68136124,-40.70735801,5.81,B8V,6.65,-2.31,21.19
HIP 26549,84.68652211,-2.60006791,3.77,O9.5V...,2.84,4.61,-0.4
HIP 26563,84.72121589,-7.21270844,4.77,A4V,21.24,-15.0,-49.55
HIP 26571,84.73901439,26.61809415,6.45,G9III,7.65,13.55,-10.52
HIP 26592,84.7863353,41.358853,6.44,K0,13.05,-30.68,-119.51
HIP 26594,84.79644123,4.12146667,4.5,B3IIIe,2.01,0.76,0.07
HIP 26602,84.81761707,-17.8494151,6.4,B4,2.5,-6.97,2.78
HIP 26606,84.8263042,29.21523028,5.98,B2IV-V,2.77,-1.48,-7.25
HIP 26616,84.86294295,21.76300696,6.42,A1Vn,4.94,2.87,-32.09
HIP 26623,84.87849027,-9.7066069,6.49,B7V,5.76,5.51,-8.86
HIP 26624,84.87980519,-3.56470944,5.99,A8Vs,24.16,-3.88,2.1
HIP 26634,84.91224975,-34.07404941,2.65,B7IV,12.16,-0.1,-24.05
HIP 26638,84.93217244,75.04380982,6.19,M0III,5.63,-7.31,25.39
HIP 26640,84.93413604,25.89714891,5.18,B3IV,6.58,9.75,-23.79
HIP 26649,84.95771446,-32.62913912,5.44,G6/G8III,8.54,-15.92,-31.62
HIP 26712,85.14962767,31.35821889,6.04,B9.5III-IVp,6.49,-5.0,-8.87
HIP 26713,85.15539545,-2.8252412,6.22,B1.5V,1.94,1.7,1.95
HIP 26718,85.17520877,31.92061792,6.23,M2SIab,2.38,0.46,-4.28
HIP 26727,85.18968672,-1.94257841,1.74,O9.5Ib SB,3.99,3.99,2.54
HIP 26728,85.19246778,-10.4086637,6.46,B9.5IIIp Si,6.08,-1.59,-0.03
HIP 26736,85.21131577,-1.12878569,4.95,B2IV-V,1.56,-1.85,-0.68
HIP 26762,85.27328514,0.33768602,5.93,F0IV,19.46,12.3,27.76
HIP 26777,85.32381426,16.53418318,4.84,B3IV...,4.36,5.42,-14.54
HIP 26779,85.33472092,53.48233045,6.21,K1V,81.69,2.7,-523.61
HIP 26781,85.33736027,29.48748098,6.4,B8IV,6.49,16.34,-25.72
HIP 26796,85.36217359,-33.4007116,6.35,B9.5V,7.55,4.96,-12.26
HIP 26820,85.41795123,-2.89651493,6.41,A9IV-V,11.95,50.55,23.66
HIP 26821,85.42297149,-16.72584331,6.22,B4/B5III,2.67,-3.83,5.38
HIP 26853,85.51660701,22.66038594,6.35,K2,9.08,-0.36,-25.09
HIP 26862,85.54826244,-30.53546199,6.18,A0V,5.76,-5.74,8.08
HIP 26865,85.5581599,-22.37373687,5.88,A2/A3V,4.26,-0.16,8.88
HIP 26866,85.56036023,-17.53038891,6.15,K3III,5.46,-16.77,5.16
HIP 26868,85.56329561,-34.66793677,5.29,B9/B9.5V,8.99,5.06,51.3
HIP 26882,85.61020131,65.6977014,5.62,K5III,11.7,-0.27,-21.48
HIP 26885,85.61943491,1.47466498,4.9,K1III,10.8,-55.34,-14.85
HIP 26926,85.72461574,-6.79631491,5.97,F3V,19.94,12.26,60.59
HIP 26942,85.75690634,56.58145257,6.05,K0III,16.26,16.09,28.7
HIP 26953,85.78881564,-1.61317771,6.31,K4III,4.8,4.86,-29.07
HIP 26964,85.8312438,23.20441036,6.23,B2.5Ve,2.97,6.41,-15.78
HIP 26966,85.84024542,-18.55744324,5.73,A0V,14.45,18.45,-13.2
HIP 26981,85.87562146,-39.40691739,6.25,F3V,18.73,48.43,3.9
HIP 27001,85.92132767,-45.8331013,6.38,F0IIIn,12.24,24.48,97.57
HIP 27046,86.03525136,61.47653312,6.17,G5III:,10.26,-11.08,1.07
HIP 27072,86.11656241,-22.44748663,3.59,F7V,111.49,-292.42,-368.45
HIP 27075,86.11835896,-20.1266631,6.34,F8/G0V,39.15,-18.24,37.05
HIP 27100,86.19341279,-65.7355408,4.34,A7V,22.48,-28.38,6.12
HIP 27116,86.2554176,12.88836458,6.47,A3,9.38,-19.76,-13.51
HIP 27118,86.25749324,4.00819399,6.09,F0III:n,19.79,-11.0,-34.02
HIP 27196,86.47520331,49.82628283,5.46,A0p...,6.76,-11.18,-11.31
HIP 27204,86.49955386,-32.30637997,5.18,B1IV/V,2.52,3.01,-22.62
HIP 27212,86.51192813,-4.26831821,6.24,K1III...,8.78,9.51,-68.35
HIP 27243,86.61402516,-46.59722012,5.31,K0/K1II,7.09,7.8,16.33
HIP 27249,86.62653944,56.11571824,5.93,A4Vn,16.89,20.18,-58.91
HIP 27253,86.64566124,1.16853796,5.95,G4V,23.57,-80.05,-141.79
HIP 27265,86.68955602,15.82250445,6.0,B8IIIMNp...,3.71,5.36,-3.04
HIP 27280,86.71731027,9.52249963,5.78,G8III,10.88,-33.29,-64.54
HIP 27288,86.73895728,-14.82194717,3.55,A2Vann,46.47,-14.84,-1.18
HIP 27293,86.75023153,51.52096739,6.47,G5,6.78,-14.08,-39.77
HIP 27303,86.76908719,-28.6389386,6.22,B5III,5.4,-5.31,10.32
HIP 27308,86.78254305,-16.23805509,6.18,G8III,4.91,-9.13,-9.69
HIP 27316,86.80478979,14.48842452,5.72,A3Vn,7.72,3.84,-42.3
HIP 27317,86.80552101,-54.36073163,6.19,K3III,2.67,5.5,1.33
HIP 27319,86.81116596,42.52695878,6.3,K0,4.53,6.93,-86.59
HIP 27321,86.82118054,-51.06671329,3.85,A3V,51.87,4.65,81.96
HIP 27325,86.82787287,-35.67422033,6.29,K1III,6.38,-3.71,59.87
HIP 27338,86.85915586,17.7291527,5.47,F0III,2.57,-2.05,-4.79
HIP 27341,86.86207374,-10.53291673,6.04,A4V,4.99,-11.46,-16.97
HIP 27346,86.88439682,63.59880015,6.49,G5,6.77,-11.23,19.7
HIP 27353,86.89443423,25.56864035,6.48,K1III,3.27,1.84,-7.11
HIP 27364,86.92877017,13.89963175,5.28,B2IV-V,4.08,3.52,-13.27
HIP 27366,86.93911641,-9.66960186,2.07,B0.5Iavar,4.52,1.55,-1.2
HIP 27386,87.000966,6.4542102,5.26,A5V,6.8,4.05,-22.2
HIP 27421,87.09317755,20.86952409,6.03,B9Vn,5.48,8.19,-17.88
HIP 27435,87.14543446,-4.09408727,5.97,G4V,64.25,62.39,-230.65
HIP 27468,87.25399777,24.56755473,4.88,G8IIIvar,6.25,12.07,-8.16
HIP 27472,87.26948786,62.80819575,6.18,A4V,7.91,-18.84,-2.37
HIP 27483,87.29358126,39.18113322,4.51,G8III,15.34,-28.42,-25.55
HIP 27511,87.38726446,12.65136584,4.89,B9IV,12.0,-21.63,-17.35
HIP 27512,87.39220514,-44.87540774,6.38,K1III,2.32,-3.13,5.76
HIP 27517,87.4023119,-14.48354987,5.49,G8III,10.51,-20.98,-47.58
HIP 27530,87.45656999,-56.1664886,4.5,K1III,18.78,81.61,-71.77
HIP 27533,87.47295636,-22.97192372,5.87,A1V,5.34,-15.31,21.41
HIP 27534,87.47313958,-66.9012309,5.1,B6V,6.37,-22.1,18.08
HIP 27549,87.51115293,9.87122224,5.79,G8III,9.77,14.82,-1.68
HIP 27560,87.554418,4.42349901,5.96,K2III,6.43,7.86,-38.28
HIP 27566,87.56999717,-79.36152292,5.46,B9.5V,12.06,-4.5,65.95
HIP 27583,87.62012003,-52.76790524,6.32,K0/K1III,3.69,-7.54,10.65
HIP 27581,87.62043148,14.30569894,5.54,G9III:,10.44,4.42,-37.43
HIP 27588,87.62510583,2.02471682,5.97,G8III+...,2.89,0.51,-6.94
HIP 27621,87.72174399,-52.1086873,5.16,G8III,12.33,2.42,-76.29
HIP 27625,87.73423322,51.51469887,6.29,K1III,11.62,165.61,-47.53
HIP 27628,87.7398034,-35.76929225,3.12,K1.5III,37.94,55.74,404.68
HIP 27629,87.74213255,27.96783335,5.6,G7III:,8.66,-3.08,11.56
HIP 27639,87.7600428,37.30568175,4.72,M1III,6.86,36.96,-44.76
HIP 27654,87.82980343,-20.87751376,3.76,G8III/IV,29.05,228.96,-647.96
HIP 27658,87.84159736,-7.51800251,5.36,B2IV-V,1.94,0.75,-0.18
HIP 27660,87.84625475,-64.03360643,6.35,G8III,2.92,-7.98,16.77
HIP 27661,87.85726997,32.12469631,6.28,M3III,5.62,7.44,-0.97
HIP 27670,87.86923616,-22.92684343,6.16,K0IIICN...,7.36,-4.02,-42.45
HIP 27673,87.87246934,39.14847936,3.97,K0III,15.17,8.48,0.39
HIP 27705,87.99828407,-29.44939942,6.47,K3III,4.7,-1.57,-10.96
HIP 27713,88.03221102,-9.04197853,5.95,A2Vn,8.6,-2.97,32.31
HIP 27731,88.07189908,58.96413909,6.14,A0Vs,5.98,-1.53,-20.97
HIP 27737,88.08409189,-57.15600008,5.93,F7IV,7.86,17.99,-78.63
HIP 27743,88.09292572,14.17179382,5.6,B9p...,6.33,-17.46,-2.88
HIP 27747,88.0975381,19.86785634,5.96,B9V + G,2.38,-5.57,-3.14
HIP 27750,88.11017813,1.8551579,4.76,K2IIvar,2.93,-7.09,-9.91
HIP 27766,88.13817716,-37.63099079,5.62,K1III,10.14,30.75,-29.76
HIP 27777,88.16527675,39.57472245,6.4,A2V,4.93,-0.94,-7.31
HIP 27778,88.16700104,33.91744132,6.04,M2II:,4.38,18.21,8.5
HIP 27795,88.23119883,68.47165107,6.22,G9III,7.86,3.36,-45.1
HIP 27810,88.2786848,-33.8014395,4.88,B5V,9.55,-4.52,32.4
HIP 27830,88.33184814,27.61228536,4.56,A0V,7.45,3.82,-9.58
HIP 27890,88.52458376,-63.09102096,4.65,K1III/IV,36.67,120.11,573.43
HIP 27900,88.55562596,10.58642145,6.13,G9II,2.21,0.0,-7.41
HIP 27901,88.5585207,-29.14710228,6.34,F3V,17.84,-32.6,-42.55
HIP 27902,88.56551372,3.22576839,6.3,K0,5.91,60.22,-52.32
HIP 27913,88.59618305,20.27641498,4.39,G0V,115.43,-163.17,-98.92
HIP 27937,88.67134853,-49.62704326,6.11,B3V,2.96,-5.23,13.82
HIP 27938,88.68160633,-11.77426082,5.62,K3 comp,4.37,75.57,28.25
HIP 27939,88.68349348,0.96861499,5.99,K0III,3.94,-2.9,0.01
HIP 27947,88.70878524,-52.63607272,5.29,F0Ve...,28.65,-17.21,243.54
HIP 27949,88.71160776,55.7069049,4.96,A2V,13.54,-3.65,17.2
HIP 27955,88.71872485,-39.95790952,5.55,M0III,6.41,-12.71,21.58
HIP 27965,88.73619396,19.74962409,5.92,B2V,2.32,0.39,-4.14
HIP 27971,88.74093802,59.88841219,5.2,A2V,8.05,2.0,-18.5
HIP 27973,88.74591834,31.70193276,5.9,A5IV,12.72,-45.1,-179.84
Betelgeuse (α Ori),88.79287161,7.40703634,0.45,M2Ib,7.63,27.33,10.86
HIP 28010,88.87454313,-37.12060931,4.97,K1IIICN...,9.93,36.65,-24.08
HIP 28011,88.87564797,-4.61649597,5.87,K2III:,10.71,27.05,-20.54
HIP 28019,88.89740347,-4.78851544,6.28,A2III,10.17,-13.93,-29.49
HIP 28085,89.05915111,-22.84005515,5.95,K0/K1III,11.18,117.77,32.79
HIP 28098,89.08726177,-31.38245487,5.52,F2III,2.23,1.39,5.94
HIP 28103,89.10132627,-14.16803805,3.71,F1V,66.47,-42.23,139.02
HIP 28110,89.11681496,9.50941963,5.97,A0IV,4.68,0.32,-9.91
HIP 28117,89.14069946,28.9422714,6.35,A2II,0.9,1.19,-2.21
HIP 28118,89.14345845,-23.21538334,6.37,K0III,6.53,12.62,30.02
HIP 28138,89.20418412,-31.97627815,6.44,G8III,4.2,3.25,12.68
HIP 28139,89.20578119,11.52119572,5.89,K2III,10.62,105.96,-56.71
HIP 28154,89.23382284,24.24969579,6.03,A0Ia,-0.24,1.45,-2.71
HIP 28180,89.30985167,-53.4256934,6.48,K5/M0III,4.53,9.47,-0.07
HIP 28199,89.38421613,-35.28330688,4.36,B2.5IV,3.82,-2.65,11.19
HIP 28205,89.39562095,66.09612887,6.24,K0,7.64,49.05,-12.13
HIP 28232,89.47711006,1.22430693,6.22,M0III,6.28,-23.35,1.31
HIP 28237,89.49857371,25.95391597,4.81,B1Ib,1.55,-2.85,-1.69
HIP 28252,89.54876554,-0.99396796,6.21,K0,8.16,11.25,-20.58
HIP 28271,89.60182982,1.83712742,5.89,A5me del Del,9.24,6.01,-7.83
HIP 28287,89.65648606,-44.03458558,5.81,G8II,2.58,-12.02,9.49
HIP 28296,89.70658741,0.55297359,5.21,A1Vs,8.88,-15.59,2.41
HIP 28302,89.72184012,12.80825741,5.7,K2III...,3.89,-8.64,2.84
HIP 28321,89.75445275,-9.38225809,6.15,F2IV,10.32,18.42,14.21
HIP 28325,89.76794851,-9.55813955,5.04,A6m,9.93,8.45,-45.52
HIP 28328,89.78662719,-42.81510761,3.96,K0III,6.14,18.53,-11.45
HIP 28343,89.84076564,49.9245461,5.9,G5III,2.9,-4.57,-2.54
HIP 28358,89.88145972,54.28498197,3.72,K0III,23.22,86.31,-134.05
HIP 28360,89.88237261,44.94743492,1.9,A2V,39.72,-56.41,-0.88
HIP 28380,89.93015897,37.21276409,2.65,A0p Si,18.83,42.09,-73.61
HIP 28385,89.94095455,55.32107237,6.42,A5m,9.54,-2.78,-88.4
HIP 28390,89.9497885,54.54711179,6.14,K2III,9.57,-1.24,-42.07
HIP 28404,89.98375587,45.93675346,4.3,M3IIvar,3.88,-2.42,-7.32
HIP 28413,90.01393918,-3.07407681,4.53,K2IIIvar,7.77,6.87,-72.71
HIP 28434,90.07359834,-12.89991193,6.21,F2IV,16.7,-6.53,-50.29
HIP 28438,90.07885266,44.5921069,6.21,K2III...,8.94,-31.17,-38.71
HIP 28484,90.20499138,-51.21655276,5.65,A1m...,15.82,-29.72,95.95
HIP 28499,90.24399472,47.90197432,5.71,B9.5p SiFe,3.19,3.02,-21.03
HIP 28500,90.25189136,27.572367,6.04,B9Iab,0.7,0.53,-1.89
HIP 28517,90.29189835,31.03451677,6.18,A2V,12.71,-18.74,0.03
HIP 28520,90.304605,-25.41771238,6.04,A0V,8.99,-12.13,-20.7
HIP 28524,90.31789213,-33.91177131,5.54,K5III,5.87,5.44,-26.39
HIP 28532,90.33404742,85.18211809,6.17,M0III,2.44,14.66,-1.89
HIP 28561,90.42345796,22.40104371,6.36,B8V,5.58,-6.19,-17.4
HIP 28562,90.42938625,48.95946915,5.98,K0,4.75,7.1,-9.89
HIP 28574,90.46010757,-10.59793918,4.92,B5III,3.33,-6.88,3.59
HIP 28596,90.53881794,-60.09684953,6.41,M4III,3.95,16.64,7.85
HIP 28614,90.59579323,9.64736756,4.12,Am...,21.49,14.19,-37.44
HIP 28622,90.6408553,-14.49718594,6.2,K0III,7.52,11.71,11.83
HIP 28634,90.68796982,47.80930399,6.49,F5,35.21,32.23,92.58
HIP 28637,90.7024562,49.90578464,6.04,B9.5IV,7.95,14.37,-43.75
HIP 28642,90.72287474,43.37840424,6.38,K0,7.95,8.65,-28.91
HIP 28644,90.72965494,32.63621103,6.23,F4V,20.02,81.47,-211.58
HIP 28675,90.81483793,-26.28475048,5.03,K3II/IIICNv,8.41,66.18,84.77
HIP 28677,90.82447173,42.91188721,6.08,K0III,12.47,104.99,-132.78
HIP 28686,90.85322766,11.68107706,6.09,A0Vs,6.79,-11.84,-5.03
HIP 28691,90.86400112,19.69061033,5.14,B8V,3.05,9.81,-20.29
HIP 28716,90.9799315,20.13845865,4.64,B2Iavar,0.1,2.19,-2.81
HIP 28734,91.0300689,23.26363207,4.16,G7III,21.64,-2.6,-119.72
HIP 28744,91.05626466,-6.7089502,5.19,B2Vne+,3.55,-3.55,3.62
HIP 28756,91.08448552,-32.17272393,5.65,B2V,3.01,-15.62,120.75
HIP 28764,91.11878029,-45.03720225,6.35,G0IV-V,37.46,-82.08,246.35
HIP 28765,91.12127446,51.5734987,6.39,A7III,8.28,2.3,-42.82
HIP 28790,91.16736258,-45.07954967,5.93,F4V,37.01,-79.98,254.28
HIP 28812,91.24244795,5.41997005,5.67,G7III:,2.96,-7.96,-0.18
HIP 28814,91.24316628,4.15867686,5.63,G4III,1.31,0.28,-2.38
HIP 28816,91.24638576,-16.48442713,4.92,Ap shell,3.05,-5.57,-3.17
HIP 28820,91.2607666,37.96428777,6.32,K0III+...,4.32,-3.08,-6.47
HIP 28823,91.26425064,42.9819855,5.9,F3V,19.38,-44.61,-144.2
HIP 28829,91.28427311,59.39333079,6.32,K1III-IV,6.92,2.69,-49.56
HIP 28831,91.28883455,75.58594336,6.28,K5,4.53,10.97,-9.99
HIP 28854,91.36258158,-10.24265912,5.88,F4V:,16.96,21.43,26.03
HIP 28855,91.36320378,-35.51368651,5.8,A0V,12.4,13.88,16.09
HIP 28861,91.39125755,33.59907187,6.23,B9sp...,3.48,-3.68,-9.09
HIP 28899,91.52304862,-29.75852227,5.79,A1V,12.25,10.94,-41.69
HIP 28908,91.53593305,35.38845807,6.12,G0V,37.9,-124.24,-295.3
HIP 28910,91.53889172,-14.93528629,4.67,A0V,19.14,-16.87,13.16
HIP 28909,91.53900939,-66.03968885,5.72,A0V,9.82,13.51,27.98
HIP 28930,91.59349085,29.51242509,6.01,M3II comp,3.65,12.72,-4.67
HIP 28943,91.63376334,-23.11077641,5.46,A2V,6.86,-10.39,-28.58
HIP 28946,91.64620701,38.48277233,5.35,A4m,8.57,10.76,-52.7
HIP 28949,91.66141788,-4.1938248,5.37,B5IV,1.53,-6.79,-4.65
HIP 28951,91.66333712,63.45381713,6.42,K0,7.87,-35.53,8.74
HIP 28957,91.67111635,-42.29879701,6.15,Am,10.13,-34.68,-2.92
HIP 28984,91.7396542,-21.81229045,5.74,M3II/III,3.5,-6.12,-3.67
HIP 28988,91.75760748,-45.09162196,6.48,K1III,8.76,79.69,46.17
HIP 28991,91.76401174,-62.15441128,5.04,K2/K3III,8.28,21.44,-69.66
HIP 28992,91.76528547,-34.31202171,5.82,B4Vnn,3.1,2.83,0.44
HIP 29025,91.86149787,41.85432982,6.15,K0III,3.91,-2.31,-19.79
HIP 29034,91.88180046,-37.25292114,5.0,B8:IV,4.28,0.9,0.3
HIP 29038,91.89300774,14.76852318,4.42,B3IV,6.1,4.95,-21.18
HIP 29048,91.92345906,-19.16600403,5.28,M1III,4.59,12.79,56.67
HIP 29064,91.97028171,-42.1540013,5.5,A0V,12.48,-11.08,-17.37
HIP 29114,92.09639645,41.05584589,6.34,G9III,8.5,0.89,-49.27
HIP 29129,92.14431962,-44.35622833,6.26,B8II,4.34,-9.74,6.65
HIP 29134,92.18476724,-68.84345717,5.06,B8V,11.78,-50.9,19.68
HIP 29140,92.19883451,-6.82139251,6.46,G5,8.98,-30.2,8.07
HIP 29150,92.24111381,-22.42728352,5.49,A0V,12.77,-3.85,-52.83
HIP 29151,92.24126844,2.49972675,5.7,A3Vn,5.35,-1.75,-14.17
HIP 29178,92.334149,-18.12633349,6.36,B9Vn...,7.96,3.51,-21.33
HIP 29185,92.34764312,-49.56301376,6.48,F8V,16.63,-10.68,74.96
HIP 29196,92.38517315,22.19027415,5.93,K4III,0.53,-6.99,-4.97
HIP 29205,92.39389063,-14.58469045,5.56,K2III,15.35,-15.74,29.55
HIP 29210,92.40089482,-5.71143334,6.16,F3IVw,16.39,64.76,1.8
HIP 29225,92.4332724,23.11346966,5.75,B2.5Ib,-0.51,-1.05,-1.43
HIP 29233,92.44648871,-26.70111783,6.27,G8/K0III,7.49,-17.97,13.09
HIP 29234,92.44961008,-22.77449062,5.71,F5V,18.48,87.66,60.76
HIP 29246,92.49581101,58.93564864,5.35,G8III,9.34,17.61,18.77
HIP 29263,92.54341638,-40.35396993,5.54,M2II/III,3.82,-20.93,73.14
HIP 29271,92.55918047,-74.7525279,5.08,G5V,98.54,121.84,-212.82
HIP 29276,92.574638,-54.96866057,4.72,B0.5IV,1.97,-4.11,6.53
HIP 29294,92.64452684,-27.15420421,5.72,K1III,9.84,-9.1,-57.18
HIP 29304,92.66636995,-45.28200681,6.28,A0V,4.92,-1.09,7.78
HIP 29323,92.75506934,-6.75419311,6.15,A0sp...,5.91,-4.68,-11.56
HIP 29326,92.75737574,18.13047056,6.37,K1II,1.23,1.78,-2.42
HIP 29348,92.80680923,60.45352679,6.48,M0,2.57,-21.68,-16.27
HIP 29347,92.80690013,-26.4821137,6.08,B9.5IV/V,4.83,0.82,5.42
HIP 29353,92.81256272,-65.58970507,5.01,M2.5III,4.86,-22.98,118.34
HIP 29371,92.86630447,13.63860428,6.04,A0Vnn,7.58,-4.9,-17.81
HIP 29379,92.88460504,24.42037914,5.83,K0III,4.33,0.99,-52.04
HIP 29388,92.90241065,48.71112468,5.78,A3V+...,10.49,14.3,-55.85
HIP 29401,92.93216682,-4.66543156,6.18,B9MNp...,5.52,-7.12,-3.38
HIP 29404,92.94129224,52.64736426,6.28,A5m,9.97,4.06,-73.13
HIP 29417,92.96590078,-6.55028276,5.06,B2V,2.71,-3.54,-1.83
HIP 29426,92.98498656,14.20881425,4.45,B3IV,5.14,-1.59,-20.23
HIP 29433,93.00557898,19.79057155,5.76,B9.5V,3.36,1.96,-11.82
HIP 29434,93.01365054,16.13044684,4.95,B5Vn,4.21,5.57,-16.77
HIP 29451,93.08387494,32.69338941,5.78,M1III,2.31,-8.69,-4.02
HIP 29490,93.21271986,65.71849922,5.36,K2II-III,5.08,7.23,-31.75
HIP 29509,93.2481935,6.01628978,6.45,M...,4.6,10.79,-13.1
HIP 29525,93.30190191,10.62786588,6.43,G8V,55.2,78.11,-297.1
HIP 29568,93.43885743,-23.86220749,6.37,G5V,59.9,-47.06,110.9
HIP 29569,93.43893097,51.17262369,6.07,K1III,8.08,-2.07,-63.63
HIP 29575,93.47601857,-3.74142288,5.83,G8III,10.36,-18.42,20.25
HIP 29616,93.61910415,17.90637842,5.86,A6m,7.21,-2.89,-10.63
HIP 29629,93.65294439,-4.56846315,5.83,B5V,5.28,-6.5,2.35
HIP 29650,93.71223277,19.15688949,5.2,F6V,47.33,-95.78,-181.59
HIP 29651,93.71390194,-6.27472737,3.99,K3III,5.06,-6.18,-20.06
HIP 29655,93.71956952,22.50682376,3.31,M3III,9.34,-62.53,-10.24
HIP 29679,93.78500463,-20.27226037,5.88,K2III,3.51,2.37,30.66
HIP 29678,93.78523916,13.85107261,5.91,B1V,2.38,24.21,10.65
HIP 29692,93.82379533,-18.47701325,5.99,K1III,15.66,19.43,-61.46
HIP 29696,93.84473576,29.49871224,4.32,G8IIIvar,19.31,-70.9,-261.73
HIP 29704,93.85469568,16.14320591,5.34,B7V,6.8,1.61,-12.66
HIP 29705,93.85898495,-9.0357511,6.09,B9III,4.27,-13.31,-2.47
HIP 29711,93.8735826,-4.91463574,5.99,A5IVs,15.03,22.68,-34.41
HIP 29716,93.89315534,-0.51165873,5.62,F6V,28.02,-158.04,-218.33
HIP 29728,93.91740586,6.06620795,6.07,B6V,4.39,-0.79,-17.38
HIP 29730,93.91878235,59.99903422,5.37,K3III,6.54,28.54,-24.14
HIP 29735,93.93699498,-13.71838696,5.0,B9V,8.7,12.26,-11.08
HIP 29736,93.93735931,12.55107067,5.44,B9II-III,2.33,-3.21,-1.54
HIP 29746,93.97490252,1.16900467,6.37,F5IV:,10.76,-6.51,30.36
HIP 29771,94.03206851,-16.61800865,5.97,B2/B3V,3.9,-9.19,0.9
HIP 29788,94.07848864,-59.21273358,6.44,G1V,27.5,-45.52,-316.87
HIP 29789,94.07939387,23.97004771,6.09,G8III,7.48,-13.64,-8.59
HIP 29798,94.09913445,17.18163062,6.39,K5II,4.48,-0.27,-9.59
HIP 29800,94.11070845,12.2717103,5.04,F5IV-V,51.0,83.07,186.28
HIP 29807,94.13806399,-35.14073157,4.37,G8II,17.83,0.39,87.58
HIP 29808,94.14833028,-39.26434877,6.0,A2Vm...,8.35,-15.33,-18.78
HIP 29840,94.24460603,23.74091563,6.24,B3Ia,1.56,-0.02,-2.61
HIP 29842,94.25512509,-37.7376495,5.54,K2III,10.78,1.35,83.91
HIP 29843,94.26466059,-22.71460054,6.05,F8/G0V,25.06,127.42,-258.64
HIP 29850,94.27756971,9.94253598,5.39,A2V,12.85,5.1,-59.86
HIP 29852,94.28988535,-37.25344284,5.88,A2V,16.1,-5.51,-22.63
HIP 29860,94.31770235,5.09969578,5.7,G0.5Vb,51.76,-189.37,171.18
HIP 29895,94.42388578,-16.81591325,5.15,K1III,5.75,-14.87,2.07
HIP 29913,94.46557314,-52.73303375,6.4,K2/K3III,3.8,8.55,0.95
HIP 29919,94.47846658,61.51529221,5.01,M3III,5.53,-9.61,-2.37
HIP 29931,94.52337933,14.3828485,6.12,A3V,5.12,-4.78,4.31
HIP 29941,94.55721559,-19.96699189,5.51,B2/B3V,3.28,-5.84,7.22
HIP 29949,94.57022944,46.36076039,6.33,K2III,9.43,12.56,-130.38
HIP 29982,94.66813687,9.04728472,6.24,K0,9.42,1.35,-41.96
HIP 29993,94.7032932,-15.02499416,6.04,M1III:,4.42,0.99,16.67
HIP 29996,94.71075178,-9.38996323,5.36,K1III,6.38,4.34,-22.68
HIP 29997,94.71158258,69.3200343,4.76,A0Vn,18.55,-1.64,-101.65
HIP 30011,94.74573891,-20.92562047,5.79,B3II/III,1.77,-3.32,3.9
HIP 30019,94.75769794,17.32527063,6.27,B9IIIsp...,5.17,-8.68,-4.8
HIP 30028,94.78309489,-8.58601705,6.22,B9V,8.17,-19.59,2.21
HIP 30060,94.90579498,59.01090518,4.44,A2Vs,21.88,-3.51,24.43
HIP 30062,94.90913958,-22.10314387,6.29,K3III,4.16,-37.05,10.28
HIP 30069,94.92063879,-34.39659537,5.76,B9V,8.24,4.39,1.84
HIP 30073,94.92833719,-7.82291023,5.27,B2.5V,3.96,-4.31,0.7
HIP 30093,94.9983516,-2.94449028,4.91,M1III,6.44,-7.31,-1.0
HIP 30099,95.0176158,14.65116899,5.67,K3Ib,5.95,-6.26,-17.27
HIP 30122,95.07827982,-30.06337656,3.02,B2.5V,9.7,8.0,3.81
HIP 30141,95.14654493,-23.63780374,6.49,K0III,5.1,-20.73,-65.68
HIP 30143,95.15099685,-34.14419295,5.55,B3V,1.62,0.42,19.94
HIP 30190,95.27262116,-11.81732932,6.32,K5,2.49,3.02,1.98
HIP 30200,95.29963245,29.54092745,6.41,A1Vs,9.64,9.48,-45.66
HIP 30214,95.35299081,-11.77324372,5.48,B1Vpe SB,1.95,-4.25,2.37
HIP 30217,95.35741582,2.26858774,6.3,A4.5V,9.76,-15.9,-26.84
HIP 30218,95.35797171,17.76360611,6.32,G9:III:,7.81,20.16,-42.26
HIP 30247,95.44211705,53.45239515,5.34,F5III...,17.54,22.24,-88.91
HIP 30272,95.51482583,59.37209783,6.05,A3V,7.73,-5.55,0.6
HIP 30277,95.52852147,-33.43627251,3.85,G7II,13.75,-24.19,-52.48
HIP 30318,95.65176776,12.57031541,6.0,F0III,15.87,-53.62,-32.04
HIP 30321,95.65929247,-69.98412773,5.56,K5III,5.48,25.96,34.75
HIP 30324,95.6749475,-17.95591658,1.98,B1II/III,6.53,-3.45,-0.47
HIP 30342,95.73278618,-56.3699207,5.6,Am,19.87,-40.24,-20.04
HIP 30343,95.73996302,22.51385027,2.87,M3IIIvar,14.07,56.84,-108.79
HIP 30352,95.75615393,-63.68317619,6.3,M1III,3.05,-17.07,16.45
HIP 30357,95.77654113,56.97652534,6.47,K1III,7.12,-0.62,-72.68
HIP 30376,95.81043243,-31.79031451,6.31,G8III,9.81,-43.21,0.81
HIP 30382,95.8270415,3.76451254,6.41,B3V,2.97,1.61,-9.56
HIP 30407,95.89966506,-9.87473901,6.11,K5,1.59,-2.82,4.8
HIP 30419,95.94207368,4.59283881,4.39,A5IV,25.39,-20.88,10.75
HIP 30420,95.94226257,-15.07126137,6.27,K2/K3III,2.07,0.07,1.77
HIP 30423,95.94548524,-58.54393301,6.47,A3V,10.22,9.54,25.51
HIP 30436,95.98297443,-25.57752992,5.61,K5III,4.68,3.57,-40.92
Canopus (α Car),95.98787763,-52.69571799,-0.62,F0Ib,10.43,19.99,23.67
HIP 30444,96.0042457,-36.70789674,5.62,K1II/III,10.58,-12.79,54.66
HIP 30448,96.00954036,8.88503625,6.24,B8Vn,3.87,-10.76,-9.0
HIP 30457,96.04313846,-11.53000982,5.21,K3III,7.76,-55.56,-32.11
HIP 30463,96.05783068,-60.28139797,5.78,A0V,11.37,-30.78,29.99
HIP 30468,96.0857525,-12.9619484,6.12,B4V,1.7,-3.3,3.65
HIP 30480,96.11071103,-63.42864724,6.45,G3III/IV,31.46,19.37,-116.0
HIP 30501,96.18227627,25.04871782,6.35,K2III,3.92,1.79,-1.67
HIP 30503,96.18328956,-28.77981914,6.37,G2V,45.38,-164.83,-120.68
HIP 30505,96.18541147,-40.28397042,6.3,B9V,6.24,-2.61,-3.67
HIP 30517,96.21981547,16.05723053,6.35,G9III,8.47,23.31,-41.37
HIP 30520,96.22459158,49.28789903,4.92,K5Iabvar,0.85,0.82,-2.48
HIP 30524,96.23252208,-63.82817363,6.26,B6V,4.59,-5.39,12.22
HIP 30541,96.30416365,7.08571682,6.26,K1Iabv SB,0.42,2.85,-1.49
HIP 30545,96.31836214,-0.94535265,5.88,F8V,30.22,238.3,-218.04
HIP 30564,96.36739843,14.72200346,6.3,C5II,2.51,-3.06,-4.57
HIP 30565,96.36937934,-69.69078672,5.37,G8III,12.25,-13.25,200.75
HIP 30566,96.37502195,-35.0640411,6.24,K3III,6.44,0.11,-46.15
HIP 30570,96.38725983,23.327209,6.05,A2Vn,5.64,-5.97,-16.6
HIP 30591,96.43189775,-48.17684903,5.76,B9V,4.83,-3.81,-20.28
HIP 30595,96.44641262,-3.88902523,6.33,G9III,3.15,-7.84,-2.98
HIP 30602,96.46804172,11.12590779,6.39,A0,7.18,-7.71,-9.57
HIP 30608,96.4951186,-7.89497456,6.4,A4V,5.86,-0.36,-3.51
HIP 30627,96.54001992,-3.51584922,6.42,G5,6.08,-92.14,65.1
HIP 30651,96.60776525,56.2850437,5.53,A3m,12.01,-25.21,21.57
HIP 30660,96.64352725,-4.59739332,6.16,B2.5V,2.69,-3.72,-2.6
HIP 30666,96.66496281,-1.50726444,5.87,A3Vn,14.26,-10.11,-29.4
HIP 30669,96.67773299,-14.60340061,6.32,K0/K1III,5.82,2.24,-11.68
HIP 30675,96.6868717,-7.51190723,6.35,A0Vn,7.97,4.54,-11.8
HIP 30679,96.70366348,58.41741346,5.21,K4III,4.78,-5.52,-1.77
HIP 30703,96.76723213,-58.00210529,5.82,K3III,5.38,-8.51,-4.43
HIP 30706,96.78160751,-37.89561574,6.48,F3V,20.09,-1.38,44.75
HIP 30711,96.79782098,-25.85597162,6.05,F8/G0V,33.48,-171.52,-215.83
HIP 30717,96.80733207,0.29926632,5.19,K1II,3.43,2.9,-8.25
HIP 30720,96.8149602,-0.27598684,5.55,K5III,4.35,1.62,-5.19
HIP 30728,96.83531772,2.90825624,5.55,G9III,11.15,-43.38,13.01
HIP 30741,96.89798668,32.56311006,6.43,K0,7.49,7.0,-67.56
HIP 30769,96.98620696,20.49628855,6.22,A2Vs,6.06,-29.05,12.91
HIP 30772,96.98988336,-4.76214677,5.06,B2V,2.41,-4.23,-3.14
HIP 30788,97.04257272,-32.58012947,4.47,B4V,8.03,-13.78,24.24
HIP 30794,97.0603577,70.53529114,6.03,A4V,5.89,-0.76,11.81
HIP 30798,97.06987797,1.91271649,6.48,B9V,6.67,-6.72,-15.28
HIP 30804,97.07832159,10.30399931,6.16,K2III-IV,13.09,27.84,-43.74
HIP 30815,97.11712064,16.23850447,6.24,G5,15.49,-91.15,-48.56
HIP 30827,97.14203636,30.49306993,5.75,F5.5Ibv,2.09,0.34,-14.95
HIP 30836,97.15587229,-17.46603282,5.76,K0III,7.69,16.89,9.83
HIP 30840,97.16351878,-32.37129738,5.74,B5IV,3.96,-2.14,7.55
HIP 30849,97.17664773,-41.07491108,6.32,F2/F3V,12.37,39.62,13.94
HIP 30867,97.20447548,-7.03305042,3.76,B3Ve,4.72,-7.0,-4.97
HIP 30883,97.24079361,20.2121672,4.13,B6III,6.49,-5.98,-14.08
HIP 30906,97.31172004,2.64629152,6.17,M1,3.83,-2.2,-39.94
HIP 30932,97.36891553,-56.85284448,5.2,K0III,10.44,-38.15,32.34
HIP 30953,97.45469519,-50.23895882,5.28,F2V,19.33,-67.56,-51.83
HIP 30972,97.51241701,46.68553561,5.88,K4III,6.15,-6.64,7.5
HIP 30973,97.51253886,-65.56838774,6.28,F0III,10.27,1.09,59.75
HIP 30986,97.54700158,-10.08150589,5.92,K0,0.52,-7.27,-2.27
HIP 30988,97.54922429,-19.21483605,6.44,M0/M1III,2.59,6.41,-21.99
HIP 31024,97.64536676,-13.14817605,6.16,B2III,2.84,-4.86,1.45
HIP 31037,97.69288857,-27.7695891,5.92,B3IV/V,2.89,-7.55,5.87
HIP 31039,97.69642228,58.16345682,5.86,K0IV,17.56,-30.02,-338.85
HIP 31056,97.74958026,-40.9162799,6.19,K3III,5.61,-6.07,10.85
HIP 31066,97.78983509,11.25138166,6.17,B2V:nne,0.59,4.6,-2.53
HIP 31068,97.7943764,-61.87957075,6.15,B3V,2.84,-9.53,10.74
HIP 31072,97.80457202,-35.25886111,5.82,G8III+...,4.02,-2.48,8.55
HIP 31079,97.82591372,-51.82620719,5.58,F8V,26.87,102.5,104.6
HIP 31084,97.84591544,-12.39190922,5.16,K1III,9.51,42.1,-17.87
HIP 31086,97.85002981,-32.86856538,6.31,M4III,3.3,-17.02,6.94
HIP 31099,97.89561314,-36.94019636,6.26,M2/M3III,3.5,1.54,69.73
HIP 31105,97.90599352,15.90353353,6.38,A8V,9.75,-7.78,-13.28
HIP 31119,97.9512018,11.5443434,5.22,A3V,15.44,17.61,28.16
HIP 31121,97.95861449,-8.15818115,5.43,K2III,3.75,-9.21,-22.16
HIP 31125,97.96403433,-23.41843727,4.34,B1III,1.59,-2.72,6.45
HIP 31137,97.99296524,-58.75384073,5.69,B9V,4.5,-0.67,2.39
HIP 31158,98.07717921,17.78428626,6.26,F6V...,9.21,36.43,25.96
HIP 31159,98.08010878,4.85599529,5.88,K0V,6.3,-35.56,1.57
HIP 31165,98.08888798,-37.69651376,5.25,G8III,11.95,73.3,-77.42
HIP 31167,98.0963736,-5.86871833,5.6,F0Vnn+...,23.13,-0.87,-41.78
HIP 31168,98.09697283,11.67360561,6.08,K0III,3.91,1.64,-35.37
HIP 31173,98.11334517,32.45494059,5.82,A3m + A3m,11.86,-26.51,-17.52
HIP 31190,98.16241008,-32.03045378,5.73,B2V,3.89,-2.84,2.87
HIP 31205,98.19534629,-11.16639661,6.3,K0III:...,8.25,-15.95,6.22
HIP 31216,98.22595658,7.33297921,4.47,A0Ib,2.16,-3.89,-5.8
HIP 31241,98.29266641,-38.62514452,6.44,G8III,6.93,-0.98,-18.54
HIP 31265,98.35963588,-52.32931746,6.18,G8III,5.37,-32.87,34.37
HIP 31266,98.36118059,-20.92389414,6.39,K0III+...,8.85,-17.73,-27.54
HIP 31277,98.40072046,14.15537477,5.57,K2III:,12.75,-14.27,-87.02
HIP 31278,98.40800314,-1.22011054,5.09,B5Vn,6.08,2.14,-17.68
HIP 31299,98.45621385,-36.23226731,5.42,K3III,8.02,-15.31,97.95
HIP 31359,98.63665152,55.35302921,6.45,K0III:,2.1,2.69,5.21
HIP 31362,98.64720407,-32.71626113,5.62,B9V,6.7,3.18,2.7
HIP 31385,98.69303336,7.57249971,6.44,A0Vs,9.01,-16.76,-7.43
HIP 31407,98.74411397,-52.97563454,4.35,B9III,1.85,-7.65,11.33
HIP 31416,98.76408302,-22.96483318,4.54,A0III,7.92,13.11,16.52
HIP 31434,98.80025751,28.02234399,5.26,A0Vnn,7.3,-0.41,-12.46
HIP 31446,98.81595606,0.89022204,5.78,B8Ib,1.14,-3.36,-2.33
HIP 31448,98.82331871,9.98835403,5.93,K4III,2.06,0.34,-7.7
HIP 31457,98.85093436,-36.77993005,5.59,A0V,5.62,-8.31,20.82
HIP 31469,98.87838592,-22.10900153,6.32,K0III,6.35,9.62,-21.39
HIP 31509,98.97530182,-36.08845467,6.36,F6V,24.83,-59.85,-73.04
HIP 31564,99.09524032,-18.65994454,5.71,G8/K0III+..,11.79,-11.82,16.82
HIP 31579,99.13682373,38.4455521,5.4,C5II,1.8,-1.76,-21.41
HIP 31583,99.14720939,-5.21110831,5.52,B8V,3.91,2.99,-14.33
HIP 31592,99.17082883,-19.25570928,3.95,K1III+...,50.41,62.32,-69.91
HIP 31593,99.17112193,-22.61475069,6.35,B3V,4.34,-8.05,7.74
HIP 31599,99.19416835,-13.32097688,5.95,K4/K5III,4.24,-2.16,-24.25
HIP 31603,99.21364301,-41.55715503,6.36,K0II,1.93,1.28,5.62
HIP 31617,99.25787432,-38.14661562,6.03,K0III,7.52,-1.52,45.24
HIP 31637,99.30767433,-36.99068388,5.72,B6IV,1.97,-9.85,13.59
HIP 31646,99.35017866,6.13538051,6.05,O8e,-0.74,-1.84,0.68
HIP 31650,99.36371266,24.59084471,6.44,A3V,6.0,-3.94,2.55
HIP 31662,99.40382259,10.85337292,6.39,K0,3.69,-37.96,-32.68
HIP 31665,99.40999549,56.85750718,5.87,A2V,10.12,-9.26,9.79
HIP 31672,99.41812228,2.70427865,6.17,K1III,6.87,-39.41,-49.44
HIP 31674,99.41994734,-12.98481239,6.11,K1III:,11.75,9.26,-124.82
HIP 31676,99.42350092,61.48190031,5.94,G8IV-V,18.82,-208.21,-274.56
HIP 31681,99.42792641,16.39941482,1.93,A0IV,31.12,-2.04,-66.92
HIP 31685,99.44029869,-43.19592394,3.17,B8III SB,7.71,-0.43,-3.99
HIP 31688,99.44809882,-32.33989066,5.25,K1III,8.24,108.96,64.13
HIP 31697,99.4696009,4.95666675,6.14,B1Ib,-0.68,-0.12,1.31
HIP 31700,99.47260802,-18.23745713,4.42,K0II/III,7.03,-6.86,-8.47
HIP 31703,99.48017707,73.69562922,6.26,F2,28.12,-169.55,2.65
HIP 31711,99.50176847,-61.53356388,6.15,G1/G2V,46.15,-50.08,72.69
HIP 31733,99.58526906,-2.54391246,6.14,K2,4.42,-14.45,6.48
HIP 31736,99.59545789,-23.58030165,6.48,A2V,4.89,-1.9,-8.14
HIP 31737,99.59591342,28.98439129,5.76,B9npe...,7.74,-18.7,-15.52
HIP 31758,99.64763095,-16.87348646,6.01,A0IV,7.08,-8.37,-24.83
HIP 31765,99.65680209,-48.22023129,5.05,G8III,7.48,3.92,19.83
HIP 31766,99.65911442,1.61352424,6.23,O9.5II,0.96,0.12,-2.41
HIP 31771,99.66480928,39.3911153,5.7,K5III,10.3,-22.05,-107.49
HIP 31789,99.70494411,39.90258791,5.34,B8III,4.3,-8.37,-11.99
HIP 31813,99.77204904,22.0309399,6.09,G9III,7.78,13.23,-24.2
HIP 31827,99.81965168,-14.14574673,4.82,K2III,2.07,4.58,-7.0
HIP 31832,99.83261264,42.48901214,4.8,K3III,7.54,-0.97,-55.65
HIP 31850,99.88112691,24.59994297,6.43,F8IV,28.44,19.31,90.21
HIP 31852,99.88801566,28.26315774,6.02,B7III,4.6,-5.66,-9.75
HIP 31859,99.90092445,-23.69564336,6.05,A0V,5.31,4.4,-7.84
HIP 31870,99.92777365,-30.47002424,5.7,K1III,13.54,-7.33,-191.92
HIP 31876,99.94885571,12.98280259,5.99,A2V,11.28,-15.0,-14.14
HIP 31889,99.99111506,44.01410409,6.35,K1III,4.92,22.35,4.09
HIP 31897,100.01211946,-80.81372235,5.61,A5III,8.07,-5.08,53.37
HIP 31940,100.12015519,77.9957971,5.75,K5III,5.63,14.25,-6.02
HIP 31946,100.13434964,71.74875988,5.88,K0III,4.92,4.23,10.7
HIP 31978,100.24442101,9.89576021,4.66,O7,3.19,-0.66,-2.51
HIP 31992,100.27268782,0.4953354,5.79,B8III,2.82,-7.48,-5.04
HIP 32007,100.30905681,-40.34987312,6.16,B4V,3.08,-5.68,10.64
HIP 32012,100.32173864,11.00317922,6.19,M1III,1.28,4.99,7.49
HIP 32019,100.33707287,28.19664431,6.45,G5Ib,2.31,0.58,-2.49
HIP 32020,100.34143469,16.39766033,6.28,A1V,4.15,-4.72,-4.24
HIP 32040,100.40737405,35.93199076,6.48,F8III,12.71,-17.81,-25.9
HIP 32064,100.48485939,-9.16742468,5.21,M0III,8.63,34.99,-46.05
HIP 32067,100.49679354,6.34541897,6.36,O6,-0.08,0.81,2.35
HIP 32091,100.56829883,-38.39879925,6.28,A+...,10.95,-15.02,3.33
HIP 32104,100.60134402,17.64551421,5.2,A2V,23.41,6.97,-86.87
HIP 32144,100.69199298,-22.4488355,6.26,F2V,20.45,-54.07,100.9
HIP 32173,100.77086794,44.52452351,5.04,K5III,10.66,-45.05,-30.28
HIP 32177,100.7775365,3.03382319,6.18,K0,3.94,9.28,-9.25
HIP 32190,100.80718325,37.14743034,6.21,K0,6.82,25.24,-22.54
HIP 32208,100.84731179,-39.19308157,6.3,A8:+...,5.94,-2.92,-15.13
HIP 32222,100.90305337,-73.11796953,6.36,G8III,7.76,12.43,-98.28
HIP 32226,100.91102453,3.93253483,5.88,B0III,-0.14,-0.6,-2.88
HIP 32246,100.98304088,25.13115531,3.06,A3mA6-A9,3.61,-5.93,-12.81
HIP 32249,100.99705857,13.22814319,4.49,K1III,11.82,-2.29,-51.8
HIP 32261,101.04781966,53.29642733,6.28,K0,13.27,34.68,-200.98
HIP 32268,101.05216634,36.10925853,6.37,A2V,3.59,5.17,-0.09
HIP 32269,101.05336472,-54.69552342,6.47,B5/B6V,4.43,-16.64,6.68
HIP 32292,101.11862078,-31.07053787,5.23,B2V,1.25,-3.04,6.24
HIP 32311,101.18943633,28.97098912,5.42,K4III,5.72,-8.75,-23.65
HIP 32322,101.21648345,-27.34238072,6.43,F7V,37.6,-6.18,293.89
HIP 32332,101.23197446,-70.43377284,6.1,K3III,5.18,-15.57,5.94
Sirius (α CMa),101.28854105,-16.71314306,-1.44,A0m...,379.21,-546.01,-1223.08
HIP 32362,101.3226398,12.89605513,3.35,F5IV,57.02,-115.16,-190.91
HIP 32366,101.34616795,-31.79292174,5.92,F7V,41.2,-204.91,-304.13
HIP 32368,101.34740523,-23.46248865,6.04,K2III,6.63,-19.7,23.38
HIP 32385,101.37996161,-30.94899076,5.62,B+...,2.06,-3.11,4.2
HIP 32402,101.47383863,-52.40971351,5.81,K3III,2.37,-3.55,9.14
HIP 32404,101.47583193,12.69356775,6.47,A9III,2.86,-2.18,-2.62
HIP 32411,101.49750507,-14.79608441,5.3,A1IV/V,8.19,-11.02,-17.63
HIP 32434,101.55064809,-37.77534788,6.19,B3Vne,2.25,-8.48,9.51
HIP 32438,101.55896951,59.44169108,4.86,A3V,14.26,-18.11,-8.67
HIP 32439,101.56028979,79.56627808,5.44,F8V,56.02,-99.03,-603.61
HIP 32463,101.63507823,8.5871691,5.92,B2.5V,2.92,-4.99,-6.76
HIP 32474,101.66259605,-10.10736196,5.66,B9.5V,6.09,-10.77,0.77
HIP 32477,101.67373429,-54.69506225,6.45,G6III,7.87,-42.54,14.08
HIP 32480,101.68474593,43.57702483,5.24,G0V,60.56,-0.28,165.49
HIP 32489,101.70622699,57.1692705,5.34,K0III,15.69,13.9,-38.79
HIP 32492,101.7128908,-14.42599569,5.28,B8/B9III,5.08,-3.14,10.24
HIP 32494,101.7195573,-51.2654494,5.39,K1II/IIIp+G:,3.6,-22.01,-89.56
HIP 32500,101.74383218,-87.02497454,6.46,F3V,25.55,4.64,4.2
HIP 32504,101.75621912,-21.01541689,6.07,B7II/III,4.88,-15.17,6.24
HIP 32531,101.82795802,-55.54004918,5.6,K5III,5.45,-0.86,25.08
HIP 32533,101.83268467,8.03728277,4.77,K4III,6.73,-23.34,-11.84
HIP 32537,101.83919491,-37.92967246,5.27,B8/B9V,9.85,-9.92,-10.57
HIP 32539,101.84773812,18.19355653,6.35,A2V,7.56,-0.02,-43.08
HIP 32558,101.90509833,-8.99850109,5.08,M1II,2.49,-4.21,-0.61
HIP 32562,101.91491974,48.78946087,5.22,K1III,7.69,-5.25,6.4
HIP 32578,101.96523679,2.41218914,4.48,K0III,8.74,-12.97,-12.36
HIP 32607,102.04807134,-61.94197988,3.24,A7IV,32.96,-68.39,242.03
HIP 32609,102.05096806,55.70444959,5.54,F5V:+...,21.26,57.71,-104.75
HIP 32617,102.07953302,-1.31883901,5.75,F1V,24.95,-37.74,-34.33
HIP 32677,102.24057628,-15.14471091,5.39,B7IV,5.37,-0.56,-6.04
HIP 32682,102.26523768,1.00207185,6.16,B3II-III,1.65,-0.95,-2.96
HIP 32698,102.31839228,-2.27202783,5.75,B8IIIn,5.84,-8.82,-4.33
HIP 32740,102.42224358,32.60687904,5.72,K3II,10.63,-39.68,-50.71
HIP 32744,102.4333394,-24.07603332,6.31,A0/A1V,5.58,0.99,-13.59
HIP 32746,102.43457913,37.51273042,6.49,K5,4.33,-22.86,7.3
HIP 32753,102.45768904,16.20291318,5.87,B7III,3.52,-14.94,-10.44
HIP 32759,102.46027285,-32.50848752,3.5,B1.5IVne,4.13,-9.18,4.04
HIP 32761,102.46381712,-53.62249221,4.41,G6II,5.9,-2.27,17.57
HIP 32765,102.47757095,-46.61547007,5.14,F5III,39.66,-0.56,374.38
HIP 32768,102.48390349,-50.61439973,2.94,K0III...,17.85,34.23,-65.85
HIP 32775,102.50420544,-60.24940871,6.11,F7III-IV,30.16,4.8,107.92
HIP 32809,102.59072133,-17.08455798,5.77,K3III,2.1,-6.8,1.27
HIP 32810,102.597291,-31.70609416,5.74,B3V,4.54,-1.7,15.12
HIP 32814,102.60624923,13.41319516,5.68,K3III,2.17,-1.86,-7.55
HIP 32827,102.65400772,-25.77840876,6.32,B2III/IV,2.71,-4.2,6.08
HIP 32838,102.67628645,-8.04100355,6.31,A2p SrCrEu,9.89,-8.95,2.98
HIP 32844,102.69151315,41.78156548,4.99,K3III,8.95,-23.94,-138.02
HIP 32851,102.70757903,-0.54042726,5.78,F2V,33.45,22.12,-187.07
HIP 32855,102.71812209,-34.36732059,4.99,K2/K3III,3.6,4.52,0.85
HIP 32864,102.7378672,67.57192306,5.14,B4IV,3.76,0.93,4.58
HIP 32912,102.86241294,-70.96347336,5.41,B7IV,5.84,4.02,25.56
HIP 32918,102.88568011,-48.29272906,6.42,K2/K3III,4.69,18.97,-10.41
HIP 32921,102.88770733,21.76123162,5.28,A2V,6.16,-6.11,-34.48
HIP 32931,102.91405812,3.04206333,6.37,A2Vs,10.95,4.19,-29.65
HIP 32938,102.92687429,-36.230126,5.94,A3V,18.14,-40.47,-59.14
HIP 32968,103.00004886,23.60174256,5.68,K5III,6.36,-39.29,-10.11
HIP 32990,103.09530858,-5.31624393,6.3,K0,6.84,-22.04,-13.7
HIP 33012,103.18933679,-59.34128772,6.41,A3m...,6.94,-14.82,38.22
HIP 33015,103.19640231,-43.97560689,6.47,B8V,7.69,2.36,5.37
HIP 33018,103.1972503,33.96136985,3.6,A3III,16.59,-2.66,-47.67
HIP 33024,103.2061973,8.38044841,5.75,F0Vn,15.98,-32.9,-30.86
HIP 33040,103.25127657,-26.95747344,6.33,M6III,3.93,-9.4,-65.27
HIP 33041,103.25588612,38.86913968,6.1,F2V,6.15,-3.4,7.2
HIP 33044,103.26475164,35.78800835,6.03,K3III:,4.67,-1.62,-5.44
HIP 33048,103.27109036,59.44865494,5.34,G4III...,7.4,-10.84,-45.93
HIP 33056,103.2815609,44.84008268,6.24,A8Vn,9.08,5.44,-58.41
HIP 33064,103.30570458,38.43844844,6.32,F5V:,15.21,42.31,-178.92
HIP 33077,103.32851233,-19.03277877,5.65,A9/F0III,9.9,-48.87,6.49
HIP 33079,103.34102903,-18.93292926,6.13,A3III,7.12,-9.98,35.16
HIP 33082,103.34333787,10.99694209,6.3,K0III,7.83,-0.45,-120.13
HIP 33092,103.38712732,-20.22426366,4.82,B1Ib,2.02,-5.14,4.07
HIP 33094,103.3906464,-28.53872019,6.05,G3/G5V,38.77,282.83,-441.94
HIP 33104,103.42600463,68.88829173,5.11,B7III,3.26,4.53,7.3
HIP 33126,103.4810651,-24.53875948,6.23,A0V,6.91,-4.22,1.44
HIP 33133,103.48780858,38.50508594,6.46,B9.5sp...,3.95,-0.45,-27.72
HIP 33139,103.50962353,-50.61214118,6.24,K0/K1III,18.63,-55.72,222.66
HIP 33152,103.53314518,-24.18422296,3.89,K3Iab,1.65,-3.46,5.02
HIP 33154,103.53582454,-5.85220154,6.39,A6Vn,5.8,-11.21,5.6
HIP 33160,103.54783633,-12.03859273,4.08,K4III,12.94,-139.04,-14.47
HIP 33184,103.60273751,-1.1269609,5.44,A4IV,6.73,14.01,-14.27
HIP 33189,103.61118619,-42.36561926,6.32,C3II,2.39,-1.28,19.62
HIP 33202,103.66080771,13.17801628,4.73,F0Vp,35.79,70.19,-77.79
HIP 33210,103.67517925,-1.75648542,6.2,B3IVe+...,0.71,1.0,-0.14
HIP 33243,103.74550117,-2.80358713,6.03,G6III:,2.59,-5.25,-0.45
HIP 33248,103.76140934,-20.40485094,5.8,A2V,5.39,0.38,-10.35
HIP 33269,103.81106808,43.91004808,6.16,A9III,3.75,1.64,-6.97
HIP 33271,103.81338898,45.82658764,6.31,K0III-IV,8.52,-31.15,-73.84
HIP 33277,103.82787799,25.37563643,5.74,G0V,57.89,-35.75,25.14
HIP 33297,103.89428792,8.32428996,6.28,A0V,9.74,-23.05,-1.88
HIP 33302,103.90582904,-20.13659348,4.66,F2IV/V,34.21,51.35,39.75
HIP 33316,103.94554133,-22.9414495,5.29,B2/B3III,1.51,-3.24,4.18
HIP 33330,103.97824254,-31.7901956,6.36,B3V,2.3,-8.17,6.67
HIP 33345,104.0276949,-14.04344644,5.0,B9.5V,3.59,-1.7,6.89
HIP 33347,104.03427636,-17.05424675,4.36,B3Ib/II,1.06,-2.46,1.91
HIP 33357,104.0666214,-48.72116448,4.94,M1III,3.07,1.57,8.4
HIP 33372,104.10767805,9.95659959,5.9,B8Vn,5.81,-16.05,-8.98
HIP 33377,104.13358487,46.27398621,5.85,B8III,3.95,-3.59,4.98
HIP 33384,104.14366809,-79.42018913,5.45,B9.5V,9.17,-1.54,-1.61
HIP 33394,104.19043191,-35.34134788,6.27,K2III,5.06,-2.37,5.52
HIP 33415,104.23387146,46.70553754,5.88,K0III:,9.76,-92.66,-76.25
HIP 33420,104.25040195,-8.17926621,6.31,A2V+...,3.57,-2.05,-11.84
HIP 33421,104.25223594,33.68103629,5.91,G5III,8.47,-24.49,0.99
HIP 33444,104.30468454,57.563249,6.03,K3III,4.87,13.15,15.61
HIP 33449,104.31916052,58.42305973,4.35,G5III-IV,19.14,6.58,-123.53
HIP 33451,104.32338804,-35.50720085,6.23,F5V,23.15,-40.38,19.58
HIP 33453,104.3270914,37.39473253,6.48,M3,3.28,0.94,-4.09
HIP 33465,104.35661187,11.9075614,6.26,F2Ib-II,0.5,0.63,-3.14
HIP 33478,104.39153761,-24.63105594,5.45,F3V,25.94,-96.27,88.42
HIP 33485,104.40468738,45.09410202,4.9,A2Vn,14.49,-21.67,-3.18
HIP 33492,104.42765274,-27.53752364,6.22,B2/B3V,3.2,-8.99,7.6
HIP 33532,104.53147991,-27.16439185,6.36,B2V,2.24,-2.5,4.26
HIP 33558,104.60460729,-34.11172588,5.07,B4IV/V,4.29,-16.54,7.15
HIP 33575,104.64959747,-25.41416976,5.59,B2V,3.13,-6.65,5.27
HIP 33577,104.6516388,-56.39476607,6.46,F2II,10.01,-22.81,-34.06
HIP 33579,104.65644451,-28.97208931,1.5,B2II,7.57,2.63,2.29
HIP 33584,104.66221582,7.62235151,6.25,A3V,13.69,-30.69,-21.19
HIP 33588,104.66587384,-55.72892565,6.26,K2III,11.64,-64.14,-80.9
HIP 33590,104.67392127,-45.76758269,6.23,A0V,7.68,-13.64,-4.09
HIP 33591,104.68210351,-30.99805276,6.41,B3V,4.23,-10.74,6.63
HIP 33595,104.69798197,26.08085056,6.2,F8Vbwvar,21.1,-162.14,94.1
HIP 33603,104.73761182,3.60236429,5.96,G8III,3.52,-3.59,-3.65
HIP 33614,104.76199195,38.05261545,6.02,K2III,5.41,-42.86,-122.69
HIP 33644,104.83408286,7.31698612,6.34,B7III,2.58,-8.81,-7.77
HIP 33650,104.86639602,25.91418673,6.4,B8III,2.72,-4.62,-6.57
HIP 33666,104.91356967,-21.60289593,6.26,B2III,2.33,-2.93,4.87
HIP 33682,104.96074141,-67.91701197,5.18,K3III,11.26,-27.0,234.21
HIP 33694,105.0160332,76.97744152,4.55,K4III,17.43,73.18,-13.88
HIP 33703,105.03452285,-20.15843758,6.32,B3V,2.73,-5.93,5.26
HIP 33715,105.06593512,16.07900547,5.73,K3Ib,0.56,-0.44,-3.02
HIP 33719,105.07543371,-5.3673572,6.29,G0III-IV,35.63,-115.76,80.35
HIP 33729,105.09900277,-8.40682482,5.95,B9III,2.97,-7.18,1.69
HIP 33754,105.1639126,-9.20297055,6.49,B1Ib,1.11,-0.87,1.64
HIP 33760,105.177198,-28.48947369,6.28,F3/F5V,14.67,-23.42,-41.48
HIP 33774,105.20724583,-33.4657203,6.39,G8II/III,7.8,13.13,78.19
HIP 33779,105.21460498,-51.4026336,5.14,M1III,5.28,-21.64,20.12
HIP 33800,105.27157418,-58.94029633,6.01,F0V,18.65,-56.89,147.82
HIP 33804,105.27478853,-25.21564581,5.64,B2/B3III/IV,3.17,-4.58,4.65
HIP 33827,105.33914914,70.80833421,5.69,K4III,7.14,12.75,-15.8
HIP 33856,105.42979876,-27.93484165,3.49,K4III,2.68,-6.01,4.64
HIP 33873,105.47045579,-1.34578762,6.2,K0,7.69,13.72,-39.27
HIP 33878,105.48497076,-5.72208135,5.22,M2III,4.78,-14.49,6.58
HIP 33909,105.56449056,-43.40386918,6.44,A0V,7.99,1.81,-0.31
HIP 33914,105.5728766,15.33606893,5.78,K1III:,5.06,4.79,-25.03
HIP 33927,105.6032693,24.21544652,5.2,G5II,1.97,-6.46,-0.4
HIP 33929,105.60634028,17.7554551,5.96,M1.5,2.41,21.03,27.15
HIP 33937,105.63872677,16.674465,5.86,M2III,1.7,-11.92,-7.32
HIP 33971,105.72824798,-4.23923814,4.99,B1V,2.92,-4.73,2.81
HIP 33977,105.75613986,-23.83330131,3.02,B3Ia,1.27,-1.56,4.28
HIP 34000,105.8129557,-59.17813539,5.5,B9IV,6.77,-9.98,10.93
HIP 34002,105.82470567,9.13834729,5.96,A3Vs,12.59,-23.58,3.06
HIP 34017,105.87647681,29.33909345,5.93,G4V,52.37,155.73,-828.01
HIP 34033,105.90863811,10.95184577,5.14,K3III,4.39,-2.03,-11.98
HIP 34045,105.93955493,-15.63325876,4.11,B8II,8.11,-0.81,-11.2
HIP 34055,105.96501258,12.59425915,6.01,K5,2.58,-6.69,-6.87
HIP 34059,105.97356647,-49.58425759,4.92,A4IV,16.98,-53.69,139.0
HIP 34065,105.98916816,-43.60898397,5.56,G3V...,61.54,-102.7,388.95
HIP 34066,105.98941087,-10.12376711,6.44,B9IIIn,2.56,-5.44,0.71
HIP 34081,106.01169961,-42.33745341,5.2,Am,10.34,-18.14,71.48
HIP 34086,106.02187558,-5.323971,5.63,K3III,2.5,-3.57,-3.2
HIP 34088,106.02723079,20.57029939,4.01,G3Ibv SB,2.79,-5.72,-0.96
HIP 34105,106.07632905,-56.7497313,5.14,A0p:,11.55,10.99,2.85
HIP 34142,106.19601008,-22.03160173,6.09,K2IIICN...,9.89,14.49,-35.48
HIP 34168,106.28745032,47.77504347,6.37,B9IIIn,2.36,0.28,0.09
HIP 34177,106.31830326,-50.36013794,6.47,K3III,4.14,-24.4,39.58
HIP 34182,106.32654307,22.63748109,6.0,B8Vn,6.82,-0.95,-9.3
HIP 34200,106.38353593,-34.77779761,6.15,F2V,17.96,-41.16,40.13
HIP 34215,106.4125041,9.18583678,5.78,M0III,5.8,41.94,-14.99
HIP 34217,106.41594546,52.75868505,6.17,A3Vs,9.4,-34.28,-52.38
HIP 34238,106.46506343,70.73194016,6.49,K0III,3.85,31.28,-6.71
HIP 34248,106.50205197,-30.6557289,6.34,B3V,3.93,-8.22,7.41
HIP 34250,106.50504379,59.80185721,6.4,G8III:,9.33,22.0,-2.88
HIP 34253,106.5094179,-38.38288828,6.09,G0III,4.94,6.64,14.23
HIP 34267,106.54845981,34.47408682,5.55,G8IV,10.68,-55.0,-49.06
HIP 34270,106.55959722,-68.83757671,6.47,K0III,6.51,5.46,-1.3
HIP 34297,106.64986453,-12.39395311,6.48,B7Iab...,0.66,-3.72,1.75
HIP 34301,106.6698695,-11.29401875,5.41,B0.5IV,1.15,-3.27,1.96
HIP 34318,106.71868219,-24.96058078,6.09,K2III,3.36,-12.51,3.76
HIP 34338,106.77700298,4.91059836,6.1,B9.5III,4.6,-16.25,-6.74
HIP 34339,106.77952459,-40.8932956,5.8,B3V,3.87,-10.62,11.3
HIP 34349,106.80542082,-51.9683879,5.96,K0III,5.78,-11.91,42.99
HIP 34350,106.81784892,-59.71643858,6.46,B3V,2.24,-7.35,9.28
HIP 34358,106.84338053,34.00936165,5.94,K4III,4.79,-18.27,-30.43
HIP 34360,106.8441212,-23.84073435,5.75,B2V:nn,1.1,-2.55,5.11
HIP 34367,106.85367604,28.17669553,6.47,B9V,5.94,-7.19,-0.38
HIP 34387,106.95618723,7.47129491,5.74,K0III:,5.74,6.69,-33.29
HIP 34428,107.05532498,33.83245659,6.31,K1,3.88,-7.76,-28.16
HIP 34440,107.0918432,15.93092642,5.47,G8III,10.68,-5.02,-103.52
HIP 34444,107.09785853,-26.39320776,1.83,F8Ia,1.82,-2.75,3.33
HIP 34462,107.15103117,37.44513204,6.19,K1III,4.69,-6.29,-14.94
HIP 34473,107.1764228,-70.49734046,5.68,F2,22.16,17.17,104.08
HIP 34481,107.18676883,-70.49919435,3.78,G8IIIvar,23.02,23.71,108.06
HIP 34495,107.21281817,-39.65567374,4.83,B3IV/V,4.34,-10.97,7.01
HIP 34536,107.33437727,-10.34657429,6.23,O6,0.56,-0.64,3.68
HIP 34561,107.3890235,-16.23450762,6.0,B1Ib/II,-0.09,-1.28,-0.58
HIP 34579,107.42928078,-25.23104384,5.69,B2V,1.78,-4.94,3.95
HIP 34608,107.52828376,21.24813537,6.43,G9V,21.67,-174.67,-473.14
HIP 34617,107.53898709,-18.68559657,6.23,F3V,20.08,11.68,-16.71
HIP 34622,107.55700787,-4.23763568,4.91,K0III,15.45,0.0,217.85
HIP 34624,107.5805277,-27.4915246,5.46,G8III,5.07,-9.4,1.87
HIP 34670,107.69791141,-48.93257706,5.12,K2III,10.43,-17.24,196.97
HIP 34693,107.78496505,30.24528065,4.41,K2III,10.81,-31.0,-48.4
HIP 34722,107.84616679,26.85666896,5.75,A4IV,8.36,-20.57,-33.5
HIP 34724,107.84846508,-0.30190562,5.44,F2V,12.49,-27.37,-9.12
HIP 34752,107.91371845,39.32054373,4.91,K4II-III,7.02,44.17,2.09
HIP 34758,107.92337859,-20.88311563,5.84,A0IV/V,6.67,-9.3,21.62
HIP 34768,107.96412663,5.65471549,6.07,A1V,4.17,-12.25,-5.19
HIP 34769,107.96608486,-0.49278056,4.15,A2V,8.7,-0.22,6.68
HIP 34780,108.00825571,-63.1900541,6.03,A0IV/V,5.45,-2.3,-1.98
HIP 34782,108.01716282,-30.82142072,6.1,A8III/IV,21.02,-43.6,23.11
HIP 34789,108.03126799,5.47436198,6.15,K0III,4.33,-20.41,-6.33
HIP 34798,108.0509095,-25.94260947,5.91,B2IV/V,4.54,-5.28,8.62
HIP 34802,108.06592133,-40.49877843,5.3,A3p...,7.51,-18.85,-12.36
HIP 34817,108.10762542,-36.54439953,5.94,B4V,3.61,-9.76,7.48
HIP 34819,108.10994955,24.12870291,5.85,F5IV,9.34,-15.74,-44.94
HIP 34834,108.14058722,-46.75956448,4.49,F0IV,47.22,-135.6,106.79
HIP 34860,108.20449197,27.22506034,6.46,F8V,22.65,13.25,-97.78
HIP 34888,108.27998092,-11.2513606,5.77,K0,4.93,-2.75,8.04
HIP 34899,108.30571289,-45.18252474,4.87,Ap,17.97,-24.84,-88.24
HIP 34909,108.34277923,16.15906775,5.07,K3V,4.66,14.66,-41.8
HIP 34912,108.34747243,51.42871249,5.46,M3III,4.22,8.19,13.44
HIP 34914,108.35003994,-22.67414589,5.99,K4III,4.18,24.69,-39.1
HIP 34922,108.38429537,-44.64052957,4.42,M5e,16.46,107.12,325.32
HIP 34924,108.40188094,-27.35637407,6.12,B2II,0.63,-3.22,5.79
HIP 34940,108.45161454,-22.90578603,6.34,B2IV,2.07,-3.57,3.19
HIP 34954,108.48891963,-30.33980156,6.32,B2III,2.25,-4.15,4.33
HIP 34956,108.4916328,71.81653915,6.36,K0,8.24,23.39,18.54
HIP 34975,108.54529505,-3.90175914,5.8,K5III,5.32,-34.21,-8.09
HIP 34981,108.56340179,-26.35251617,4.42,B3III,2.07,-6.58,3.89
HIP 34982,108.56467751,-9.94753938,5.9,K3III,1.39,-4.69,2.8
HIP 34987,108.58360689,3.11142128,5.36,K0III,4.35,-5.21,-3.01
HIP 34999,108.61773082,-10.31624854,6.02,B0III,1.34,-3.85,1.55
HIP 35005,108.63604311,12.11586588,5.71,G6III,9.85,-50.09,-17.02
HIP 35020,108.65893526,-48.27192832,4.75,B8/B9V,9.2,-4.18,0.63
HIP 35025,108.67476926,24.88520186,5.84,M1IIIvar,9.68,54.8,-89.5
HIP 35029,108.69177379,-46.84967225,5.72,A0p,7.67,-10.15,0.1
HIP 35037,108.70275679,-26.77268601,4.01,B2IV/Ve,3.53,-11.5,7.67
HIP 35044,108.7132841,-27.03792355,5.58,K3III,11.96,-40.79,-29.65
HIP 35054,108.73812657,-41.42641755,5.95,B4III/IV,5.91,3.39,9.56
HIP 35080,108.83088379,-0.16129299,6.42,G5III,6.15,-8.17,4.01
HIP 35083,108.83783435,-30.68647453,5.36,B2V,5.05,-13.01,11.43
HIP 35084,108.83861519,-52.49951781,5.96,K0V,8.39,-42.22,120.13
HIP 35120,108.91423401,7.97773709,5.78,M4III,5.4,23.64,2.2
HIP 35127,108.93009963,-10.58360286,5.95,K0,8.12,29.2,-1.01
HIP 35132,108.9471038,-23.74031161,6.34,A0V,3.58,-14.06,12.83
HIP 35136,108.95880519,47.24041621,5.54,G0V,59.31,29.44,-186.12
HIP 35146,108.97924939,59.63809569,5.2,K2III,16.88,-101.07,-258.69
HIP 35152,108.98823076,27.89742666,5.75,M1III,3.02,-14.07,-3.24
HIP 35180,109.06075146,-15.58565483,5.46,A1V,11.79,-44.29,-14.07
HIP 35181,109.06446675,-46.77461104,5.64,K4III,4.71,1.64,32.07
HIP 35202,109.13273708,-38.31894033,5.81,B4V,4.8,-7.91,4.93
HIP 35205,109.14583928,-27.88127313,4.66,M2III,7.2,-12.48,38.83
HIP 35210,109.153487,-23.31560155,4.83,K4III,0.52,-4.91,3.01
HIP 35213,109.15990595,-23.3110532,6.02,A5m...,12.66,-33.67,46.62
HIP 35226,109.20589876,-36.59264813,5.03,B3V,3.4,-10.39,6.21
HIP 35228,109.20762844,-67.95717248,3.97,F6II,4.94,-4.11,8.5
HIP 35241,109.2383968,-30.89694595,6.3,A9II,6.78,2.31,-27.21
HIP 35253,109.26401639,26.68980471,6.38,G7IV,11.0,57.22,-131.62
HIP 35264,109.28568399,-37.09748689,2.71,K3Ib,2.98,-10.57,7.0
HIP 35301,109.38198949,-6.6800262,6.29,K2,1.93,-25.31,12.09
HIP 35304,109.39050118,52.13111463,5.93,K1III:,5.35,-0.63,-17.8
HIP 35317,109.42770486,38.876336,6.48,K0,6.22,-4.58,-29.33
HIP 35326,109.45005353,-26.79755949,6.45,B5Vn,3.54,-0.73,1.56
HIP 35341,109.50927066,40.88336298,5.87,A5Vn,12.18,-15.04,12.15
HIP 35345,109.51705909,30.95592678,6.19,A0Vn,5.33,-4.9,-22.39
HIP 35347,109.51773775,-43.98677255,5.86,B8II/III,5.25,-9.82,-5.56
HIP 35350,109.52336162,16.54047526,3.58,A3V...,34.59,-46.09,-37.9
HIP 35363,109.57667037,-36.7339666,4.65,B2V+...,3.85,-11.29,1.85
HIP 35384,109.63324602,49.46474619,5.0,A4IIIn,10.97,-1.36,3.91
HIP 35393,109.63966607,-39.21030701,5.24,A0V,6.95,-9.95,9.01
HIP 35406,109.65913632,-36.74274935,5.11,A0V,3.9,-10.15,5.9
HIP 35412,109.66825335,-24.55870761,4.88,O7f,1.09,-2.84,2.68
HIP 35415,109.67703283,-24.95438447,4.37,O9Ib,1.02,-1.82,3.74
HIP 35427,109.71366298,-26.58587077,5.29,G2II,2.41,-7.77,6.7
HIP 35442,109.75800519,-19.28031128,6.06,F2Ia,-0.44,-2.47,3.06
HIP 35463,109.80706646,-33.727146,6.31,K2/K3III,4.44,-15.28,-8.44
HIP 35476,109.84321714,2.74071985,5.9,G9III,6.27,-2.18,-10.75
HIP 35487,109.86700585,-16.39491266,5.7,F2III/IV,22.71,165.37,-136.41
HIP 35509,109.94837319,7.14309133,5.91,F8V,16.86,61.2,-59.18
HIP 35548,110.02849829,15.14297247,6.45,A2Vn,2.98,2.59,-18.13
HIP 35550,110.0307889,21.98233941,3.5,F0IV...,55.45,-18.72,-7.76
HIP 35564,110.08940661,-52.3118825,5.5,F2,28.75,-35.17,147.45
HIP 35589,110.16172862,-52.08592527,5.38,B9V,6.61,-8.17,0.46
HIP 35611,110.22882941,-26.9638516,6.0,B3V,1.81,-4.97,5.63
HIP 35615,110.24288294,-14.36048847,5.59,G8/K0III,5.86,-10.5,-0.35
HIP 35623,110.26297004,42.65599942,6.33,K0,4.05,-17.59,-35.59
HIP 35626,110.26808505,-25.89167605,5.87,M3III,4.51,-11.92,13.44
HIP 35643,110.32308085,45.22817039,5.74,A7s,28.99,-49.53,12.12
HIP 35699,110.48708081,20.44371648,5.09,M0III,7.61,-62.05,-23.95
HIP 35707,110.50853709,-8.97941188,6.42,O9V,-0.81,9.39,14.23
HIP 35710,110.51120175,36.76063782,5.12,K0III,13.9,-98.6,-22.08
HIP 35712,110.51448965,0.17712559,5.99,B8III,0.61,1.92,-2.01
HIP 35725,110.5558717,38.99603466,6.4,K0,6.12,0.92,-37.35
HIP 35727,110.55637515,-19.01658444,4.94,B5II/III,6.31,-1.66,-6.43
HIP 35735,110.57161024,59.90195861,6.36,A8m,14.23,-1.72,15.4
HIP 35737,110.5774652,-2.97915985,6.23,F5,5.52,-0.72,-6.33
HIP 35749,110.60582057,-5.98280807,5.83,F3IV,3.59,-12.53,-8.44
HIP 35751,110.61790366,0.70095228,6.43,G5,14.51,38.32,-49.85
HIP 35785,110.71692703,55.28146955,5.8,B8V,6.96,-11.23,-32.04
HIP 35795,110.75292901,-31.92379021,5.4,B3V,2.28,-8.54,3.73
HIP 35842,110.86730662,22.94543651,6.17,A1V,10.46,-25.93,-35.94
HIP 35846,110.8689755,25.05060041,5.04,G8III,21.17,-66.59,-28.44
HIP 35848,110.87072892,-27.83428348,5.37,K4III,5.94,26.39,-4.14
HIP 35855,110.88291983,-32.20207858,5.41,B2/B3II/III,2.82,-7.85,4.55
HIP 35893,110.99309051,-35.83786094,6.32,B5V,4.68,-9.57,15.37
HIP 35904,111.02377104,-29.30311979,2.45,B5Ia,1.02,-3.76,6.66
HIP 35907,111.03529509,40.67244066,5.23,K0III,4.48,-3.35,-21.11
HIP 35920,111.07182051,-22.91276481,6.2,B8/B9V,5.0,-4.42,2.79
HIP 35933,111.11520374,15.51719894,6.47,B2Ve,0.67,-1.48,-1.52
HIP 35941,111.13935024,27.63781901,5.77,F0:III:,15.57,14.32,15.45
HIP 35946,111.1546398,-71.47075644,6.49,A3V,12.9,7.69,40.95
HIP 35951,111.16745993,-16.20142374,5.18,B2Vne,3.45,-4.65,-20.15
HIP 35957,111.18278416,-31.80892621,5.35,K1III,5.91,-21.37,8.73
HIP 35960,111.19735096,-37.29126075,6.14,A8V,4.7,-13.16,27.81
HIP 35975,111.21201745,-19.01228875,6.24,A2Ib/II,1.83,-3.04,3.83
HIP 35984,111.23782838,51.88734396,5.8,K5III,2.84,9.46,-35.14
HIP 35987,111.24245464,11.66955984,5.37,A5IV,10.28,-16.29,-14.91
HIP 35998,111.28515547,-13.75197556,5.79,F3V,28.72,-202.9,-0.91
HIP 36017,111.33323471,-21.98259839,6.04,A6II,1.03,-1.61,2.98
HIP 36019,111.34154368,81.25753345,6.3,A0III,3.92,-2.3,-31.84
HIP 36024,111.35530599,-25.2177645,5.79,B5III,1.01,-8.66,-0.89
HIP 36039,111.40911866,-79.09420265,5.54,K2/K3III,6.99,-29.88,5.95
HIP 36041,111.41207798,9.27611835,4.99,G8III,3.3,-2.95,-8.65
HIP 36045,111.42910652,-31.7387318,6.32,B2/B3III,3.3,-8.83,4.62
HIP 36046,111.43198371,27.79828561,3.78,G9III+...,25.9,-121.28,-84.43
HIP 36055,111.46334907,-5.77495377,5.98,CIb...,1.72,-6.02,-2.92
HIP 36114,111.59106537,-51.01849597,5.09,K0III,5.8,-5.5,6.09
HIP 36123,111.61586607,10.60806626,6.38,A2IV,10.33,-35.9,0.21
HIP 36141,111.67173733,11.00885807,6.39,B7II-III,2.58,-5.49,-10.39
HIP 36143,111.67696453,-34.14070792,5.9,B4V,3.35,-8.1,6.36
HIP 36145,111.67858726,49.21164489,4.61,A1V,13.11,-10.79,-48.57
HIP 36156,111.73470421,20.25758199,5.94,F2Vn,8.04,2.26,-10.36
HIP 36168,111.74786303,-23.08603328,5.65,B1II,2.3,-6.65,4.04
HIP 36186,111.78329832,-17.86486511,5.6,F2V,11.63,-3.27,1.56
HIP 36188,111.78780121,8.28940893,2.89,B8Vvar,19.16,-50.28,-38.45
HIP 36211,111.85767998,66.33164165,6.47,B9III,3.65,-3.27,-28.93
HIP 36236,111.92891065,-22.85919757,5.98,B5III,3.7,-1.28,-0.42
HIP 36238,111.93497685,21.44554856,5.2,F5IV-V...,29.38,-49.56,-123.9
HIP 36251,111.96526084,-11.55686168,5.79,B8Vv comp VB,3.23,-2.13,-2.31
HIP 36258,111.99653073,-29.1559018,5.55,B9Vsp...,4.84,-10.12,2.32
HIP 36264,112.00800583,-26.838996,6.26,K4III,4.91,11.75,9.03
HIP 36265,112.00865288,6.94207694,5.22,F0III,9.28,-3.38,-44.85
HIP 36284,112.04095607,8.92550376,4.33,K3III SB,8.2,-59.29,10.76
HIP 36325,112.16621622,27.55287954,6.36,K2III,10.16,17.01,24.23
HIP 36340,112.19690819,15.10985983,6.23,B9IV,4.24,-7.54,-15.35
HIP 36345,112.21316505,-31.84841156,5.95,B3V+...,5.6,-11.55,4.4
HIP 36346,112.21417299,-64.5097841,6.38,K5III,4.79,5.36,-8.4
HIP 36348,112.21452104,48.18403758,5.7,B9MNp...,7.95,-3.18,-44.36
HIP 36351,112.2194221,46.31477733,6.42,K0,9.67,-41.6,-65.7
HIP 36362,112.27050532,-31.45622952,5.78,B2IV,2.85,-10.44,5.47
HIP 36363,112.27379583,-38.8121049,5.41,B3V,5.86,-21.01,16.42
HIP 36366,112.27754045,31.78407932,4.16,F0V...,54.06,159.33,193.82
HIP 36377,112.3078263,-43.30189129,3.25,K5III SB,17.74,-59.86,188.73
HIP 36388,112.32781398,-1.90530704,5.6,K5III,2.0,-11.58,-9.0
HIP 36393,112.33526392,28.1184038,5.07,A4V,20.0,-33.3,-52.91
HIP 36395,112.34156903,-14.99809455,6.05,F5V,29.31,-187.77,-231.28
HIP 36396,112.34212843,-10.326657,5.75,K5III,3.52,-6.96,-2.73
HIP 36399,112.35670842,-7.55147431,5.86,F8V,35.95,50.78,125.93
HIP 36425,112.44909205,12.00661101,4.55,K2III,5.82,1.26,-19.26
HIP 36429,112.4532548,27.91619925,5.01,K2III,8.51,-23.96,-21.67
HIP 36431,112.4642256,-23.02429924,4.85,A6Ib/II,1.01,-2.65,4.94
HIP 36439,112.48273588,49.67266207,5.35,F6V,50.25,110.4,-82.01
HIP 36444,112.49893731,-52.65128759,5.87,K0III,9.87,-22.51,53.54
HIP 36496,112.62877606,-54.39943169,5.95,M1III,7.53,13.27,27.46
HIP 36514,112.67754202,-30.96228313,4.65,G2Ib...,1.86,-11.74,0.84
HIP 36526,112.71307331,-5.22648597,6.24,K0,0.39,-6.36,-3.18
HIP 36528,112.71958057,68.465727,5.63,K2III,7.2,-2.22,-43.68
HIP 36547,112.76866761,82.41156871,4.92,M4IIIa,6.89,-3.71,-42.31
HIP 36553,112.78664351,11.20301302,6.38,K0,4.58,-17.74,-14.15
HIP 36616,112.95154548,17.08622915,5.45,K2III,10.81,42.65,-75.39
HIP 36640,113.02423825,-8.88091851,5.9,F5V,33.4,-92.2,-167.52
HIP 36641,113.0247923,1.91448227,5.24,F0III,4.14,-2.12,-0.56
HIP 36657,113.09283885,-35.96119858,6.35,B8V,4.41,-13.83,4.24
HIP 36721,113.29074012,-24.71078019,5.84,A3III,10.66,-1.83,20.07
HIP 36723,113.2986465,3.29027472,5.59,F2V,23.44,-15.73,42.84
HIP 36728,113.30487698,-40.05853613,6.27,B8IV (p Si),4.85,-15.99,5.72
HIP 36732,113.33145749,-19.41235409,5.64,K0III,11.15,24.1,-70.23
HIP 36736,113.34244701,-14.33830668,6.21,B2II,2.16,-3.5,-0.1
HIP 36740,113.35345342,37.18788282,6.4,K0,6.16,-0.55,5.87
HIP 36760,113.4020791,15.82669239,5.27,A1Vn,8.69,-29.28,-12.62
HIP 36773,113.44986614,-14.52390109,4.82,A4Ia,0.97,-7.73,3.62
HIP 36778,113.46270622,-36.33840157,5.42,B2Vne,2.56,-8.59,4.11
HIP 36779,113.46469859,51.31420147,6.44,K0,3.73,-11.48,-22.56
HIP 36795,113.51335813,-22.29618077,4.44,F6V,38.91,-40.38,46.84
HIP 36796,113.52075734,10.56811357,6.28,A1V,7.76,-30.67,-15.31
HIP 36807,113.55360344,-33.46358395,6.11,A9IV,11.37,-55.92,63.25
HIP 36812,113.56622524,3.37173632,5.83,A0Vnn,4.82,-3.19,-4.53
HIP 36817,113.57780754,-23.47366319,5.06,F6V,34.41,-88.67,0.97
HIP 36848,113.64510631,-27.01244868,5.78,K1III,10.41,-46.86,71.46
HIP 36850,113.65001898,31.88863645,1.58,A2Vm,63.27,-206.33,-148.18
HIP 36856,113.66493572,-51.4745378,6.29,A1III/IV,2.45,-4.78,8.53
HIP 36896,113.78673794,30.9609101,5.34,K0III,10.78,-25.16,5.83
HIP 36914,113.84025431,-74.27500789,6.33,B9,3.4,-3.63,20.78
HIP 36917,113.8455718,-28.36927798,4.65,B8V,14.5,-66.9,-18.71
HIP 36942,113.91541745,-52.53380809,4.93,K3III,8.28,23.44,-11.57
HIP 36962,113.98071783,26.89600343,4.06,K5III,13.57,-39.58,-108.08
HIP 36965,113.98332747,43.03108733,6.37,F0,8.29,-26.13,-52.69
HIP 36977,114.006746,-55.88773325,6.39,K1/K2IIICN.,5.42,-14.56,10.37
HIP 36981,114.01623979,-14.49277322,5.66,B2/3V(n),1.97,-6.29,0.88
HIP 36986,114.030921,-22.16047711,6.4,K1II,4.72,-15.8,-11.47
HIP 37000,114.06945503,-8.31131007,6.27,K2,5.26,46.4,3.17
HIP 37023,114.13190951,46.18036783,5.66,M0III,6.29,-28.39,-32.92
HIP 37031,114.14487545,5.86210427,5.89,G0V,22.92,-108.76,27.66
HIP 37036,114.17099481,-19.70235325,5.69,B2II,1.92,-8.12,6.2
HIP 37043,114.18302388,-48.8301697,5.69,B9V,6.56,-7.55,0.87
HIP 37046,114.1960282,55.75515475,5.93,K2III,11.63,-10.87,-39.0
HIP 37088,114.31971063,-4.1110225,5.14,F6III,16.11,-67.41,17.74
HIP 37089,114.32055484,-23.77541233,6.34,F0Ib,0.08,-5.45,5.48
HIP 37091,114.32418974,40.02550216,6.34,M1,5.1,-15.06,-48.99
HIP 37096,114.34216663,-34.96857044,4.53,B8IV/V,9.1,-13.65,16.53
HIP 37128,114.43762447,-38.01057175,6.38,K4III,5.76,-12.05,60.26
HIP 37140,114.47449454,48.7739115,5.93,A5m,12.44,-32.62,-28.48
HIP 37165,114.55984487,24.36039278,6.37,F0,21.27,10.84,19.9
HIP 37173,114.57519746,-25.36478805,4.69,B8IV,5.92,-2.28,-6.7
HIP 37174,114.57588221,-48.60144811,5.68,F4Iab,0.65,-4.18,5.13
HIP 37202,114.63552537,-38.78140103,6.2,G8III,8.29,17.02,-35.32
HIP 37204,114.63681646,35.04848403,5.58,K0III,10.65,37.26,27.28
HIP 37223,114.68293452,-36.49684165,5.78,B3III,3.38,-6.84,4.84
HIP 37229,114.70783872,-26.8038924,3.8,B5IV,7.18,-17.0,23.08
HIP 37248,114.75139782,-53.2733797,6.06,B9IV-Vp...,5.99,-17.58,9.42
HIP 37265,114.79148501,34.58463287,4.89,F3III,20.62,-35.97,-118.03
HIP 37269,114.80003143,24.22252771,6.18,A2V,7.5,-2.26,0.18
Procyon (α CMi),114.82724194,5.22750767,0.4,F5IV-V,285.93,-716.57,-1034.58
HIP 37289,114.85081931,-16.84725474,6.4,K3III,4.89,0.13,-15.29
HIP 37297,114.86397492,-38.3080602,4.84,B3V,5.68,-21.35,16.03
HIP 37300,114.86912974,17.67451551,5.04,M0III,6.13,2.26,1.34
HIP 37322,114.93262285,-38.1393281,5.73,B5V,5.33,-22.54,16.9
HIP 37329,114.94951052,-38.26067563,5.76,B3III,2.92,-10.37,9.71
HIP 37339,114.97540702,32.00982411,6.16,F6II,11.86,-15.06,-39.74
HIP 37345,114.99163231,-37.57941274,5.99,B4III,2.41,-1.41,-3.89
HIP 37364,115.05638028,-19.66089028,5.92,K0III,4.53,-3.67,11.85
HIP 37369,115.06134304,38.34456671,5.77,M0III,4.0,-40.19,-11.53
HIP 37375,115.08758062,-11.75251794,6.43,K2,6.06,-8.32,-14.0
HIP 37379,115.09671685,-15.26385208,4.98,K3III,4.82,-2.27,-28.04
HIP 37391,115.12954787,87.02015634,5.05,M2III,6.53,-53.48,-26.85
HIP 37394,115.14796501,-8.18535824,6.01,A3IV,10.51,21.28,-29.37
HIP 37404,115.1966087,13.77126983,6.23,K0,3.15,-2.73,-7.88
HIP 37406,115.20649105,57.08287527,6.09,K5III,4.67,-24.11,-4.35
HIP 37428,115.24384521,23.01855829,5.93,K5,2.14,-7.21,-13.04
HIP 37441,115.30185616,48.13185153,5.58,K0III,10.01,-52.69,-130.99
HIP 37447,115.31198612,-9.55108315,3.94,K0III,22.61,-74.8,-19.64
HIP 37450,115.31595047,-38.53357185,5.41,B3V,5.28,-20.74,16.34
HIP 37461,115.34051593,-44.63217873,6.41,B7IV/V,2.86,-0.1,4.56
HIP 37465,115.34802203,-22.33675243,6.16,M0/M1III,3.79,3.95,12.85
HIP 37478,115.39648613,3.6248275,5.95,A0V,6.47,-2.2,-20.11
HIP 37504,115.45498347,-72.60613528,3.93,K0III,24.36,33.38,15.29
HIP 37508,115.46611813,13.48051383,5.79,M2III,4.15,-35.61,-24.95
HIP 37521,115.51341314,14.20852972,5.55,M3Sv,3.19,-0.98,-10.81
HIP 37530,115.54259877,-58.63093533,6.4,B2.5V,3.05,-5.4,7.03
HIP 37580,115.68169569,34.00022479,6.05,F7V,18.31,-83.5,-2.81
HIP 37590,115.70064325,-26.35125398,5.64,K1III,9.79,-2.51,-29.55
HIP 37599,115.72235259,-58.23015202,6.2,K0III,5.18,-31.96,38.73
HIP 37606,115.73817103,-45.17177284,5.04,G5IV,41.43,-77.76,-553.41
HIP 37609,115.751907,58.71048707,4.93,A3IVn,13.75,-36.99,-52.11
HIP 37614,115.7725736,0.18936449,6.17,K0III,7.2,0.94,-12.89
HIP 37623,115.7999923,-36.050124,5.6,B5V,5.45,-21.14,14.17
HIP 37629,115.82785545,28.8840717,4.23,K1III SB,26.68,61.84,-231.26
HIP 37636,115.84247968,22.39943231,6.25,K0III,10.63,-22.55,16.32
HIP 37648,115.88498187,-28.41095714,4.63,K5III,3.34,-13.62,29.79
HIP 37664,115.92428224,-40.93332961,5.12,K1III,15.13,131.14,-171.23
HIP 37666,115.92888042,-38.20191748,6.42,B8IV,5.62,-21.41,15.59
HIP 37677,115.95196716,-28.9548352,3.94,A2Iab,-0.37,-4.57,3.88
HIP 37701,116.01744892,50.43386115,5.31,A0IIIn,4.73,-9.29,-27.78
HIP 37704,116.02884762,25.78421056,5.3,K5III,5.48,-13.4,-21.21
HIP 37705,116.03185066,2.40544316,6.46,F0III,7.53,-18.14,-8.6
HIP 37710,116.04059732,-36.06271326,5.8,F0IV,22.99,-79.39,85.83
HIP 37720,116.05456897,-69.82161624,6.16,A0IV/V,8.09,-46.7,9.56
HIP 37723,116.05860871,12.86011602,6.4,K0,3.72,-14.56,-18.44
Castor (α Gem),116.11195237,24.39812929,3.57,G8III,22.73,-22.45,-56.24
HIP 37751,116.14238612,-24.67409186,5.62,B2II,1.75,-4.27,5.23
HIP 37752,116.14249707,-37.94295545,5.89,B8V,5.36,-22.23,15.72
HIP 37773,116.18282329,-66.07204846,6.37,G6/G8III,5.03,-15.97,47.43
HIP 37819,116.31376631,-37.96859848,3.62,K4III,2.35,-10.77,5.97
HIP 37823,116.32521067,-43.75255904,6.02,B6IV,3.68,-9.37,-2.77
Pollux (β Gem),116.33068263,28.02631031,1.16,K0IIIvar,96.74,-625.69,-45.95
HIP 37843,116.37142428,-14.69048507,6.06,A6/A7,9.09,-15.08,-21.41
HIP 37853,116.39657467,-34.17655092,5.36,G0V,65.79,-220.83,1722.89
HIP 37854,116.39800467,-56.7225967,6.1,F0II,3.46,-3.99,10.95
HIP 37891,116.48698643,-14.56382026,5.03,F2V,13.8,-11.17,6.28
HIP 37901,116.50900614,-6.77228458,5.49,K5III,13.68,48.91,-93.07
HIP 37908,116.53122379,18.51016877,4.89,K5III,9.55,-75.55,-51.53
HIP 37915,116.54399474,-37.93370008,5.87,B5V,5.16,-19.53,12.37
HIP 37921,116.56757952,10.76831128,5.25,A1Vnn,10.44,-30.87,-24.45
HIP 37939,116.63937426,-37.77249301,6.31,K3III,5.46,-50.16,-31.5
HIP 37946,116.66358038,37.51736326,5.15,M3III,9.99,30.18,12.7
HIP 37949,116.66682971,65.45563092,5.93,K2III:,9.82,28.15,18.39
HIP 37951,116.68633286,-12.67531262,6.39,B9III,3.39,-10.32,-0.08
HIP 37982,116.77405856,-39.33103329,6.33,Ap Si,4.76,-22.17,15.5
HIP 37995,116.80232686,-22.51953536,5.9,B1/B2V,3.3,-7.61,10.34
HIP 37996,116.81091375,-36.07366604,6.46,K1III,7.61,-34.73,27.05
HIP 38010,116.85416576,-38.51115599,5.07,B2IV/V,2.63,-9.94,4.69
HIP 38016,116.8764029,33.41576665,5.14,M0III,5.8,-18.81,-28.63
HIP 38020,116.88129103,-46.60850937,5.22,B1V,1.95,-3.57,7.95
HIP 38031,116.91053163,-15.99069738,6.31,K3Iab/b,1.43,-1.61,3.64
HIP 38037,116.93838574,-16.01448125,6.38,K5II/III,1.36,-7.78,-0.76
HIP 38048,116.98659214,-12.19289276,5.48,F5+...,33.06,-104.67,77.39
HIP 38070,117.02156206,-25.93718054,4.4,B1IV:nne,1.32,-10.22,4.92
HIP 38074,117.03562523,-40.65231342,6.14,M2III,5.43,-3.35,-26.58
HIP 38087,117.08127238,-56.47109287,6.3,K0III+...,1.44,-4.63,7.26
HIP 38089,117.08436527,-47.07753199,4.69,K0III,14.36,-101.31,-78.38
HIP 38106,117.14019136,23.14098449,6.18,G2III+...,3.1,-10.88,-2.04
HIP 38146,117.2570691,-24.91224336,5.32,G2,10.16,-34.68,14.71
HIP 38147,117.25755784,13.37188806,6.07,K0,4.94,38.53,-7.86
HIP 38152,117.2780096,-56.41038485,5.57,G5II,3.49,-6.58,10.2
HIP 38159,117.30361005,-46.85774089,5.82,B1.5IV,1.7,-3.32,9.67
HIP 38160,117.30394188,-60.28402896,5.78,F1V,28.62,-37.41,140.08
HIP 38164,117.30957923,-46.37322729,4.1,B0III,1.66,-4.62,9.04
HIP 38167,117.31105571,-35.24330796,5.94,B9V,6.82,-6.14,8.88
HIP 38170,117.32357809,-24.85978401,3.34,G6Ia,2.42,-5.56,-0.71
HIP 38183,117.36797937,-44.75122662,6.32,K0III,9.9,-41.68,28.68
HIP 38184,117.37003744,-13.35292144,6.23,B8/B9II,1.74,-2.38,-10.94
HIP 38196,117.38465527,12.8142954,6.42,K0,6.38,-6.84,-18.53
HIP 38200,117.39761883,-33.28895425,5.61,M0III,4.72,-37.43,1.79
HIP 38206,117.41657954,-14.08535729,6.34,K5III,3.47,-5.81,-0.9
HIP 38209,117.4199956,-19.50548358,6.49,K2III,7.82,-59.12,-14.15
HIP 38210,117.42081658,-66.19597303,5.78,B9V,7.12,-1.81,-0.58
HIP 38211,117.42153403,-17.228123,5.17,K3III,12.87,54.17,-117.17
HIP 38246,117.52364147,-19.52356224,6.11,K1III,1.74,-7.6,5.81
HIP 38253,117.54406881,-9.1834416,5.6,K3III,2.32,0.02,0.1
HIP 38267,117.59951934,-50.5093647,5.89,K2III,12.59,-66.6,-42.5
HIP 38292,117.67715212,-44.57997832,6.45,G6III,5.81,-9.9,13.61
HIP 38300,117.69733913,3.27732483,6.17,K1III,8.48,57.66,-29.54
HIP 38303,117.71294838,4.45939601,6.49,G5,8.43,-15.07,48.39
HIP 38306,117.72258006,0.07954261,6.38,K2III,7.88,17.04,5.47
HIP 38307,117.73016385,-11.12852084,6.16,K0,7.93,-0.88,-33.2
HIP 38316,117.75034183,-24.52848631,6.43,B9.5V,6.46,-2.86,-29.17
HIP 38319,117.75987223,33.2336363,6.06,A2m,15.69,-17.78,7.02
HIP 38325,117.77396083,54.12911093,6.03,F6V,33.32,-40.3,53.28
HIP 38349,117.81393599,37.08215389,6.49,K2,8.29,-2.06,-28.19
HIP 38355,117.83476239,-43.09524646,6.34,B2IV-V,2.06,-5.41,5.88
HIP 38370,117.91817864,-42.88822205,6.05,B2IV,1.85,-6.44,8.14
HIP 38372,117.92035359,-12.81939332,6.37,F3IV,13.37,8.25,-4.96
HIP 38373,117.92498666,1.76687765,5.12,B8II,7.76,-13.97,-3.78
HIP 38375,117.92939105,-21.17374245,5.62,K0III,11.9,-45.76,33.27
HIP 38382,117.94309895,-13.89719057,5.16,G2V,59.98,-68.46,-344.83
HIP 38394,117.98667865,19.32517752,6.03,K1III:,7.85,-48.52,-38.2
HIP 38406,118.02983762,3.27753363,6.3,M5,7.77,49.07,-79.02
HIP 38414,118.05435622,-40.57579889,3.71,G5III...,9.46,-13.89,5.3
HIP 38423,118.06584635,-34.70602121,5.01,F3/F5V,55.48,-198.24,238.13
HIP 38427,118.07868058,-14.84617833,5.69,F2IV/V,2.75,-7.73,1.34
HIP 38438,118.12394382,-54.36718432,5.7,B1.5IV,2.23,-5.44,8.01
HIP 38449,118.15188452,55.20954589,6.36,A0Vn,7.41,-21.76,-42.2
HIP 38455,118.16105542,-38.86282206,4.49,B2V,5.09,-9.49,4.02
HIP 38474,118.19946278,-5.42818693,5.76,F5IVs,24.45,-21.36,-28.8
HIP 38497,118.26464297,-36.36377387,5.44,K1IIICN...,4.31,-10.82,1.82
HIP 38500,118.26517655,-49.61307949,4.63,B1.5Vp,4.53,-8.44,14.65
HIP 38518,118.32567862,-48.10294824,4.22,B0.5Ib,1.68,-4.9,5.89
HIP 38538,118.37431874,26.76585858,4.97,A3V,12.82,-34.02,-31.17
HIP 38593,118.54588048,-35.87729557,5.48,B2V,4.07,-3.88,3.41
HIP 38623,118.62199178,47.38597337,6.25,K2III:,5.3,-16.08,3.55
HIP 38635,118.66636484,-34.84668366,6.14,K4III,4.81,-16.0,-11.96
HIP 38639,118.6780776,47.56459225,5.47,K4III,6.42,-48.4,1.48
HIP 38656,118.72246913,-57.30288338,5.62,K3/K4III,9.5,-69.25,31.64
HIP 38667,118.75182427,-52.58335768,6.36,B8III,3.25,-13.58,11.49
HIP 38686,118.80777774,-30.91771061,6.45,K4III,2.52,-25.93,27.6
HIP 38712,118.88099024,8.8630571,5.86,F2IV,26.21,-6.92,-89.51
HIP 38722,118.91626746,19.88406657,5.38,A0Vs,9.61,-14.67,-39.79
HIP 38723,118.9202868,35.41274781,6.23,A3p,16.55,-56.04,-26.18
HIP 38732,118.94414755,-43.84505768,6.02,B6V,3.81,-12.42,1.4
HIP 38783,119.07772578,-60.52646168,5.74,K4II,2.62,-4.33,10.59
HIP 38792,119.09468059,-30.28453466,6.28,M5/M6III,2.67,-1.53,-14.44
HIP 38794,119.09962936,4.48558456,6.16,G8III,3.86,-6.42,-7.32
HIP 38827,119.19475729,-52.98240062,3.46,B3IVp,8.43,-28.38,16.76
HIP 38835,119.21482616,-22.88014849,4.2,F7/F8II,6.49,-29.61,12.28
HIP 38846,119.2408718,-43.50042396,5.36,B2.5V,2.91,-10.6,5.31
HIP 38845,119.24088448,-42.4065153,6.09,K3III,4.64,21.49,16.42
HIP 38848,119.24778711,15.79038246,5.8,K3III,7.06,-28.28,-41.64
HIP 38863,119.30316882,-63.2968807,6.14,B8V,7.03,-0.61,18.96
HIP 38868,119.31617316,8.64127641,6.03,K0III,11.08,-3.43,-23.23
HIP 38870,119.31829276,1.1270223,6.35,F6V,17.09,-164.71,2.9
HIP 38872,119.32679394,-44.10987569,5.08,B2.5IV,2.54,-11.48,6.92
HIP 38879,119.33365125,-47.89072855,6.21,B5V,3.23,-9.12,9.46
HIP 38901,119.41713237,-30.33458703,4.76,A7III,2.26,-8.11,7.14
HIP 38908,119.44293578,-60.30336068,5.59,G2V...,61.76,518.38,118.86
HIP 38917,119.46555642,-45.57774475,5.14,K2III,10.87,-17.29,31.33
HIP 38925,119.47829592,-40.78436106,6.46,K0III,5.69,23.32,3.61
HIP 38945,119.52459597,7.21355485,6.42,A0V,3.87,-11.96,-10.26
HIP 38957,119.56018303,-49.24492865,4.47,B1Vp + B2,2.8,-7.48,6.91
HIP 38959,119.56888565,43.97736214,6.36,K0,6.3,38.82,4.94
HIP 38962,119.58644862,2.22452544,5.3,K0III,12.33,-162.54,99.28
HIP 38963,119.58946876,-51.44857837,6.44,A8/A9IV,6.29,-42.61,43.9
HIP 38975,119.63114807,16.51869028,6.05,K0,2.33,-7.3,-4.35
HIP 38994,119.71065387,-60.82448838,5.77,B2IVnpe,3.17,-4.54,10.73
HIP 39014,119.75754809,-45.21586305,5.98,B4V,3.03,-11.58,7.92
HIP 39023,119.77384363,-23.31040264,5.09,G8II,4.15,-11.74,2.75
HIP 39035,119.80129013,-49.97686927,6.35,B2IV-V,2.54,-5.37,7.53
HIP 39038,119.80652353,-49.97378939,6.37,B2IV-V,3.89,-10.57,7.29
HIP 39041,119.81573907,-73.24412159,6.33,A3III,7.97,-6.77,-20.33
HIP 39061,119.86843828,-39.29683773,5.22,F3V,17.28,-78.34,-43.68
HIP 39067,119.89611315,13.24220492,6.05,K2,10.83,-20.6,-16.16
HIP 39070,119.90644286,-60.58708857,5.19,M0II,3.12,-3.52,11.27
HIP 39073,119.9170508,-60.20737695,6.3,B8III,2.39,-4.41,10.68
HIP 39079,119.93410303,-3.67957835,4.93,K2III,13.06,-55.17,-1.84
HIP 39095,119.96689649,-18.39914242,4.61,A1V,13.69,-7.29,-35.07
HIP 39117,120.04898399,73.9180101,5.37,K3III,4.66,-8.43,-37.4
HIP 39122,120.06132736,-48.98161594,6.01,A2V,8.65,-34.18,43.93
HIP 39138,120.08320513,-63.56750271,4.81,B3V,6.02,-1.88,19.31
HIP 39153,120.12068883,-48.87177402,6.13,A0p,2.16,-5.97,2.57
HIP 39172,120.18390745,-2.88192476,6.41,B2.5Ve,1.05,-5.69,2.99
HIP 39177,120.19714045,17.30870968,5.6,K3III,4.52,-10.34,-2.73
HIP 39180,120.20040476,19.81623542,6.3,K1III,9.45,8.78,-8.03
HIP 39184,120.20818254,-54.15129599,5.87,B5Vn,4.66,-26.2,8.56
HIP 39191,120.23275932,25.39282019,5.87,G8III:,2.9,17.78,6.49
HIP 39194,120.25330632,23.58316149,6.34,K1III-IV,11.83,-19.63,-28.17
HIP 39198,120.26436586,-6.41908231,6.45,G5,15.01,-76.2,-46.23
HIP 39211,120.30540155,-1.39242418,4.69,K4III,6.9,65.97,-75.73
HIP 39213,120.30795569,4.87977849,5.65,A1V,9.42,-32.14,18.55
HIP 39221,120.33644785,59.04731836,5.78,F2:V:,22.94,25.3,32.64
HIP 39225,120.34603423,-54.51554272,6.12,B2IV-V,2.47,-5.9,5.24
HIP 39236,120.37619077,16.45532309,5.99,B9.5Vn,6.91,4.25,-5.94
HIP 39238,120.38160067,-55.45467367,6.28,B4V,4.88,-15.41,7.45
HIP 39251,120.40636615,-37.28373201,5.9,A3IV,5.48,-2.31,4.97
HIP 39261,120.42705665,60.32440752,6.02,A2p...,10.16,-33.56,-22.24
HIP 39263,120.43238778,25.08943685,6.32,A1V,5.45,-23.32,11.69
HIP 39271,120.46137519,8.91393208,6.22,G0IV,16.77,-1.32,24.2
HIP 39279,120.47999582,35.41308517,6.34,K0,4.96,-25.04,-6.78
HIP 39299,120.52554892,-37.05007505,6.31,M3III,3.96,3.44,13.11
HIP 39311,120.56647202,2.33431429,4.39,K2III,12.49,-28.04,105.49
HIP 39326,120.60819024,-6.33710792,6.34,G0III,9.18,6.27,-11.25
HIP 39340,120.62842941,63.09034005,6.09,G1III,6.24,-12.01,-13.79
HIP 39348,120.64926248,57.27377091,6.48,F8V,9.84,-38.28,-59.08
HIP 39360,120.68662049,-41.30986539,5.52,Ap Si,6.71,-6.11,15.23
HIP 39380,120.76737445,-32.46357097,5.83,K2/K3III,6.29,-13.05,9.61
HIP 39420,120.87341734,-42.94832058,6.28,G8II,4.18,-18.55,-2.68
HIP 39424,120.87957982,27.79441794,4.94,K2III,12.66,-28.53,-35.25
HIP 39429,120.89612561,-40.00318846,2.21,O5IAf,2.33,-30.82,16.77
HIP 39487,121.06747264,-32.67484684,5.25,M2II,1.39,-5.31,7.48
HIP 39514,121.13603787,-25.69969807,6.35,K5/M0III,3.96,-16.32,-16.01
HIP 39524,121.17258828,-19.72815612,6.12,B3III,2.07,-5.35,3.36
HIP 39527,121.17669801,-50.59039998,5.96,G5II,2.4,-8.61,1.7
HIP 39530,121.17891287,-62.83637455,6.25,B2.5Vn,2.61,-5.6,11.37
HIP 39535,121.18882813,18.84206757,6.21,B9V,10.92,-25.73,-19.63
HIP 39538,121.19660915,79.47974268,5.39,A0p...,9.88,-36.46,-53.75
HIP 39566,121.26544452,-53.1079136,5.52,K3/K4III,8.29,2.46,-3.08
HIP 39567,121.2687908,13.11837053,5.14,A1V,15.49,-35.2,-63.86
HIP 39584,121.33461827,-46.97842667,6.18,B3Vnp,1.69,-6.07,6.43
HIP 39607,121.40439059,27.52976278,6.21,A0V,3.49,5.34,-11.11
HIP 39617,121.43704092,-33.56944572,6.15,G1Ib,0.96,-7.62,4.24
HIP 39625,121.45683895,-0.57332266,6.4,K0,4.58,-13.47,1.09
HIP 39659,121.57666469,22.63551163,5.96,M3III,5.21,-7.43,-9.03
HIP 39675,121.61423328,-9.24446994,6.25,B9V,4.11,-5.84,5.19
HIP 39690,121.66809949,-45.26604229,5.04,K3III,2.63,-5.28,11.0
HIP 39691,121.67338693,-48.49741254,6.34,B3III,2.38,-6.95,9.78
HIP 39722,121.79147297,43.26044834,6.35,A1V,6.9,-12.56,-34.36
HIP 39734,121.82519225,-20.55434589,5.33,A3Ib/II,2.67,-10.36,1.65
HIP 39757,121.88625899,-24.30443677,2.83,F2mF5IIp,51.99,-83.29,46.38
HIP 39780,121.9410051,21.58197937,5.3,G2IV,42.86,23.08,-67.23
HIP 39794,121.98266997,-68.61713647,4.35,B6IV,5.08,-29.88,30.58
HIP 39843,122.10271092,-63.80083385,6.32,B6V,4.17,-7.68,5.41
HIP 39847,122.11459795,51.50667575,4.78,A2V,14.96,-60.1,-2.15
HIP 39863,122.14857362,-2.98377649,4.36,G2Ib,1.76,-16.79,-3.89
HIP 39866,122.15686745,-37.68124187,6.36,B3V,1.84,-7.81,8.71
HIP 39874,122.17684992,13.64094892,6.25,F3V,11.72,2.56,-13.08
HIP 39876,122.18159545,-20.36317828,6.37,A3III,2.25,-7.25,2.25
HIP 39898,122.23689529,-11.33964517,6.31,A0Vn,4.47,-14.8,-2.04
HIP 39903,122.25357658,-61.3017058,4.74,F5V,46.75,-155.04,-297.69
HIP 39906,122.2568477,-19.24500094,4.4,B5V,6.9,-9.97,-5.46
HIP 39919,122.28964371,-48.68440955,5.66,B8Ib/II,3.75,-10.3,-1.26
HIP 39920,122.29245558,-35.45504736,6.21,G8III,8.37,-0.44,13.41
HIP 39938,122.34608921,42.43078783,6.26,K3III:,5.32,-10.93,-73.67
HIP 39943,122.36891634,-16.24890678,5.66,B4V,3.54,-8.83,-6.19
HIP 39953,122.38314727,-47.33661177,1.75,WC8 + O9I,3.88,-5.93,9.9
HIP 39957,122.39013231,-56.08547484,5.66,A3m...,8.58,1.56,37.14
HIP 39958,122.3966208,29.09309528,6.47,G0II,0.83,-10.58,-7.91
HIP 39961,122.39967933,-44.12277919,5.2,B2IV-V,2.87,-11.98,2.54
HIP 39970,122.4298316,-47.9372165,5.23,B1IVe,3.54,-6.31,9.6
HIP 39974,122.44875204,-42.64082338,6.27,B+...,3.33,-8.72,8.41
HIP 39995,122.51583214,58.2484227,5.91,K4III:,5.82,-19.45,-74.21
HIP 40007,122.55464962,25.84455571,6.44,K0,3.16,-15.12,-30.84
HIP 40016,122.58571945,-49.23735993,6.46,B3IV,2.0,-10.01,5.24
HIP 40023,122.61344988,25.50817993,5.73,G8IV,23.82,-71.82,-348.06
HIP 40035,122.66656902,-13.79934746,5.53,F7V,44.47,-250.56,57.68
HIP 40058,122.74540846,14.62951511,6.22,A1V,5.61,-22.3,-16.78
HIP 40063,122.75702941,-37.29238656,6.42,B0III,1.33,-4.72,5.82
HIP 40077,122.79501934,-48.46200365,5.83,B3V,4.48,-17.24,4.02
HIP 40084,122.81800545,-12.92701835,4.72,K0III,17.64,-26.04,8.08
HIP 40085,122.81918033,9.82126887,6.08,B6III,3.74,-6.92,-15.99
HIP 40086,122.82513547,54.5404658,6.48,G5,5.87,47.34,-93.7
HIP 40091,122.83958436,-39.61855304,4.44,K4III,1.74,-8.91,3.1
HIP 40096,122.85790344,-42.98728888,4.73,A7Ib,0.7,-5.33,4.6
HIP 40107,122.88762397,-7.77247623,5.36,G8III,10.32,-42.98,-25.84
HIP 40155,122.99988027,-46.64436989,5.77,F7p,2.23,-3.65,7.61
HIP 40160,123.02525761,-43.40045038,6.48,K3III:,0.48,-5.02,4.4
HIP 40167,123.05295353,17.64813756,4.67,G0V,39.11,28.29,-150.94
HIP 40183,123.12831936,-46.26430821,6.0,B5V,4.62,-5.5,9.34
HIP 40215,123.20328577,68.47405416,5.34,G8II,3.07,-1.05,7.32
HIP 40220,123.21482669,-37.92446687,6.4,A3V,5.81,-3.9,-1.24
HIP 40231,123.24890279,16.51434897,6.03,G8III,6.18,-10.85,-12.03
HIP 40240,123.28697716,29.6565862,5.62,B9p SiCr,3.74,-10.39,-20.48
HIP 40259,123.33322933,-15.78821451,4.99,G5Ib/II,2.65,-11.52,-2.85
HIP 40263,123.34080229,-1.16589834,6.48,K0,6.28,-28.75,5.39
HIP 40274,123.37301019,-35.89954225,4.78,B2ne,3.33,-7.3,10.07
HIP 40282,123.39261076,-50.19606698,5.52,M1III,4.33,21.68,-1.96
HIP 40285,123.40068034,-46.9916532,5.14,B2.5IV,3.36,-10.31,10.34
HIP 40291,123.4210439,-33.56955241,6.38,K2III,8.65,33.76,9.96
HIP 40299,123.44024303,-46.57869454,6.49,B3V,3.23,-8.26,4.32
HIP 40305,123.45916037,56.45231827,5.88,G9III,6.59,-21.44,-29.59
HIP 40321,123.49299197,-36.32229977,5.09,B2V:,2.77,-8.66,7.89
HIP 40324,123.49460507,-36.34079527,6.11,B2IV/V,2.2,-7.21,7.69
HIP 40326,123.51202967,-40.34773028,4.42,K1II/III,10.5,44.84,-65.79
HIP 40341,123.54599673,-32.14072755,6.07,B2V,2.07,-7.01,6.79
HIP 40342,123.54642043,17.67591954,6.47,A0Vne...,9.91,0.89,14.75
HIP 40344,123.55537215,-35.49007215,5.77,K1III,14.38,-46.16,21.91
HIP 40354,123.58752479,13.04834017,6.39,G8III,4.2,-18.85,-18.35
HIP 40357,123.599493,-45.83454842,5.86,B2IV-V,3.61,-8.83,10.71
HIP 40397,123.71352105,-46.48591091,6.45,B3Vnne,2.45,-5.24,7.94
HIP 40429,123.81647486,-62.91561677,5.16,A+...,13.47,-26.87,-10.95
HIP 40433,123.84695805,-50.44920558,6.44,K3/K4III,4.44,-16.19,-6.68
HIP 40474,123.96049771,60.3805832,6.43,A7Vm,6.53,-16.12,7.62
HIP 40476,123.96905389,-30.92591456,6.22,G6:III+...,9.34,-49.71,-12.32
HIP 40485,123.99511855,-35.90320668,6.15,K2III,1.72,-8.11,6.59
HIP 40526,124.12895101,9.18566295,3.53,K4III,11.23,-46.8,-48.65
HIP 40559,124.22484099,84.05768861,6.45,A3IV,5.74,-9.68,-19.14
HIP 40604,124.34641379,-16.28509282,6.32,A1V,3.8,-11.8,-7.68
HIP 40617,124.38191524,8.86632545,6.28,G8III,3.07,-13.49,-6.5
HIP 40639,124.44230214,-36.06759473,6.42,M0III + A3/5,0.76,-3.44,1.51
HIP 40646,124.46008016,59.57112846,5.63,A7IV,10.73,-4.22,1.85
HIP 40655,124.48246427,-59.16676267,6.47,F5V,12.84,-49.04,-25.86
HIP 40656,124.49275494,-30.00370618,6.43,K0III,6.99,30.08,3.81
HIP 40675,124.56013945,15.67793154,6.42,K0,6.72,-18.83,-4.71
HIP 40677,124.56587279,54.14376822,6.26,K5,3.06,-21.3,-29.62
HIP 40678,124.57244799,-35.45170517,5.59,K2III,7.9,11.4,1.01
HIP 40680,124.57823985,-65.6132455,5.06,K1III,11.01,20.7,22.11
HIP 40693,124.5990846,-12.62976955,5.95,K0V,79.48,279.3,-989.03
HIP 40702,124.6302785,-76.91998251,4.05,F5III,51.4,109.84,106.92
HIP 40706,124.6391383,-36.65953286,4.44,A4m...,35.06,-111.27,100.62
HIP 40749,124.77332023,-48.19787583,6.45,B3V,3.96,-14.37,9.39
HIP 40766,124.81294976,-10.16584342,6.31,F3IIIp,9.24,-44.81,36.9
HIP 40772,124.82159867,62.50713912,5.73,G8III,6.93,-20.48,8.41
HIP 40787,124.87299244,-34.59014713,6.44,B8Ib/II,4.0,-8.88,4.31
HIP 40793,124.88421821,75.75686931,5.55,G8III,11.18,32.28,15.76
HIP 40817,124.95414818,-71.51499632,5.33,B9III/IV,8.35,-17.29,37.04
HIP 40818,124.957701,3.94808579,6.04,G8III,5.63,26.42,-22.09
HIP 40834,125.0023296,-71.50546247,5.63,A0p,8.25,-17.73,35.09
HIP 40843,125.01613464,27.21862138,5.13,F6V,55.17,-18.38,-376.26
HIP 40858,125.05406858,-0.90910329,6.18,F9V,24.5,39.29,-86.53
HIP 40859,125.07088469,-5.32982448,6.12,K2III,6.32,14.92,-43.27
HIP 40866,125.0872189,20.74783186,5.8,K1III,6.39,64.81,-45.59
HIP 40875,125.10832165,57.74324466,5.89,F4V,31.57,57.08,13.92
HIP 40876,125.1139952,-22.92467992,6.12,G8/K0III,4.58,-16.72,0.15
HIP 40881,125.13395549,24.02235699,5.92,B9.5V,7.78,-20.67,-17.84
HIP 40888,125.16203304,-77.4845764,4.34,K0III-IV,21.22,-129.09,40.78
HIP 40889,125.16798187,72.40729324,6.0,M0III,3.44,2.52,-24.97
HIP 40926,125.28186889,-64.10595398,6.11,G6/G8III,7.02,-7.58,-19.95
HIP 40932,125.30042487,-57.97323049,5.96,B1.5III,1.37,-3.07,4.24
HIP 40943,125.33770565,-36.48419365,5.18,B2IV-V+...,2.0,-8.04,6.98
HIP 40944,125.33843502,-20.07901245,5.58,A3V,7.25,-2.58,-18.81
HIP 40945,125.34597645,-33.05437199,4.83,K2/K3III,3.89,-11.31,2.38
HIP 40947,125.35075062,-39.62072962,6.15,A4V,14.89,7.33,6.47
HIP 40990,125.47776027,-17.58630046,5.71,K0III,11.4,-92.42,-13.93
HIP 41003,125.51884143,-73.40005893,5.28,A0/A1IV/V,9.16,-31.12,30.19
HIP 41011,125.53959122,74.82025381,6.4,K0III...,7.0,48.34,45.3
HIP 41036,125.62582952,-6.17915957,6.14,A8IV,15.36,-59.21,0.8
HIP 41037,125.62860299,-59.50953829,1.86,K3III+B2V,5.16,-25.34,22.72
HIP 41039,125.63207774,-48.49039742,4.79,B1V,2.16,-6.28,6.81
HIP 41060,125.68357766,60.63124111,6.42,K0III,7.34,9.13,-2.12
HIP 41067,125.69529395,-13.05467864,6.13,K0III,7.93,-39.54,-47.09
HIP 41074,125.70808174,-26.34823475,5.88,F2Iab,-0.06,-5.06,6.2
HIP 41075,125.70887544,43.18837233,4.25,K5III,8.39,-25.62,-99.44
HIP 41080,125.72542177,-7.54313579,5.92,M1III,3.92,-9.84,6.28
HIP 41081,125.72991589,-52.12377702,5.89,A0V,13.68,-22.75,19.48
HIP 41107,125.82055829,-38.2860638,6.28,M2III,2.33,0.59,-6.17
HIP 41117,125.84113148,18.33228008,5.94,A9V,8.26,-53.59,-33.05
HIP 41152,125.95220483,53.21995142,5.52,A3V,19.46,-27.58,-98.39
HIP 41163,125.98003581,10.63211638,6.11,M2III,2.93,3.69,-22.13
HIP 41191,126.08492509,-80.91471955,5.67,G8III,12.93,-151.92,213.07
HIP 41208,126.13794451,82.4308223,6.28,A2Vn,4.8,-19.31,-25.9
HIP 41211,126.14640836,-3.75117744,5.61,F3V,36.75,-211.0,-25.83
HIP 41214,126.15175238,-4.71686289,6.03,F2V,15.46,25.73,-56.3
HIP 41224,126.1781942,42.00521805,6.02,K5III,3.12,9.02,9.84
HIP 41242,126.22998546,-23.15381698,5.67,A1III/IV,5.17,-26.59,29.66
HIP 41250,126.23839828,-42.76985034,5.97,B3V,1.05,-12.12,6.83
HIP 41260,126.26565742,-24.04626227,5.32,K4/K5III,6.44,-28.98,20.49
HIP 41262,126.27039729,35.01143577,6.08,K0,4.57,-12.43,-11.14
HIP 41282,126.3292623,-21.04610608,6.01,F2/F3V,29.46,-34.39,61.85
HIP 41296,126.38058013,-51.72745683,5.18,B2V,4.84,-14.68,17.14
HIP 41299,126.39812618,2.10224935,5.74,K5III,5.42,-21.42,-16.4
HIP 41306,126.41403707,-17.43940312,6.44,K1III,4.67,-11.58,-0.7
HIP 41307,126.41529546,-3.90636482,3.91,A0V,26.09,-66.05,-24.2
HIP 41312,126.43435936,-66.13652042,3.77,K2IIIvar,30.21,-35.83,-152.15
HIP 41319,126.45830668,17.0466377,6.11,F6V,22.24,-192.75,-152.48
HIP 41321,126.46507032,-64.60065452,5.95,G8/K0III,9.11,-15.03,15.18
HIP 41323,126.46634614,-42.15310407,5.45,B3V,4.01,-16.47,13.36
HIP 41325,126.47828013,7.56452889,5.13,G8II,9.08,-33.74,-9.57
HIP 41328,126.48165253,-14.9297554,5.96,A3m...,9.79,-10.96,38.68
HIP 41361,126.57390136,-39.05897459,6.07,B9IV/V,5.32,-7.92,7.76
HIP 41373,126.60517431,-52.80750215,6.05,A0V,14.07,-37.95,1.04
HIP 41375,126.61345247,-3.98729976,5.6,A5III-IV,18.83,-34.28,-73.76
HIP 41377,126.61553314,27.89386239,5.58,K5III,8.19,-34.48,-114.89
HIP 41395,126.67502883,-12.53453988,5.52,K1/K2III,12.17,-92.03,-25.69
HIP 41400,126.68312445,12.65486252,5.56,M3III,3.1,-17.37,-103.01
HIP 41404,126.69614859,26.9354857,6.3,A3V+...,11.78,-9.57,1.27
HIP 41426,126.74097365,-52.70484071,6.49,F5V...,18.49,-92.33,-45.15
HIP 41449,126.81847379,-31.67272366,6.33,G8III,4.76,-22.65,-4.34
HIP 41451,126.81994813,-70.09359517,5.51,A0V,11.43,-18.51,46.57
HIP 41483,126.90271156,-53.08853976,5.08,A9/F0III/IV,16.01,-67.63,24.72
HIP 41484,126.9033388,45.65384111,6.32,G5V,45.89,-18.98,-351.48
HIP 41515,126.99760675,-35.11378822,5.75,B2V,3.26,-6.91,11.03
HIP 41547,127.08241484,-8.81618099,6.43,K0,3.84,15.32,-40.77
HIP 41564,127.12149299,-2.51710024,6.42,A5m,11.73,-10.34,-10.59
HIP 41574,127.15335153,24.14505062,6.05,F0Vn,12.01,-39.17,-47.96
HIP 41578,127.15561552,14.21085416,5.94,A5V,10.6,-13.81,-13.08
HIP 41597,127.21252354,-9.74859459,6.01,F2III,3.31,-4.28,5.01
HIP 41616,127.26982565,-47.92893948,5.33,B2IV,1.99,-7.77,6.72
HIP 41621,127.2815535,-44.16043155,5.82,B2V,2.04,-7.39,7.5
HIP 41639,127.36453332,-44.72482773,5.03,B+...,0.47,-5.85,6.41
HIP 41644,127.37424503,-54.211802,6.44,Ap Si,4.53,-21.12,16.97
HIP 41653,127.40165094,-55.19090363,6.36,G0V,4.52,-9.69,-13.23
HIP 41674,127.44022551,-46.33172799,5.98,B7IV,5.18,-25.27,14.48
HIP 41676,127.44289151,67.29741477,5.89,G8III,10.12,-65.13,10.67
HIP 41704,127.56679232,60.7184311,3.35,G4II-III,17.76,-134.31,-107.73
HIP 41723,127.61924898,-32.15928753,5.61,K3III,2.73,-12.67,0.97
HIP 41737,127.66349041,-44.73733165,6.3,B4V,1.46,-9.65,4.9
HIP 41781,127.79432795,-47.86664025,6.39,B2.5V,3.1,-13.82,8.49
HIP 41798,127.83323549,37.2650151,6.18,A0V,4.13,-14.56,-29.85
HIP 41806,127.85291267,-39.06413261,6.31,B5V,2.09,-5.92,9.3
HIP 41813,127.87321243,-54.39390506,6.34,K3III,6.64,15.43,-43.1
HIP 41816,127.87738017,24.08121618,5.71,F0IIIn,13.75,-82.12,-45.72
HIP 41817,127.87893332,-19.57743956,5.42,B9.5IV/V,8.56,-33.24,-9.14
HIP 41822,127.8990288,18.09455771,5.33,K5III,6.6,-60.05,-56.5
HIP 41861,128.02072039,-53.21196039,5.68,G8III+...,3.57,-16.2,16.78
HIP 41893,128.13912451,-15.03019733,6.38,A7IV/V,14.1,-48.98,22.21
HIP 41894,128.13932858,53.11502806,6.23,K0IV,16.65,9.87,-74.13
HIP 41904,128.16611526,10.06602306,6.48,A1V,6.03,5.89,-6.22
HIP 41905,128.16880542,-47.04213104,6.49,K2III,5.01,-13.29,9.61
HIP 41907,128.17448213,-73.35696538,6.11,G8III,8.55,-54.26,72.09
HIP 41909,128.17718645,20.44127049,5.33,K3III,10.46,-44.65,-44.71
HIP 41926,128.21774079,-31.50270424,6.38,K0V,82.15,-1113.64,761.73
HIP 41927,128.22196648,69.31996254,6.31,K0,5.27,22.92,-25.21
HIP 41935,128.22939892,38.01678677,5.88,K2III,15.53,-104.55,-172.32
HIP 41939,128.24380764,-34.63404652,6.36,G8III,7.65,-18.26,3.27
HIP 41940,128.25060265,24.08490572,6.35,G9III,7.75,-64.67,-47.47
HIP 41941,128.25777973,-45.75292764,6.36,B5III,1.33,-8.86,9.06
HIP 41949,128.27019048,-24.60689225,6.19,F2IV/V,12.78,2.48,-28.03
HIP 41970,128.33278556,-38.3706896,6.48,B2/B3V,2.39,-10.72,5.73
HIP 41975,128.34098179,36.43642315,6.2,F5Vbwvar,26.8,-145.01,2.6
HIP 41986,128.3761528,-46.97067315,6.25,K3III,1.65,-2.89,4.78
HIP 42001,128.41019515,-38.8488327,5.92,B5III,3.95,-21.04,7.43
HIP 42008,128.4311946,4.75701524,5.89,G5III,0.6,-14.3,-6.17
HIP 42010,128.43776897,13.25742717,6.26,K0III,10.67,-32.22,-47.59
HIP 42028,128.50682149,-2.15160482,5.8,A1V,10.0,-33.38,20.68
HIP 42049,128.55561363,8.45237417,6.04,F3IV,17.22,6.45,-14.42
HIP 42070,128.62192854,-37.61119548,6.28,M0III,3.3,-11.49,10.84
HIP 42071,128.62386686,-27.09819859,6.4,K3III,3.15,-37.72,15.41
HIP 42075,128.63313216,-32.59839612,6.41,G5V,15.93,-10.74,-143.01
HIP 42080,128.6507805,65.14527349,5.47,A2m,20.63,-47.06,-42.5
HIP 42088,128.68170313,-49.94424627,5.01,K1/K2II,3.72,-12.56,17.66
HIP 42090,128.68293147,36.41971903,5.76,A2Vnn,10.17,-26.73,-41.19
HIP 42123,128.80200479,-39.97055528,6.44,G1V,27.53,74.22,42.6
HIP 42129,128.81491578,-58.22476298,5.27,B3V+...,3.39,-21.11,11.56
HIP 42134,128.83186765,-58.0092947,4.84,K0III,14.21,53.8,27.3
HIP 42142,128.85398701,2.74344025,6.35,G9III,5.92,-1.5,3.8
HIP 42146,128.86754708,-7.98233083,5.72,A1spe...,12.15,-21.98,16.14
HIP 42147,128.86967445,-26.84353277,5.95,A1V+...,3.89,-31.26,18.68
HIP 42172,128.96272402,6.62053814,5.91,F8V,37.68,-134.77,-131.0
HIP 42177,128.96683262,-50.96967696,5.79,B8 Si,6.99,-13.69,10.46
HIP 42187,129.03212308,15.31368827,6.33,F0IV,12.23,5.99,-23.23
HIP 42249,129.20324261,74.72372003,6.31,A2m,11.92,-16.05,-17.74
HIP 42265,129.27410956,9.65559645,5.92,A3V,7.07,-27.15,-6.77
HIP 42286,129.3285274,-62.85341217,5.45,K0III,9.74,-10.96,-21.91
HIP 42299,129.36322721,-4.93401252,6.18,K0,8.34,-2.25,5.56
HIP 42312,129.41100573,-42.98910371,4.11,A6II,2.27,-10.38,9.47
HIP 42313,129.41419739,5.70379868,4.14,A1Vnn,18.21,-70.27,-6.99
HIP 42334,129.46736838,-26.25497008,5.24,A0V,13.49,-23.44,-12.23
HIP 42365,129.57915784,32.80202805,5.96,K2III:,8.88,-24.29,-3.04
HIP 42372,129.59274761,53.4015752,5.66,G8IV,13.55,-76.32,-14.66
HIP 42394,129.66786125,-19.73690927,6.32,M1III,3.6,9.68,2.22
HIP 42400,129.68679697,-53.09043371,6.45,B8Vn,6.46,-26.06,21.68
HIP 42402,129.68936993,3.34147477,4.45,K2III,9.25,-19.03,-16.29
HIP 42415,129.74965355,52.92514812,6.34,K0,5.61,-28.67,-28.44
HIP 42425,129.77136771,-70.38665235,5.19,A0V,13.64,19.21,-38.05
HIP 42430,129.78362446,-22.6629058,5.05,G3/G5V,50.2,-268.26,424.08
HIP 42434,129.79210153,59.93924272,6.47,A2Vn,9.05,-27.41,-48.11
HIP 42438,129.79892615,65.02069298,5.63,G1.5Vb,70.07,-27.73,87.9
HIP 42440,129.805183,-60.31733717,6.35,A0V,7.46,-41.25,19.94
HIP 42452,129.82354649,52.71169928,5.91,K1III:,8.21,-29.26,-31.38
HIP 42455,129.84255538,-36.60681885,6.12,F3/F5V,24.86,-165.53,54.98
HIP 42459,129.84944512,-53.43982462,5.45,B5V,7.23,-23.97,23.51
HIP 42462,129.85238915,8.01767028,6.46,K1III,5.92,-29.71,-28.74
HIP 42483,129.92704475,-29.56086189,4.86,G5III,13.83,-25.41,-91.25
HIP 42484,129.92765434,73.62991882,6.16,G7III,9.18,-13.45,-99.01
HIP 42504,129.99009397,-53.05478181,5.18,B4IV,7.61,-25.81,21.49
HIP 42509,130.00633068,-12.47537441,4.98,K3III,7.78,-79.88,0.93
HIP 42515,130.02556894,-35.30830091,3.97,G5II/III,8.4,9.68,-21.18
HIP 42516,130.02683455,20.00781645,6.39,K0III,5.55,-35.02,-11.77
HIP 42527,130.05374429,64.32787175,4.59,K2III,12.92,-59.42,26.44
HIP 42535,130.0728703,-53.01545412,5.56,B7Vn,6.91,-25.47,23.17
HIP 42536,130.07337168,-52.92197259,3.6,B3IV,6.59,-24.62,35.09
HIP 42538,130.07630863,31.94197425,6.21,F5III,9.31,-39.35,-31.3
HIP 42540,130.08007139,-40.2638933,5.2,Ap (SiCr),11.63,-55.93,7.66
HIP 42549,130.09212013,19.66997035,6.42,K0III,4.31,-35.22,-13.15
HIP 42556,130.11263537,19.54484056,6.29,Am,5.95,-33.74,-13.57
HIP 42564,130.14690182,-45.19111481,5.67,M0III,3.43,3.36,5.01
HIP 42568,130.15431317,-59.76101468,4.31,B1.5III,2.31,-6.87,4.92
HIP 42570,130.15656369,-46.64875492,3.77,F3Ia,1.05,-6.3,4.29
HIP 42579,130.18146468,-57.54553217,6.34,A3V,14.38,-22.87,17.52
HIP 42604,130.25436677,45.83378521,5.35,G0IV,18.11,27.19,92.49
HIP 42614,130.27218464,-48.922689,5.9,B1.5V,2.03,-4.64,3.62
HIP 42624,130.3047503,-47.31714129,4.74,A5II,1.72,-10.53,6.87
HIP 42637,130.33167303,-78.96342637,5.46,B9IV,10.32,-29.31,27.58
HIP 42662,130.43055822,-15.94314865,4.87,K0IIICN...,15.98,3.54,-96.82
HIP 42679,130.48713962,-45.4107261,5.2,B5Iab,1.21,-5.9,5.02
HIP 42701,130.5409578,-11.96597346,6.46,A5m,8.6,-27.96,-14.4
HIP 42712,130.56748955,-48.099099,5.48,B1.5Vn,1.93,-4.92,3.51
HIP 42715,130.57922931,-53.10011485,5.49,B8...,6.75,-23.22,24.05
HIP 42717,130.58708068,-55.77465771,6.26,K2III,9.86,-73.99,41.57
HIP 42726,130.6058767,-53.11404062,4.83,B3IV,6.8,-24.88,23.21
HIP 42775,130.73752724,-35.94334976,6.42,A0V,7.43,-10.54,20.21
HIP 42777,130.75080939,46.90099532,6.21,G8III,7.92,-47.9,-61.63
HIP 42794,130.80128686,-79.0701501,6.05,A7V,10.23,-30.83,28.12
HIP 42795,130.8013968,12.6808708,5.62,A3V+...,3.17,-9.98,2.1
HIP 42799,130.80619315,3.39866539,4.3,B3V...,6.99,-19.14,-1.29
HIP 42806,130.82172127,21.46859609,4.66,A1IV,20.58,-106.94,-39.25
HIP 42828,130.89811451,-33.18641133,3.68,B1.5III,3.86,-14.28,10.6
HIP 42834,130.91781669,-49.82281081,5.15,B0IIIn,2.15,-3.56,3.65
HIP 42835,130.91825129,-7.23372781,4.63,G2Ib,5.4,-11.68,-1.05
HIP 42850,130.97635905,-68.21164561,6.33,K3III:,3.1,1.51,26.84
HIP 42854,130.99911135,4.33457298,6.37,B9.5III-IV,4.42,-15.01,-6.3
HIP 42884,131.09985828,-42.64932331,4.05,G5III,14.27,-23.88,19.46
HIP 42895,131.12520012,-65.82568206,6.03,A9V,16.49,-63.56,104.15
HIP 42911,131.17129209,18.15486399,3.94,K0III,23.97,-17.1,-228.46
HIP 42913,131.17582214,-54.70856797,1.93,A1V,40.9,28.78,-104.14
HIP 42917,131.18768592,10.08171256,5.63,A1p...,8.0,-13.55,-17.39
HIP 42923,131.21638717,-37.1472599,5.74,B2III,2.28,-8.27,4.27
HIP 42928,131.22984766,-21.16783642,6.1,A5V,12.78,-24.66,4.12
HIP 42931,131.25532956,5.68059675,6.13,A6V,15.78,2.52,-3.76
HIP 42936,131.27312609,-58.7243202,6.2,B7III,3.27,-5.27,0.51
HIP 42951,131.33652137,-2.60102981,6.41,F2+...,11.5,3.77,-13.23
HIP 42954,131.33926878,30.69776209,6.12,G5III,6.84,-3.27,-4.26
HIP 42981,131.39516396,4.66456464,6.45,K0,7.87,43.63,-77.43
HIP 43002,131.45541393,-25.38810636,6.07,A3IV/V,9.14,-26.32,7.64
HIP 43012,131.48014451,-79.50457035,5.79,K5III,5.83,-26.11,81.26
HIP 43023,131.50689464,-46.0415392,3.87,A1III,2.1,-12.23,4.82
HIP 43026,131.51021822,-2.04876829,5.7,K0III:,11.71,39.64,46.73
HIP 43035,131.52871402,-11.00680266,6.22,K5III,0.85,-29.59,14.41
HIP 43067,131.5938644,-13.54770494,4.32,G8III,14.38,17.57,-6.22
HIP 43073,131.59905651,-41.12540265,6.21,B9V,4.53,-21.3,5.39
HIP 43082,131.62729635,-45.91251639,5.43,B3Ia,0.99,-4.97,4.87
HIP 43103,131.67430955,28.76000509,4.03,G8Iab:,10.94,-20.69,-43.95
HIP 43105,131.67733004,-56.76979718,4.5,B3Vne,5.97,-9.4,8.64
HIP 43109,131.6943593,6.41890691,3.38,G0III-IV,24.13,-231.04,-40.17
HIP 43114,131.70520725,-34.62295882,6.33,B3V,3.64,-12.82,5.77
HIP 43121,131.73357081,12.11007629,5.89,A1V,16.38,-65.2,-51.06
HIP 43142,131.81253189,-1.89705972,5.28,A3V,9.61,-37.64,11.12
HIP 43148,131.82853523,-46.15542775,5.71,F0Ib,0.9,-3.83,5.21
HIP 43152,131.83948881,-17.05285288,6.48,A2V,4.28,-12.09,-10.38
HIP 43177,131.91835588,-41.7362388,6.35,G0Ia0:,34.55,-20.5,-227.68
HIP 43195,132.00101403,-52.8502078,6.29,B8V,7.02,-24.89,23.25
HIP 43204,132.02028845,-6.55876125,6.09,K0,4.89,13.95,-32.15
HIP 43209,132.03661085,-42.46346345,6.43,B2IV,1.92,-13.65,7.0
HIP 43215,132.06097234,-28.63877951,6.42,M5III,4.23,-10.55,-8.43
HIP 43234,132.10825351,5.83788486,4.35,A0Vn,9.67,-17.51,-29.79
HIP 43246,132.15617274,-1.04483247,6.42,K0,7.12,-50.89,-1.35
HIP 43266,132.2053327,66.70816839,6.2,B8V,6.34,-19.93,-35.26
HIP 43305,132.34057358,-3.44297063,5.3,B9MNp...,7.45,-19.57,-21.7
HIP 43325,132.41319515,-40.32015599,5.47,A2/A3IV,2.05,-9.76,-0.76
HIP 43338,132.43724727,-21.04830272,6.48,A6IV,12.47,4.84,-56.61
HIP 43347,132.44853466,-45.30790977,4.94,A2III,3.94,-12.39,14.42
HIP 43351,132.45890766,-72.5512595,6.1,A3m...,1.03,-6.36,8.07
HIP 43352,132.46458755,-32.78040797,5.19,G8III,14.26,-1.86,-48.22
HIP 43354,132.46833118,-39.14170326,6.38,A2/A3II/III,12.82,-63.91,41.13
HIP 43370,132.50934024,-29.46301021,5.86,G8III,3.47,-15.79,5.43
HIP 43392,132.58758781,-42.08979986,6.0,O9V,1.71,-6.01,3.6
HIP 43394,132.59020878,-28.61760308,6.17,B9V,8.87,-19.8,-6.55
HIP 43409,132.63338051,-27.71005869,4.02,K3III,15.63,-133.49,88.16
HIP 43410,132.63444521,33.28525915,6.22,F7Vn,34.86,-62.22,-85.02
HIP 43413,132.63943261,-46.52919614,5.09,B0III,1.21,-2.76,3.84
HIP 43414,132.64450311,-66.79322494,5.34,F5IV,19.04,92.61,100.38
HIP 43427,132.68804465,18.83223974,6.41,A2Vs,4.28,-11.83,-23.47
HIP 43454,132.75638589,15.35047458,6.36,G2IV,25.02,-118.13,72.47
HIP 43496,132.89349889,-7.17721266,5.55,A4m,6.68,-48.79,-5.34
HIP 43499,132.9022178,-57.63361532,5.59,B8III,4.55,-15.29,15.56
HIP 43520,132.95852355,-44.15094757,6.38,B3V,2.54,-12.87,6.66
HIP 43528,132.98167158,-40.98659824,6.49,Ap...,2.93,-9.48,5.78
HIP 43531,132.98684264,43.72649196,5.15,K0III,11.91,-13.91,45.63
HIP 43550,133.04187782,42.00288543,5.98,K0III,6.8,-32.72,-61.99
HIP 43553,133.04907327,45.3129001,5.96,K0III,6.06,-11.02,-33.32
HIP 43570,133.10076514,5.34032996,6.34,A5V,5.96,-1.92,-7.87
HIP 43573,133.1089359,-32.50930296,6.49,K2/K3III,4.04,-11.92,-8.01
HIP 43575,133.11916908,28.25917608,6.25,M3III,3.68,-18.03,-7.03
HIP 43580,133.12810256,-13.23294424,6.12,K1III,9.65,29.11,0.9
HIP 43584,133.14426783,32.47412331,5.67,A8Vms,16.01,-3.78,13.88
HIP 43587,133.15055377,28.33138843,5.96,G8V,79.8,-485.48,-234.4
HIP 43589,133.16090445,-48.35909798,5.92,B3Vn,3.0,-13.44,0.33
HIP 43590,133.1612556,-36.54533685,6.41,G8III+...,3.07,-7.92,-2.17
HIP 43593,133.17011719,-52.12894176,6.39,A0V,7.19,-16.52,14.79
HIP 43603,133.20008562,-38.72413106,5.79,K5/M0III,3.72,-3.06,18.39
HIP 43620,133.26584378,-56.64957371,6.02,A0V,11.01,-22.86,36.45
HIP 43623,133.27227715,-16.95234812,6.43,K1III,7.81,-52.57,-50.74
HIP 43624,133.27470567,59.05614282,6.35,F5IV-V,16.19,15.5,-1.18
HIP 43644,133.34404121,61.96221364,5.72,F2III,11.45,-9.98,22.3
HIP 43669,133.45278722,-60.35393124,5.78,B5III,2.37,-10.05,9.22
HIP 43671,133.46083652,-47.52071984,5.31,Am,12.49,-5.97,-23.85
HIP 43673,133.46151651,-40.44755087,6.42,K0II/III+..,2.48,-6.38,3.5
HIP 43685,133.48208292,35.53833749,6.14,A4III,3.43,-26.18,-17.88
HIP 43721,133.56126962,30.57917723,5.4,G7III,8.93,38.97,-25.57
HIP 43726,133.5757901,-5.43453346,6.01,G3V,58.5,-413.14,30.44
HIP 43763,133.72521204,-58.23969727,6.36,B5V,3.75,-20.24,16.14
HIP 43783,133.76192355,-60.64471195,3.84,B8III,10.45,-28.18,42.24
HIP 43797,133.79898826,-54.96554657,5.7,F6V,41.41,24.23,-91.2
HIP 43798,133.80174626,-18.24120659,5.75,K2/K3III,7.67,17.87,7.11
HIP 43807,133.83005467,-45.04169055,6.26,B3IV,3.49,-13.12,8.39
HIP 43811,133.84534491,17.2312602,6.28,C6II,0.9,-3.18,6.44
HIP 43813,133.84868687,5.9455277,3.11,G8III-IV,21.64,-99.76,14.65
HIP 43822,133.87335197,-7.97108917,6.07,A3,10.24,7.71,-26.34
HIP 43825,133.8813149,-27.68162589,4.87,A3IV,14.4,83.0,-100.92
HIP 43834,133.91537004,27.92756265,5.23,G8II-III,5.68,-14.98,-33.37
HIP 43850,133.97702167,-15.43943077,6.47,K2III,4.01,4.46,-43.44
HIP 43851,133.98148374,11.62605826,5.44,K5III,5.6,-13.33,-14.42
HIP 43853,133.98305637,-23.8184137,6.39,A4V,14.24,-46.96,45.55
HIP 43878,134.0803251,-52.72351071,4.68,B5V,8.68,-16.58,14.6
HIP 43894,134.12740931,40.20156718,5.9,F3III,13.81,-81.85,-38.31
HIP 43899,134.14221654,-16.70868242,5.95,K3III,4.42,-8.89,-27.02
HIP 43902,134.15432348,4.2365855,6.13,G8II-III,3.21,1.05,-1.81
HIP 43903,134.15619484,64.60403054,5.57,G6III,10.59,-32.93,-81.88
HIP 43908,134.1745136,-85.66323432,5.43,F0III,20.73,-116.27,33.74
HIP 43923,134.20857178,45.63175477,5.72,K1IV,14.21,-125.02,-44.75
HIP 43932,134.23597642,32.91058931,5.44,A7IV,16.73,-53.39,-65.58
HIP 43937,134.24344613,-59.22935883,4.93,B2IV-V,5.25,-8.43,8.65
HIP 43957,134.2846028,17.14383105,6.17,K1III,8.5,-41.37,-32.95
HIP 43970,134.31213728,15.32271727,5.22,A5III,20.39,61.23,18.46
HIP 44001,134.39651273,15.58123453,5.68,F0IV,20.3,60.93,19.01
HIP 44010,134.42512167,9.38777759,6.19,G8III,3.41,-9.16,-5.75
HIP 44024,134.48155402,-48.57293357,5.88,G8/K0II,3.04,-16.42,9.63
HIP 44031,134.49430922,30.23375878,6.25,F6V,19.92,46.26,27.51
HIP 44066,134.62165408,11.85777198,4.26,A5m,18.79,41.45,-29.22
HIP 44075,134.68243659,-16.13324587,5.8,F7/F8IV/V,46.9,244.35,213.46
HIP 44093,134.71844252,-47.23482313,5.17,Am,14.77,-84.4,55.68
HIP 44126,134.79483391,18.13503174,6.3,M4IIIvar,4.68,-49.82,-67.96
HIP 44127,134.80349479,48.04234956,3.12,A7IV,68.32,-441.12,-215.21
HIP 44130,134.81604453,-28.80607879,6.24,G8III,6.91,-43.82,25.19
HIP 44143,134.85158738,-59.08439697,5.17,F3V,38.2,-174.6,281.78
HIP 44148,134.8620529,13.07440776,6.49,K5III,2.52,-17.85,-7.02
HIP 44154,134.88618568,32.41864339,5.23,G9III,10.19,-44.33,-34.61
HIP 44162,134.91641417,-19.20779957,6.19,F5IV/V,25.28,-39.91,-97.39
HIP 44191,135.02266724,-41.25373789,4.45,Fp,16.19,-40.67,54.59
HIP 44213,135.09276114,-43.17399229,6.04,B3Vne,3.26,-8.89,0.51
HIP 44231,135.12837461,37.60435051,6.21,K5,3.87,-13.19,0.99
HIP 44248,135.16146765,41.78344401,3.96,F5V,60.86,-487.67,-219.29
HIP 44256,135.1906126,-60.96384715,5.8,G8II,2.59,-4.42,7.76
HIP 44283,135.28536477,-68.68391841,5.89,M1III,4.28,16.2,1.01
HIP 44290,135.29751141,-26.66358657,6.2,K1IIICN...,8.37,26.55,-53.48
HIP 44299,135.33698096,-41.86429036,5.56,B5V,6.92,-18.74,14.8
HIP 44307,135.35053849,32.25229474,5.89,A2V,6.4,0.3,0.72
HIP 44315,135.38084948,5.64099518,6.08,F3IV+...,4.13,-29.3,-3.92
HIP 44331,135.41996619,39.71370429,6.39,A9Vn,15.24,-41.39,-76.52
HIP 44337,135.43572156,-52.18871825,5.23,Ap Si,7.46,-14.67,13.53
HIP 44342,135.45367284,27.90278284,6.07,A8Vn,17.03,-64.19,-77.89
HIP 44356,135.49173102,-0.48284175,5.64,K0III,5.32,-46.67,69.24
HIP 44367,135.52675733,-39.40225721,6.25,K1IIICN...,9.13,-41.54,38.38
HIP 44382,135.61166181,-66.39584369,4.0,Am,26.24,-2.01,-95.8
HIP 44390,135.63635792,67.62957486,4.74,M3III,11.35,-22.08,18.15
HIP 44405,135.68444595,24.45293256,5.45,A0III,7.14,-2.56,-7.13
HIP 44406,135.68676211,7.29826333,5.85,K3III:,4.91,-9.32,1.43
HIP 44423,135.77229936,-53.55039508,6.39,B6V,3.78,-19.3,9.42
HIP 44471,135.90649494,47.15665934,3.57,A1Vn,7.71,-37.37,-55.39
HIP 44504,136.00167862,54.28387681,5.74,A2V,9.69,-1.38,4.12
HIP 44509,136.02412427,-47.44146376,6.46,B4V,2.85,-11.1,5.72
HIP 44511,136.03883562,-47.09771376,3.75,K2III,10.55,-46.82,-9.57
HIP 44565,136.19998116,-57.85262854,6.43,A8III,2.96,-25.03,22.71
HIP 44574,136.22967098,32.37698738,6.46,A8V,12.6,-58.93,-63.6
HIP 44599,136.28679299,-72.60269387,4.47,F6II-III,7.18,-8.44,-4.72
HIP 44613,136.35044363,48.53035841,5.48,F6II-III,9.37,-12.03,-18.22
HIP 44626,136.40992522,-70.53852074,4.66,B2IVe,3.02,-4.36,9.89
HIP 44659,136.49324097,5.09234249,4.99,K2II-III,2.69,-18.97,-11.01
HIP 44665,136.53170821,-64.49992086,6.37,K3III,5.53,18.6,29.57
HIP 44700,136.63245022,38.45225024,4.56,G8Ib-II,4.81,-28.37,-14.34
HIP 44708,136.64183582,-55.80242862,6.1,B2IV-V,2.75,-9.56,7.04
HIP 44717,136.67982863,59.34455497,6.44,A2V,2.88,-15.25,-14.32
HIP 44738,136.74977358,1.46273239,6.16,M1III,3.29,-11.02,-15.91
HIP 44768,136.86254944,22.98086458,6.39,F5V,16.97,-168.24,2.91
HIP 44798,136.93676819,10.66821521,5.23,B8IIIMNp,6.74,-20.36,-9.96
HIP 44816,136.99907126,-43.43262406,2.23,K4Ib-II,5.69,-23.21,14.28
HIP 44818,137.00029758,29.65422729,5.42,G8III,12.56,-31.08,3.39
HIP 44824,137.01190516,-25.85853691,4.62,K4/K5III,6.69,35.83,0.49
HIP 44825,137.01754785,32.54045613,6.47,F2V,9.34,-80.18,-23.55
HIP 44857,137.09805477,66.87333335,5.15,K5III,6.54,-23.01,-40.54
HIP 44883,137.1758002,-8.58951324,5.6,B9.5III,3.63,-21.2,-4.42
HIP 44887,137.18150569,-26.76762631,6.15,A4IV,8.74,-44.69,11.59
HIP 44888,137.18549628,-16.2771575,6.48,K0IIICN...,8.28,5.35,-67.22
HIP 44892,137.19758758,26.63001213,5.95,G5IV,31.98,-139.12,-370.44
HIP 44897,137.21335301,33.88249742,5.95,F9V,52.25,-191.06,-115.4
HIP 44901,137.21827365,51.60472728,4.46,Am,34.12,-137.81,-32.48
HIP 44923,137.26770246,-18.32859911,5.73,A0/A1V,12.52,-63.2,20.86
HIP 44936,137.29792608,-12.35770752,5.76,G6III,7.09,20.75,0.61
HIP 44946,137.33972475,22.04544728,5.16,K0III,8.57,-0.48,-0.7
HIP 44961,137.39824927,-8.78763061,5.47,G8II,5.08,-17.77,-7.05
HIP 44979,137.43748594,-49.42431351,6.48,A9Vn,6.35,-0.21,-28.74
HIP 44984,137.44354427,11.56452847,6.48,F2p,26.54,-44.47,-62.25
HIP 45001,137.48504809,-30.36528248,5.59,A4IV,15.35,-2.15,-48.86
HIP 45002,137.48813265,-52.08299346,6.19,K1III,10.73,-91.72,54.65
HIP 45033,137.58690182,21.99640459,6.04,G8III,7.76,3.5,4.44
HIP 45038,137.59802574,67.13423886,4.8,F7IV-V,48.87,12.88,-90.85
HIP 45058,137.66168928,30.9632192,6.04,M6S,8.21,-9.41,-33.05
HIP 45075,137.72887992,63.51378087,4.67,Am,26.79,99.16,-60.96
HIP 45080,137.74210535,-58.96693014,3.43,B2IV,7.79,-17.67,14.14
HIP 45085,137.76834415,-44.86791223,4.99,B5Ia,-0.26,-4.42,4.32
HIP 45097,137.80303189,80.8289461,6.37,F2,12.95,-20.66,-15.02
HIP 45101,137.81986611,-62.31701587,3.96,B3IV,6.53,-38.04,15.93
HIP 45122,137.88912076,-46.58392947,5.78,B2IV-V,2.85,-7.17,7.65
HIP 45127,137.92061284,-39.25887079,6.05,B5III,2.55,-20.7,10.71
HIP 45150,137.98204681,5.46865324,6.34,A9IVe...,19.65,-96.41,-10.12
HIP 45158,137.99487892,-19.74774055,5.72,G8III,10.85,-55.93,46.45
HIP 45166,138.05110817,-76.66292167,6.13,K1III,8.95,39.27,-43.98
HIP 45167,138.05379452,3.86698952,6.14,A0V,8.68,-50.77,-4.7
HIP 45170,138.07443958,14.99544127,6.49,G9V,48.83,-524.47,245.13
HIP 45184,138.10856189,-7.10987965,6.1,A3m,12.1,-19.81,21.56
HIP 45189,138.12725463,-43.61329176,5.56,B8V,5.23,-22.34,12.25
HIP 45214,138.21097157,-60.91681495,6.36,B9V,5.9,-22.14,18.93
HIP 45219,138.23176998,-59.41396656,5.54,G6II,6.87,5.55,15.65
HIP 45238,138.30100329,-69.71747245,1.67,A2IV,29.34,-157.66,108.91
HIP 45242,138.32781495,-42.27344152,6.27,K2III,6.95,-14.21,62.43
HIP 45249,138.33972458,-29.66442214,6.38,K5III,3.38,25.2,21.72
HIP 45259,138.3575943,-38.61643569,6.31,A0V,4.56,-1.5,-14.68
HIP 45270,138.39364708,-47.33843989,5.92,B9V,5.88,-25.0,13.35
HIP 45272,138.40529629,21.28323198,6.48,A2V,6.57,-15.48,-10.88
HIP 45290,138.45095799,43.21791261,5.3,B8IIIMNp,5.69,-28.41,-36.23
HIP 45305,138.51289243,-14.69480209,6.46,G6/G8III/IV,5.75,-7.1,-16.33
HIP 45314,138.53429096,-44.14585354,5.85,B6IV,6.26,-24.23,12.97
HIP 45328,138.5751025,-55.56970109,5.26,G8II/III,5.11,-32.89,29.44
HIP 45333,138.58562984,61.42339501,5.18,F9V,51.12,-8.67,-31.84
HIP 45336,138.59080529,2.31502422,3.89,B9.5V,25.34,112.57,-306.07
HIP 45344,138.60210323,-43.22752192,5.24,B4V+...,5.86,-25.01,12.02
HIP 45386,138.73819127,-37.60236629,5.85,K0/K1III+..,5.2,4.08,-12.26
HIP 45410,138.80781962,14.9415367,5.36,K1III,4.65,-39.61,-12.33
HIP 45412,138.80982607,34.63339985,5.98,G6III,7.17,-157.52,47.81
HIP 45413,138.81100525,-45.55549346,6.25,B8V,1.8,-7.9,-2.0
HIP 45418,138.82357591,-58.38837967,6.02,B7IV,6.24,-17.25,1.14
HIP 45421,138.83848952,84.18098826,6.3,F2III,11.1,32.78,10.3
HIP 45424,138.85397891,-15.02486672,6.32,A0V,9.38,-11.01,-17.01
HIP 45437,138.89470968,-57.57776219,6.32,G8II,2.97,-15.37,8.32
HIP 45439,138.90317393,-38.56991789,4.92,K1III,14.49,-71.22,-10.06
HIP 45448,138.93778941,-37.41312644,4.63,F3/F5V,19.69,13.85,-7.26
HIP 45455,138.95753521,56.74147744,5.28,K5III,4.79,-24.81,-29.15
HIP 45461,138.9697913,72.94646226,5.93,F0III,11.21,-85.32,-56.0
HIP 45481,139.016808,-44.89873417,6.02,A1Ib+...,0.75,-5.59,4.44
HIP 45493,139.04699516,54.02171207,4.8,A5V,27.55,49.14,59.79
HIP 45496,139.05042678,-57.54143764,4.34,M1III,6.08,-27.77,-14.77
HIP 45505,139.09598912,-44.26574592,5.12,K3Ib,0.81,-2.54,4.66
HIP 45526,139.17240336,-8.74475953,5.49,B9III,4.73,-15.94,0.02
HIP 45527,139.17384091,-6.35315487,5.24,K2III,11.7,24.94,4.27
HIP 45543,139.23772305,-11.10294324,6.45,K0,8.86,-7.63,-69.25
HIP 45544,139.23791125,-39.40145479,5.31,K2III,9.18,-29.76,-34.59
HIP 45556,139.27261834,-59.27526115,2.21,A8Ib,4.71,-19.03,13.11
HIP 45559,139.28221716,-14.57405765,5.83,K0III,8.37,-17.27,-4.63
HIP 45571,139.32250201,-68.68957252,5.38,F4V,29.83,-109.18,-28.45
HIP 45581,139.35504716,-74.89439024,5.28,A1V,4.52,-16.33,31.85
HIP 45585,139.36514198,-74.73467629,5.86,A0V,12.37,-29.08,35.19
HIP 45590,139.37985665,46.81719916,5.96,A1V,8.89,14.11,11.91
HIP 45603,139.42628604,-54.49485748,6.33,K3III,4.02,-22.56,11.83
HIP 45614,139.46401667,11.50115104,6.4,A2IV,6.02,-14.94,-2.16
HIP 45615,139.46527559,-67.05089926,6.14,K2III,2.4,-6.57,12.72
HIP 45631,139.52454326,-51.05089519,5.26,B7/B8III,7.57,-21.0,14.83
HIP 45661,139.60809965,35.36412574,5.94,A8V,6.46,-48.17,-18.99
HIP 45675,139.67650557,-51.5606599,5.83,B7Iab,0.17,-5.22,3.5
HIP 45688,139.71111394,36.80289763,3.82,A1V,26.75,-32.61,-123.78
HIP 45742,139.88536568,-55.18649115,6.28,B5V,0.95,-12.61,8.23
HIP 45743,139.88796486,-15.83453443,5.79,K1/K2III,8.14,36.93,-52.86
HIP 45751,139.94332821,-11.97488214,4.77,G8III,10.2,-27.92,12.16
HIP 45754,139.94976336,-34.10331577,6.4,B8V,4.79,-12.79,-9.72
HIP 45764,139.98243737,74.01675676,6.42,G8III,8.8,-40.56,-63.87
HIP 45811,140.12094162,-9.55562948,4.8,F5V+...,13.39,-13.42,-26.8
HIP 45814,140.12367944,-37.58163503,6.04,K3/K4III,6.35,-17.36,-21.77
HIP 45836,140.1824762,51.26571262,6.14,F3V,34.48,-34.76,145.35
HIP 45854,140.23106538,-15.61756661,6.3,F6V,20.69,70.22,-106.79
HIP 45856,140.23679302,-62.40463293,4.79,G6III,14.65,-14.29,0.2
HIP 45858,140.24751937,38.18831027,6.12,F3V+...,20.91,-43.49,-20.01
HIP 45860,140.26441169,34.39252592,3.14,M0IIIvar,14.69,-222.8,14.78
HIP 45888,140.34837898,45.37014999,6.4,K0,4.57,-9.17,-20.19
HIP 45896,140.36322747,32.9022065,6.16,K3III,10.3,11.21,-22.76
HIP 45902,140.37332838,-25.96541642,4.71,M0III,6.25,-12.28,-9.2
HIP 45915,140.43041783,56.6992485,5.79,M4IIIa,6.84,-10.55,-11.91
HIP 45920,140.45878607,-55.51487092,5.61,A3IVs...,11.84,-64.28,76.25
HIP 45924,140.46224949,-42.19473814,5.56,M3Ib,5.77,60.21,-50.28
HIP 45941,140.52845511,-55.01069531,2.47,B2IV,6.05,-10.72,11.24
HIP 45962,140.59997928,-46.04750246,5.74,G6/G8III,5.72,-3.02,23.71
HIP 46026,140.80140137,-28.83392305,4.71,G8III,17.92,-128.65,20.58
HIP 46045,140.85573902,-48.2869573,6.27,B5V,2.34,-12.14,6.22
HIP 46049,140.86388943,-60.30232993,6.3,K1/K2II/III,1.44,-10.28,6.61
HIP 46058,140.88272405,25.1828384,6.41,G5III-IV,4.8,-120.14,0.64
HIP 46067,140.91571525,-46.90876865,6.21,B7III,2.89,-19.27,7.45
HIP 46075,140.93717495,-37.75696435,6.47,A1m...,9.92,-80.7,26.48
HIP 46093,140.99724486,-51.73709116,6.05,A7Iab,0.57,-4.71,4.4
HIP 46101,141.02289906,-61.64878694,5.99,K0III,9.67,-0.82,-47.52
HIP 46107,141.04053926,-80.78720514,5.34,F3/F5IV,17.69,-138.55,135.39
HIP 46114,141.06781642,-39.42543933,6.05,A6/A7III,6.29,12.96,-26.01
HIP 46143,141.15482482,-70.07577997,6.45,K1III,5.28,-43.0,0.29
HIP 46146,141.16366395,26.18244091,4.47,K2III,15.28,-31.13,-48.06
HIP 46168,141.23183965,51.5739152,6.3,G2III,7.55,42.41,-7.86
HIP 46194,141.28289581,-43.97670178,6.31,M5III,4.13,-48.11,40.81
HIP 46221,141.35017628,-5.1173788,5.6,K5III,4.83,-11.68,-6.14
HIP 46225,141.36407358,-61.95061204,5.77,A4V+...,13.79,-115.54,55.95
HIP 46232,141.38562969,16.58564659,6.31,G9III:,11.99,-82.56,-24.28
HIP 46247,141.43411369,63.94102589,6.24,K2III,4.03,-12.55,-35.58
HIP 46283,141.57490643,-53.37893587,5.09,B6V,7.72,-19.94,11.06
HIP 46288,141.592957,-1.46406552,6.01,K3III,3.72,-1.37,-5.23
HIP 46297,141.61854205,-40.50172135,6.19,A7III,10.87,11.76,6.11
HIP 46328,141.68408799,-64.9298568,6.05,A3Vn,14.65,-63.33,64.17
HIP 46329,141.68714002,-28.78768232,6.12,B5V,2.05,-19.44,-5.62
HIP 46358,141.77707532,-71.60209195,5.46,K2III,16.23,-102.43,80.99
HIP 46371,141.82623904,-22.3434176,4.72,K1III,18.53,171.66,-150.17
HIP 46390,141.8968826,-8.65868335,1.99,K3III,18.4,-14.49,33.25
HIP 46404,141.9454878,-6.07102871,5.38,G2V,32.01,-232.83,-65.21
HIP 46407,141.95494967,-71.7812037,6.33,F3/F5V,17.67,-76.94,42.03
HIP 46410,141.96510916,75.09829976,6.2,A5Vs,6.88,-15.39,16.95
HIP 46454,142.1140705,9.05677114,5.4,F9V,29.05,40.4,2.71
HIP 46457,142.12164079,8.18837326,5.72,K0III,6.29,-28.58,-30.79
HIP 46460,142.12749104,-66.70198874,5.9,A0V,12.17,-34.47,45.82
HIP 46471,142.16664439,45.6017947,5.4,K0III-IV,11.33,-6.4,-128.2
HIP 46482,142.19660989,-62.2732034,5.91,K1III,6.76,-65.4,28.42
HIP 46504,142.25973472,-1.25691594,6.27,F0Vn,10.96,-62.64,1.22
HIP 46509,142.28682816,-2.76895627,4.59,F6V,58.48,100.93,-3.15
HIP 46511,142.30272565,-20.74914438,5.66,K4/K5III,3.57,-19.14,6.94
HIP 46515,142.31140615,-35.9513478,4.51,K3III,4.66,-24.74,5.07
HIP 46517,142.31771878,-38.40354893,6.15,A6V,16.04,-106.25,3.01
HIP 46529,142.35196411,-2.20517624,6.14,F0III,6.87,-50.4,1.81
HIP 46543,142.38514104,-4.24650832,6.25,G6IV,18.39,-30.31,-52.7
HIP 46569,142.45781856,-23.3453398,6.26,K2/K3III,1.98,-3.86,-1.1
HIP 46578,142.47716139,-26.58961727,5.49,K2IIICNII,4.27,-22.42,0.69
HIP 46594,142.5213665,-51.51719294,5.45,B8V,7.85,-18.98,11.85
HIP 46618,142.59391346,-15.57719292,5.86,K2III,13.11,-92.37,-65.37
HIP 46620,142.59772226,-58.36190438,5.88,M2III,3.08,-28.81,26.67
HIP 46651,142.67547063,-40.46688763,3.6,F2IV,53.89,-147.14,48.65
HIP 46652,142.68013936,33.65582773,5.87,G8III:,6.33,-21.01,-48.17
HIP 46657,142.69200638,-31.88917107,5.75,A0,8.76,24.54,-20.88
HIP 46701,142.80564072,-57.0343916,3.16,K5III,13.72,-32.58,6.08
HIP 46733,142.88154025,63.06179545,3.65,F0IV,43.2,107.55,26.86
HIP 46734,142.88413622,-31.87183113,5.91,A9IV,8.71,-49.22,-0.09
HIP 46735,142.88520681,35.10350902,5.39,M1III,7.48,-55.17,-97.25
HIP 46736,142.88722307,-35.71432898,5.86,K3III,11.44,156.61,-173.39
HIP 46737,142.88770483,-66.7190455,6.27,K1III,4.64,-17.93,7.78
HIP 46741,142.90134667,-73.08091865,5.46,K4III,4.12,-25.16,2.44
HIP 46744,142.91236818,-10.55196998,6.13,F0Vn,18.43,33.05,-17.67
HIP 46750,142.93016816,22.96806545,4.32,K5IIIvar,9.69,-19.38,-39.04
HIP 46768,142.98237229,-10.37039237,6.12,K0,9.1,-101.93,20.93
HIP 46771,142.98663458,11.3000307,4.99,K0IIIvar,13.67,-89.92,-84.0
HIP 46774,142.98992745,9.7157982,5.07,K3III,6.76,-8.89,-12.96
HIP 46776,142.99556148,-1.18465438,4.54,A3V,7.11,-11.42,-3.87
HIP 46810,143.07685571,-28.62787596,6.43,F3V,13.3,-88.84,43.79
HIP 46811,143.08029475,-40.64932106,5.35,G8III,8.36,9.68,-5.69
HIP 46813,143.08512296,-19.40032613,5.74,A4III,9.28,-33.68,9.3
HIP 46840,143.1725272,1.86423899,6.11,F7IV-V,7.84,-21.01,-36.05
HIP 46853,143.21802191,51.67860208,3.17,F6IV,74.15,-947.06,-535.6
HIP 46859,143.23241315,-13.51680632,5.95,K4III,3.96,-8.27,1.09
HIP 46869,143.25832855,-8.5052899,6.12,K0,8.3,-43.8,-34.6
HIP 46874,143.28213125,-39.12916862,6.43,F2IV/V,13.75,-41.31,39.13
HIP 46879,143.29692419,45.51385304,6.49,K0,5.58,-15.63,-39.14
HIP 46880,143.3019688,-21.11575904,5.02,K0III,9.76,-20.19,15.09
HIP 46893,143.33309223,-7.1901482,6.25,K0,7.75,-62.19,-23.11
HIP 46897,143.35873201,-22.86401784,5.92,B9.5V,10.98,-70.04,55.27
HIP 46904,143.37639032,36.48703015,6.19,K4III:,7.87,40.32,-33.17
HIP 46914,143.43566625,-49.0050932,5.12,B4IV,3.4,-23.39,8.78
HIP 46928,143.47293825,-80.94129374,5.07,B5V,6.05,-34.61,14.67
HIP 46938,143.49653757,23.4541199,6.26,K7III,6.41,-43.63,-82.74
HIP 46950,143.53667204,-51.25528201,5.01,B1.5IV,3.5,-8.5,6.39
HIP 46952,143.5557374,36.39761338,4.54,G8III,18.52,6.82,-22.89
HIP 46974,143.61109601,-59.22976797,4.08,B5II,1.65,-11.23,6.02
HIP 46977,143.62069943,69.83015419,4.54,G4III-IV,30.89,-63.9,77.59
HIP 46982,143.63600852,-5.91480636,5.56,K1III,4.79,10.79,-58.3
HIP 47006,143.70622878,52.05156754,4.47,A2V,12.21,-65.07,-37.3
HIP 47013,143.7224525,72.2058641,5.77,F7V,20.06,72.02,-76.06
HIP 47029,143.76605199,39.62144313,4.81,K0III,14.23,-29.64,20.67
HIP 47039,143.79948668,-35.823745,6.48,F5V,15.78,-73.99,-2.06
HIP 47070,143.89091178,-19.583308,6.33,A0V,11.5,-27.84,-35.48
HIP 47080,143.91678098,35.81076694,5.4,G8IV-V,89.45,-730.05,-260.62
HIP 47096,143.9704538,14.3795934,6.32,A1V,6.39,-41.21,-2.22
HIP 47119,144.02829338,74.31887605,6.46,B9V,7.3,-15.55,-29.04
HIP 47145,144.10588902,-48.75116061,6.18,F0p,13.8,-8.01,-7.7
HIP 47168,144.17854374,31.16184064,5.57,M2III,6.87,2.3,-43.74
HIP 47172,144.19337925,-52.94390589,6.18,K1III,8.4,-125.12,96.95
HIP 47175,144.2069042,-49.3551286,4.34,A5V,30.35,-130.56,42.29
HIP 47187,144.25103185,-25.29684739,5.68,K0III,11.14,-62.6,36.18
HIP 47189,144.2607944,16.43795912,5.73,K1III,3.42,-16.99,-3.01
HIP 47193,144.27229969,81.32642085,4.28,K3III,3.03,-16.77,-15.95
HIP 47199,144.29112334,-32.17861272,5.62,K1III,12.19,31.48,-13.87
HIP 47204,144.3028174,-53.66848607,5.44,A2/A3V,13.95,-23.99,-9.13
HIP 47205,144.30295211,6.83577519,5.0,K1IIIvar,14.45,-70.26,11.03
HIP 47224,144.36841333,-36.09599061,5.96,K2III,9.67,-25.61,-1.43
HIP 47231,144.40634808,60.21376054,6.41,G5,10.17,-11.78,-32.35
HIP 47242,144.44142337,-3.17060829,6.45,K0,7.22,-9.96,-13.85
HIP 47249,144.46475673,-9.42446525,6.4,A1V,8.7,-61.73,7.72
HIP 47260,144.48453548,73.08044385,6.39,F2V+...,14.37,-42.41,-20.33
HIP 47267,144.50597591,-43.19086905,5.51,G8II,6.73,24.0,-31.03
HIP 47300,144.59077851,40.23976693,5.28,F0V,26.05,-14.37,10.87
HIP 47310,144.6141046,4.64941422,4.68,K3III,11.9,-165.45,-49.93
HIP 47391,144.83767061,-61.32810523,4.51,B9V,14.57,-34.89,18.6
HIP 47401,144.86631917,67.27232436,5.96,K5,6.0,-27.75,-38.67
HIP 47422,144.93812076,-62.94296853,6.4,B8/B9III/IV,5.23,-17.74,18.53
HIP 47427,144.94759513,-10.57028535,6.31,A0Vn,2.97,-20.54,6.08
HIP 47431,144.96389156,-1.14265722,3.9,K3IIIvar,11.83,47.81,-62.92
HIP 47452,145.07657975,-14.33224542,5.07,B4IV/V,6.33,-26.32,-19.25
HIP 47454,145.08364165,-10.76918307,6.37,A2V,3.89,-8.44,-0.66
HIP 47479,145.17751102,-57.98357162,5.3,A3IV,14.85,-43.84,7.64
HIP 47498,145.25876248,-57.25944118,5.8,K0/K1III,9.0,76.24,-41.64
HIP 47508,145.28799116,9.89239902,3.52,A5V+...,24.12,-143.67,-37.45
HIP 47522,145.32094152,-23.59152139,4.76,B5V,6.56,-29.14,3.02
HIP 47544,145.39627242,31.27784047,5.9,K6III,3.46,15.54,-9.58
HIP 47550,145.41040299,25.9129554,6.26,K2III:,6.03,-18.68,-32.63
HIP 47559,145.44974998,-55.21376962,5.99,B4V,1.21,-12.34,3.26
HIP 47570,145.50158521,39.75796859,5.61,G8III,9.59,-49.55,-48.31
HIP 47591,145.55411422,-66.91481962,6.33,A0V,5.51,-14.5,-0.26
HIP 47592,145.56113137,-23.91620867,4.93,G0V,67.19,-399.23,263.18
HIP 47594,145.56222108,69.23770604,5.72,G9III:,6.81,-66.55,-69.4
HIP 47627,145.67236047,-35.50172774,6.39,Asp...,2.3,-20.07,7.53
HIP 47631,145.67814044,35.09349974,6.12,F3V,18.76,-20.0,-53.0
HIP 47633,145.67966736,48.43105765,6.36,A1V,7.49,-30.54,-23.75
HIP 47654,145.73849356,72.25268512,5.15,K0III,7.38,-26.71,-27.49
HIP 47694,145.86501179,-51.2281564,6.15,B6V,2.39,-16.02,8.37
HIP 47701,145.88863057,29.97472479,5.64,A2IV,20.48,-16.87,-103.45
HIP 47717,145.92625551,-53.89136176,5.56,A0V,9.19,-67.58,32.72
HIP 47723,145.93292295,14.02170696,5.36,M2III,4.57,5.18,-6.13
HIP 47758,146.05054261,-27.76956287,4.78,A7V+...,8.49,-53.06,37.76
HIP 47779,146.12501707,18.8636265,6.49,K0,7.02,-0.18,-55.15
HIP 47791,146.15260374,64.98406585,6.18,F3Vn,9.29,-54.96,19.22
HIP 47854,146.31178147,-62.50792328,3.69,G5Iab/Ib,2.16,-12.88,8.28
HIP 47868,146.34172832,-30.20276206,6.45,B0IV,0.39,-11.49,4.78
HIP 47884,146.37899948,78.13471252,6.25,K2III,3.22,8.96,-1.58
HIP 47893,146.41932908,-57.1860602,6.47,B8III/IV,3.75,-18.69,7.75
HIP 47908,146.4629267,23.77427792,2.97,G0II,13.01,-46.09,-9.57
HIP 47913,146.48259392,-58.79400021,6.22,F5IV,12.36,-102.23,70.89
HIP 47943,146.54183697,6.70861426,5.8,M1III,3.13,5.68,-24.03
HIP 47956,146.58507788,-76.77598144,5.43,G8III,17.05,83.51,-56.95
HIP 47959,146.59723787,11.81000106,5.67,K4III,4.65,-15.45,17.28
HIP 47960,146.59851244,1.78568624,5.65,F4IV,11.92,-54.69,-41.2
HIP 47963,146.62658773,-44.75505925,5.58,B2.5IV,2.27,-13.12,-0.43
HIP 47965,146.63193397,57.12798971,5.09,M3III,5.86,0.12,33.12
HIP 48002,146.7755734,-65.07201888,2.92,A9,2.01,-11.55,4.97
HIP 48017,146.82556901,79.13673019,6.09,F0V:,7.83,-29.88,-20.44
HIP 48023,146.8425198,23.64769203,6.49,K0,5.07,-16.06,-2.37
HIP 48029,146.85831194,11.56817726,6.44,A7Vn,11.14,-49.9,-4.83
HIP 48113,147.14660351,46.02123319,5.08,G2V,54.26,222.07,-92.62
HIP 48119,147.16691281,-56.41192613,6.05,K0III,9.82,-58.39,14.77
HIP 48191,147.36728577,-37.1867849,5.95,K2III,8.01,-88.86,8.06
HIP 48218,147.45884141,21.17945754,6.1,A8IV,6.34,-43.98,-14.42
HIP 48219,147.46400531,-36.26847322,6.36,K0III,5.87,-18.07,4.29
HIP 48224,147.48817288,-45.73276023,5.09,B7III,3.81,-24.87,10.07
HIP 48266,147.5986115,65.59329556,6.27,A9Vn,10.65,-58.5,-28.38
HIP 48273,147.62570398,4.34377417,6.24,F6V...,21.78,-150.1,-50.91
HIP 48287,147.67487458,-46.93400208,5.72,K0IIICN...,5.46,-38.82,32.7
HIP 48310,147.73165865,-62.74513696,5.56,K1IIICN...,3.4,-12.16,8.46
HIP 48319,147.74871542,59.03910437,3.78,F0IV,28.35,-294.45,-151.75
HIP 48320,147.75333462,-80.06109591,6.47,B8IV,4.64,-3.19,15.33
HIP 48324,147.75821994,13.06625701,6.45,M0III,1.76,19.73,-7.42
HIP 48339,147.80013966,-59.42567316,5.79,K2IIICNp...,4.37,28.4,-41.59
HIP 48341,147.80843348,-4.24328092,6.01,A8III,16.31,13.76,-28.25
HIP 48348,147.83234215,-46.19395369,5.62,K2III,9.74,-49.65,33.82
HIP 48351,147.84037715,-6.18205868,6.42,F8V,22.45,-126.85,53.73
HIP 48356,147.86951033,-14.84654997,4.11,G6/G8III,11.92,18.68,-21.88
HIP 48374,147.91953494,-46.54764424,4.58,G5Ib,3.01,-24.41,9.8
HIP 48375,147.92165514,-11.34040999,6.48,M2III:,3.15,31.7,-39.82
HIP 48390,147.97093576,24.3957937,5.29,A5IV,24.9,20.98,-174.56
HIP 48396,147.99802681,-16.53461116,6.08,K0III,8.26,13.18,-67.52
HIP 48402,148.02650069,54.06428574,4.55,A3IV,7.47,-4.21,19.18
HIP 48413,148.04999861,0.07567169,6.34,G9III,7.62,-25.93,-25.4
HIP 48414,148.05112987,2.4538989,6.02,A0Vs,3.11,-185.01,95.35
HIP 48437,148.12696211,-8.10491559,5.07,A2V,12.47,-61.83,-47.21
HIP 48455,148.19149028,26.00708498,3.88,K0III,24.52,-216.29,-54.92
HIP 48468,148.24254341,-27.33240371,6.28,G1V,17.51,-278.14,95.43
HIP 48519,148.42886212,5.95856912,5.9,M2III,2.33,-2.92,1.72
HIP 48527,148.45879641,-51.1467146,5.95,B2V,1.91,-13.68,0.55
HIP 48559,148.55182725,-25.93248205,4.87,K2III,9.71,-183.95,56.56
HIP 48561,148.57361875,-45.28352716,5.72,B+...,3.86,-17.2,4.42
HIP 48584,148.63262827,-22.48745326,6.23,A2/A3III,7.13,-26.01,-1.32
HIP 48613,148.7136023,-50.24397661,5.71,A0V,10.22,-37.02,7.29
HIP 48615,148.71765461,-19.00926985,4.94,K5III,4.62,-46.09,-37.04
HIP 48638,148.76395029,61.11613097,6.29,K0,8.39,7.79,-3.24
HIP 48682,148.92919035,49.81979501,5.27,A3III,14.65,-3.45,19.66
HIP 48706,149.02229845,-40.82450401,6.39,M1III,3.88,-23.24,-17.15
HIP 48715,149.04066795,-71.38930933,6.3,B1Ib,1.59,-15.36,3.78
HIP 48730,149.09125711,-51.33615432,6.39,B2IV-V,0.7,-7.61,-1.66
HIP 48734,149.10844321,8.93310774,5.85,K2III:,4.84,-84.71,20.41
HIP 48748,149.14779191,-33.41854978,5.83,K1III,6.8,34.33,22.02
HIP 48763,149.19538618,-26.54974395,6.27,A4V,14.39,-77.4,29.7
HIP 48774,149.2156452,-54.5677973,3.52,B5Ib,1.69,-13.13,2.83
HIP 48776,149.22558279,-27.47521203,6.32,A4V,6.49,-73.03,23.82
HIP 48782,149.24932341,-69.1018253,6.18,B3V,3.0,-17.86,8.81
HIP 48799,149.29562255,-52.63879276,6.13,B3IV,0.95,-8.83,4.11
HIP 48802,149.30654965,57.4183508,5.97,G8III,6.99,35.74,-63.78
HIP 48833,149.42143543,41.05569741,5.11,F6Vs,34.61,-116.94,-26.26
HIP 48835,149.42752387,-48.4140703,6.06,B3V,0.86,-9.34,-1.84
HIP 48839,149.4329085,-1.94177088,6.43,G5,11.81,8.89,8.5
HIP 48861,149.48683606,45.4143805,6.34,K0III,7.8,6.43,-34.11
HIP 48876,149.53175281,8.31404459,6.05,K3III,6.05,17.59,-27.03
HIP 48883,149.55579541,12.44483936,5.26,B9IV,6.16,-25.28,-16.07
HIP 48893,149.59545794,72.87959798,5.86,K3III:,8.81,-69.92,-36.52
HIP 48895,149.60881468,27.75906843,6.48,F3V,14.98,-116.6,-28.35
HIP 48926,149.71808346,-35.89093311,5.23,A8IV,30.67,-89.59,-16.27
HIP 48943,149.77633,-23.95078326,6.11,B5V,5.19,-23.22,5.3
HIP 48982,149.9011569,29.64532453,5.75,G9III:,10.05,-94.44,-37.84
HIP 49005,149.9654996,56.81187557,5.5,K5III,6.39,-31.49,-28.04
HIP 49029,150.05343468,8.04427686,4.68,M2III,6.21,-30.06,-22.11
HIP 49065,150.18293561,-82.21474569,5.53,A0IV,8.17,-26.99,31.11
HIP 49081,150.25425132,31.9247146,5.37,G1V,67.14,-529.22,-428.93
HIP 49092,150.30006153,-56.09656162,6.42,B8,3.76,-27.45,1.0
HIP 49137,150.419689,-53.36411581,6.2,B2.5V,2.26,-16.56,0.47
HIP 49160,150.492043,-57.34984456,6.2,K1II,4.33,-38.39,22.82
HIP 49164,150.50043754,-60.42089968,5.93,A9IV,1.02,-7.42,3.9
HIP 49220,150.70399581,21.9492707,5.68,B2.5IV,2.06,-13.75,-5.28
HIP 49223,150.70592901,-62.15667622,6.41,K3Ib,1.18,-8.77,3.89
HIP 49233,150.74979136,-60.17868581,6.18,A6II/III,1.01,-6.89,4.6
HIP 49259,150.83585305,-46.63616508,6.11,A0V,10.85,-28.39,-10.77
HIP 49281,150.89224818,-61.88405008,6.14,B4:Vne,1.88,-17.73,4.23
HIP 49293,150.920793,-9.57376953,6.09,K0,2.59,-6.32,-9.17
HIP 49321,151.01178567,-18.10141491,6.3,B8V,6.83,-27.28,3.65
HIP 49329,151.03531426,3.20128263,6.43,F4V,18.2,-73.63,-93.76
HIP 49339,151.08756962,-24.28559599,5.7,F0V,12.76,-117.3,25.29
HIP 49343,151.09746649,-39.97585933,6.42,K1III,5.12,-37.32,0.51
HIP 49363,151.15143814,53.8917256,5.71,F5V,21.15,-22.58,-3.84
HIP 49394,151.25776152,-51.31364777,6.23,B8/B9III,6.13,-29.55,11.27
HIP 49402,151.28121856,-13.06467435,4.6,B8V,11.77,-37.48,19.9
HIP 49408,151.29331383,52.37131399,6.31,A5IV,9.88,-14.01,-4.92
HIP 49418,151.3136859,-36.38435183,6.27,K1III,7.73,-6.96,-12.19
HIP 49445,151.42068743,15.75752363,6.36,F2Vn,8.77,-77.31,-7.2
HIP 49485,151.54675512,-47.36986491,5.06,K0IV,12.63,-10.84,-53.46
HIP 49530,151.697684,5.61153274,6.2,K1III,9.44,-33.02,-16.29
HIP 49569,151.78954048,-17.14159635,5.59,K4III,9.5,15.41,-56.22
HIP 49583,151.83313948,16.76266572,3.48,A0Ib,1.53,-1.94,-0.53
HIP 49593,151.85718812,35.24469176,4.49,A7V,35.78,50.97,0.64
HIP 49619,151.89887481,-48.26083007,6.4,B3III,2.51,-15.94,3.94
HIP 49637,151.9763285,9.99766389,4.39,K4III,11.89,-81.1,-64.2
HIP 49641,151.98456489,-0.37162786,4.48,A0III,11.35,-26.17,-3.65
HIP 49642,151.98598839,-62.22143545,6.45,Ap Si,3.99,-5.93,7.81
HIP 49645,152.00695797,-37.33346184,6.34,K0III,5.53,-27.42,7.03
HIP 49658,152.06642598,31.60427591,6.23,F4V,15.8,-79.91,-91.81
HIP 49669,152.09358075,11.96719513,1.36,B7V,42.09,-249.4,4.91
HIP 49688,152.14332324,83.91835727,6.31,K0,3.69,-1.21,6.27
HIP 49689,152.14769563,-15.61194678,6.25,A0V,5.64,-37.47,3.13
HIP 49698,152.17849096,-65.81553262,5.26,K0III,9.55,-62.86,38.98
HIP 49712,152.23439032,-51.81126187,4.85,B3IV,3.01,-14.6,0.51
HIP 49764,152.37583168,-68.68283264,5.8,A0IV,5.59,-19.74,22.09
HIP 49769,152.38369551,-35.85681022,6.14,G1V,32.55,-442.84,16.26
HIP 49802,152.48536641,-12.09526147,6.24,A5m,12.57,-1.7,-17.76
HIP 49809,152.52483143,-12.81565791,5.3,F2/F3IV/V,36.61,-122.3,-109.18
HIP 49812,152.53149046,-8.40816325,5.91,A1V,6.19,-28.51,-2.92
HIP 49841,152.64748785,-12.35383921,3.61,K0III,28.44,-200.33,-100.28
HIP 49844,152.65706616,-41.71493294,5.98,K3III,14.63,28.07,-129.15
HIP 49865,152.73275535,-8.41835129,5.64,K2III,6.89,-0.12,-45.43
HIP 49870,152.74573467,40.66160239,6.34,K3III:,5.47,-9.04,2.35
HIP 49893,152.80330481,37.40197095,5.86,K3III,5.41,-20.32,-29.01
HIP 49900,152.82398897,-7.31659367,6.23,A2Vn,6.74,13.22,-13.31
HIP 49926,152.89786643,-58.82782701,6.07,M5III,4.32,-24.57,26.79
HIP 49929,152.90911694,13.35520406,6.43,F7V,14.49,38.83,-37.05
HIP 49934,152.943633,-58.06055982,5.7,B2IVnpe,2.52,-10.71,6.63
HIP 49967,153.01198942,-28.60595499,6.28,A0V,6.4,-39.83,-0.34
HIP 49994,153.09572184,-52.16335203,6.16,K2IIICN...,9.75,-52.74,45.23
HIP 50013,153.15873787,-19.15280764,6.45,F7V,23.75,-219.02,-95.75
HIP 50027,153.20163836,4.61469047,5.77,K0III:,6.19,-48.72,-4.37
HIP 50044,153.25485242,-59.91809443,6.07,B4Ve,1.65,-15.31,2.6
HIP 50066,153.33117633,-27.02897817,6.23,A9m...,7.98,-55.56,35.83
HIP 50067,153.3383312,-61.65883585,6.42,B2V,3.19,-15.79,2.73
HIP 50069,153.34298496,-56.58669891,6.48,K2III,3.97,-26.39,0.61
HIP 50070,153.3453401,-51.23293774,5.27,A7V,20.06,-39.7,-13.61
HIP 50075,153.35411361,-33.03187875,6.38,G0V,43.98,-369.81,64.39
HIP 50078,153.36685079,-51.75580487,5.78,A3IV/V,10.25,-53.27,6.95
HIP 50083,153.3778442,-66.37283938,5.15,Am,10.74,-34.35,11.53
HIP 50099,153.43449551,-70.03792169,3.29,B8III,8.81,-35.73,7.55
HIP 50103,153.44158428,-40.3460764,5.91,K1III,7.24,-73.96,8.47
HIP 50109,153.45718363,27.13582714,6.05,G5III-IV,8.39,-28.99,-3.32
HIP 50122,153.48575382,-40.31075244,6.33,G8III,7.27,-30.43,-9.1
HIP 50142,153.53740135,-23.81397243,6.36,M1III,2.44,-24.41,10.87
HIP 50174,153.62432406,21.1682327,6.02,F9V,19.27,-143.16,-72.05
HIP 50191,153.68447399,-42.12206281,3.85,A2V,31.72,-150.68,49.84
HIP 50218,153.77651322,31.46807457,6.47,G8III,4.27,-36.47,-3.65
HIP 50222,153.78187716,59.98552691,6.18,M0IIIvar,1.87,14.22,5.14
HIP 50232,153.81938623,-54.97421495,6.16,B2IV-V,2.29,-13.49,3.23
HIP 50234,153.83705315,-36.51773519,6.17,K0III,8.88,-28.59,7.54
HIP 50241,153.88145179,-43.11224108,5.59,K4III,5.99,22.4,-52.68
HIP 50287,154.01356689,-59.9034364,6.22,A5V,12.07,-39.12,10.59
HIP 50292,154.03755048,-11.20341702,6.08,K0,5.08,-23.72,-0.67
HIP 50303,154.06033082,29.31055982,5.49,A0Vn,12.67,-71.25,-24.05
HIP 50316,154.117184,28.68270332,6.46,G0V,31.25,-62.33,-92.18
HIP 50319,154.13507067,23.50301282,5.95,G2IV,32.94,-200.23,33.89
HIP 50332,154.16738579,-51.2046642,6.2,M4/M5III,4.66,-39.92,11.71
HIP 50333,154.16979666,13.72837138,5.42,M1III,6.53,-22.85,-15.24
HIP 50335,154.17251805,23.4173284,3.43,F0III,12.56,19.84,-7.3
HIP 50336,154.1743314,25.37069774,5.84,K2III:,10.35,-128.51,3.18
HIP 50371,154.27085535,-61.33231977,3.39,K3II,4.43,-24.25,6.38
HIP 50372,154.27469564,42.91446855,3.45,A2IV,24.27,-170.11,-42.64
HIP 50384,154.31166926,23.10645604,5.81,F8Vw,44.01,-413.29,-97.22
HIP 50391,154.3341711,-46.83494301,6.48,A8V+...,16.07,-22.66,0.45
HIP 50414,154.40790248,-8.0689212,5.25,F2III,17.86,-160.25,2.78
HIP 50448,154.50896089,65.10837358,5.74,A8III,13.07,-89.48,-9.28
HIP 50456,154.53166913,-28.99202661,5.52,B9.5Ib/II,1.5,-15.4,10.85
HIP 50480,154.61777521,-41.66849763,5.97,B9V,5.92,-28.24,3.13
HIP 50485,154.63714463,43.04863393,6.48,G5,28.08,-123.91,-77.74
HIP 50492,154.65782263,-36.80459709,6.31,K2/K3III,5.36,-32.36,10.29
HIP 50493,154.65899399,-56.11067508,5.8,F6V,27.91,-239.33,115.9
HIP 50509,154.74487172,46.7608552,6.42,K1III,3.93,-49.37,-31.92
HIP 50516,154.75309046,24.71212042,6.42,K0,2.78,-55.21,7.26
HIP 50520,154.77133097,-64.67628786,5.66,A1V,11.18,-35.18,12.33
HIP 50536,154.82033171,-12.52810011,6.01,A8III,15.01,-17.73,-13.01
HIP 50546,154.86200567,48.39703112,6.0,K0,23.08,-105.97,-110.66
HIP 50552,154.88486981,-5.10597604,6.38,K0,11.14,-41.13,-70.76
HIP 50555,154.90318833,-55.02931452,4.59,K3II,2.19,-14.79,4.03
HIP 50562,154.92517522,-65.13724358,6.35,K2II,1.63,-8.43,2.13
HIP 50564,154.93462599,19.47143591,4.78,F6IV,47.24,-229.99,-214.66
HIP 50583,154.99234054,19.84186032,2.01,K0III,25.96,310.77,-152.88
HIP 50584,154.99799665,-9.05882983,6.31,F1IV,18.77,-63.4,-71.73
HIP 50606,155.06199812,53.77926966,6.45,F9V,32.7,-88.11,49.87
HIP 50609,155.06967962,-47.69910004,5.66,K5/M0III,1.21,-9.13,4.0
HIP 50635,155.12993389,54.21685357,6.01,K3III:,7.13,-34.89,-6.03
HIP 50676,155.22839581,-56.04322401,4.5,B3III,2.34,-18.15,1.49
HIP 50685,155.26428436,68.74773415,5.88,A7Vn,7.95,-54.63,-34.17
HIP 50728,155.36956636,-23.71087724,6.47,A4IV/V,8.73,-49.88,17.62
HIP 50755,155.45967734,14.97580063,6.16,A1V,6.85,-32.15,-11.27
HIP 50785,155.54364867,-58.265637,6.34,G6III,9.51,-48.3,26.72
HIP 50786,155.54439708,41.22986684,5.73,F7V,25.65,-120.17,-138.6
HIP 50790,155.55399807,-19.86659301,6.12,A0V,4.63,-34.74,9.19
HIP 50799,155.58169175,-41.65010791,4.82,K1IIIvar,16.26,-27.23,60.77
HIP 50801,155.58251355,41.4994335,3.06,M0III SB,13.11,-80.47,34.1
HIP 50847,155.74241361,-66.90152522,4.97,B8V,7.59,-22.84,11.04
HIP 50851,155.7519036,6.5428835,6.06,K3III,14.22,-16.27,-98.74
HIP 50860,155.776407,33.90815509,5.89,A6V,14.18,-14.13,-4.29
HIP 50868,155.80474516,-30.16223451,6.25,A9IV,18.63,2.91,-11.72
HIP 50885,155.86045025,-4.07404512,5.93,B9p Si(CrSr),9.28,-50.51,4.24
HIP 50887,155.86805001,-0.9021621,6.45,G5,13.37,65.19,-33.77
HIP 50888,155.87255727,-38.00970922,5.34,A8V,24.7,-158.83,-53.55
HIP 50893,155.88609768,-3.64286765,6.39,K5,2.71,-11.79,5.45
HIP 50903,155.91963976,-41.9532195,6.24,K0IV,14.05,-112.88,12.62
HIP 50904,155.92402043,29.61588746,6.36,G8III,8.71,-7.9,-13.12
HIP 50916,155.96106527,-57.95390426,6.34,K5Ib-II,4.11,-21.89,-11.86
HIP 50933,156.03274518,65.56647366,4.94,A0sp...,10.84,-8.93,-20.83
HIP 50935,156.03589322,33.71853542,5.52,K1III,7.97,-15.65,-1.93
HIP 50939,156.05479557,2.36807198,6.33,G9V,9.95,44.22,-22.16
HIP 50954,156.09891874,-74.03154474,3.99,F2IV,61.67,-16.12,-27.63
HIP 50976,156.18568628,-73.97175863,6.18,A2/A3V,7.4,-24.84,10.9
HIP 50993,156.2479199,-58.57631762,5.93,F2III,10.98,-74.09,6.12
HIP 51008,156.31328707,8.78493853,5.61,M2IIIs,4.63,10.54,-38.65
HIP 51014,156.3217323,-42.4673738,6.18,G8III,5.56,-1.74,-12.47
HIP 51046,156.43479445,-7.06014256,5.6,M0.5III,9.91,-135.2,129.0
HIP 51047,156.43749608,35.42557117,6.49,K1III,7.9,-107.01,-58.05
HIP 51056,156.47861301,33.79626364,4.72,F0V,15.76,-75.28,-59.0
HIP 51069,156.52293768,-16.83609584,3.83,K4III,13.14,-128.51,-80.06
HIP 51077,156.54127857,-42.73839839,6.13,K1III,9.83,-95.31,-39.21
HIP 51117,156.65392802,-0.98807769,6.33,K0,4.32,-48.52,9.19
HIP 51140,156.70389571,-54.87731436,5.58,K3II/III,2.04,-13.71,5.01
HIP 51161,156.75217477,19.36455135,6.15,K0,9.92,-59.42,-5.57
HIP 51172,156.78814953,-31.06780228,4.28,K4III,8.9,-80.42,9.63
HIP 51192,156.85199279,-57.63881373,4.65,A6Ia,-0.01,-6.71,3.72
HIP 51194,156.85583147,-65.7047139,6.0,A2V,14.22,-81.88,20.57
HIP 51200,156.86699226,41.60121201,6.0,A2V,15.09,-47.23,-72.72
HIP 51213,156.91244127,9.7624114,6.01,A0sp...,8.47,7.85,-6.27
HIP 51232,156.96977108,-58.73940856,3.81,F2II,3.13,-13.25,2.21
HIP 51233,156.97121865,36.70747818,4.2,G8III-IV,22.34,-127.52,-109.62
HIP 51245,157.00866133,-49.40569161,6.1,K4III,3.54,19.1,-44.93
HIP 51248,157.01587881,48.78704437,6.42,G1V,42.45,80.56,-881.76
HIP 51265,157.07617385,-63.16457309,6.42,B2/B3III:ne,1.6,-16.31,3.26
HIP 51290,157.15224061,45.21226261,6.37,K0,4.27,-21.8,-21.03
HIP 51302,157.18316638,-3.74231608,6.05,A1sp...,13.38,0.69,-28.28
HIP 51313,157.21915426,-64.17228466,5.27,K3Ib,1.04,-15.9,2.83
HIP 51327,157.26529712,-65.17633489,6.42,M1III,5.2,54.4,37.44
HIP 51362,157.36971129,-2.73904701,5.19,B9.5V,10.87,-48.78,-12.76
HIP 51364,157.37088906,-29.66385399,5.58,K3III,8.42,-59.71,8.85
HIP 51376,157.39749325,-30.60707101,5.57,B9/B9.5V,6.78,-29.27,2.44
HIP 51384,157.42586771,84.25210531,5.52,F0IV,24.52,-128.39,-39.6
HIP 51401,157.47678657,65.62630441,6.32,K2III:,10.41,5.21,-29.16
HIP 51420,157.52691646,38.925143,5.79,A4V,4.29,-15.68,-4.62
HIP 51425,157.53671877,-66.98466678,6.19,B4IV,2.64,-17.36,5.24
HIP 51437,157.57292935,-0.63697208,5.08,B6V,9.46,-40.12,-22.17
HIP 51438,157.58364619,-71.99271995,4.72,A2III,12.6,27.94,-30.04
HIP 51448,157.61105667,64.25781273,6.07,A7III,11.27,-50.85,-50.74
HIP 51459,157.65735143,55.98061759,4.82,F8V,77.82,-177.02,-33.45
HIP 51461,157.66351149,-61.35650693,6.41,M2III,4.02,3.05,13.36
HIP 51490,157.74493577,-7.63754495,6.2,K5III+...,4.25,-35.14,-2.0
HIP 51491,157.74940778,-13.5884676,5.59,B8/B9IV/V,6.7,-33.59,-0.81
HIP 51495,157.75864399,-73.2215089,4.94,K4/K5III,3.38,-7.45,7.64
HIP 51502,157.77091914,82.55853791,5.25,F2V,46.54,-79.21,20.43
HIP 51523,157.84264509,-53.7159928,4.89,F6V,45.72,-418.76,209.46
HIP 51551,157.95305052,-28.23709212,6.04,F6/F7V,23.59,-81.1,-4.58
HIP 51556,157.96401631,32.3795376,5.9,A0IV,13.33,17.1,6.89
HIP 51560,157.98605873,-45.0696557,6.04,B4,6.83,-19.96,-1.7
HIP 51561,157.98937004,-45.06671373,5.76,B9,7.04,-15.4,1.41
HIP 51576,158.0061825,-61.68536031,3.3,B4Vne,6.56,-16.59,11.42
HIP 51585,158.04916002,14.13720956,5.43,M2III,3.01,-40.94,24.71
HIP 51610,158.14008597,-44.6184503,5.91,G6/G8III,8.21,-12.76,-23.62
HIP 51623,158.19923561,-58.66675023,5.98,A2Iab,0.29,-6.54,2.16
HIP 51624,158.20281305,9.30659431,3.84,B1Ib SB,0.57,-5.57,-3.59
HIP 51635,158.23700305,-47.00336923,5.02,K4III,3.38,-24.04,6.83
HIP 51658,158.30832166,40.42554046,4.72,A7IV,29.13,-142.04,8.0
HIP 51676,158.35582196,-58.19015734,6.09,B7Ia,0.24,-7.75,3.39
HIP 51685,158.3788815,34.98870207,5.57,A2Vn,6.18,-28.7,-3.08
HIP 51718,158.50371309,-23.74521609,5.08,K5III,5.15,-10.44,21.15
HIP 51732,158.55300893,-60.98762873,6.25,K2/K3III,3.93,-8.72,-0.22
HIP 51775,158.70030655,6.95361136,5.07,G8II-III,10.23,-100.19,56.6
HIP 51795,158.74067829,-23.17633022,6.1,F6V,15.76,-99.7,34.01
HIP 51802,158.75912532,8.65043904,5.67,A2V,7.05,-52.74,-5.56
HIP 51808,158.77328496,75.71298403,4.86,K0III,12.68,-45.58,-14.96
HIP 51814,158.79009325,57.08254651,5.16,F1V,37.8,65.65,37.11
HIP 51816,158.79354136,-43.66466238,6.09,G8/K0II/III,3.62,-46.01,30.87
HIP 51821,158.80364609,-39.5625967,5.5,C,3.9,-32.17,3.29
HIP 51835,158.85334697,-76.30900474,6.29,K2III,6.31,-17.82,7.86
HIP 51839,158.86757668,-78.60781379,4.11,M0III,7.89,-38.0,11.53
HIP 51849,158.89714422,-57.55763551,4.45,K3/K4II,2.37,-15.43,-0.16
HIP 51852,158.91191934,-18.56900618,6.49,A5IV/V,13.87,5.2,11.63
HIP 51883,159.00841925,80.49463792,6.48,G4III:,7.62,-18.05,-3.7
HIP 51885,159.01877664,-26.67528564,6.29,F5V,22.72,2.12,-79.49
HIP 51905,159.0694889,-16.34433285,6.01,M1III,3.37,-30.43,2.93
HIP 51912,159.08568462,-59.56429542,5.08,K1III,12.14,-39.9,-39.92
HIP 51914,159.08914483,36.32700891,6.29,F3V,21.6,36.92,-33.84
HIP 51933,159.13426115,-12.22848702,5.71,F7V,40.67,268.49,-672.31
HIP 51979,159.30749487,-27.41268661,4.87,M1III,6.8,-112.98,21.52
HIP 51984,159.3171827,-53.85526528,6.43,B3Vn,1.97,-10.86,2.15
HIP 51986,159.32606984,-48.22561631,3.84,A3m+...,37.71,-131.48,-1.58
HIP 52004,159.36281779,-58.73334704,5.47,A0Ia,0.4,-7.46,3.11
HIP 52009,159.38853109,-13.38445095,4.89,C,6.18,41.74,-37.83
HIP 52032,159.46782433,34.07861018,6.42,K0,2.75,-18.93,5.2
HIP 52043,159.51109079,-57.25631096,5.89,B3IV,2.55,-15.58,0.72
HIP 52085,159.6458878,-16.87663687,4.91,G8III,14.52,-98.57,26.75
HIP 52098,159.68005265,31.97622008,4.68,G0II,6.88,0.1,7.18
HIP 52102,159.68755215,-59.18299905,4.69,K4/K5III:,1.76,-14.29,0.79
HIP 52112,159.70970482,-42.75341389,6.1,Am+...,5.73,-19.46,-12.22
HIP 52113,159.71016955,-12.44364242,6.04,A0Vn,9.09,-46.88,10.15
HIP 52127,159.74877044,-58.81688568,5.96,M1III,5.03,-76.65,13.1
HIP 52136,159.77393431,53.66849306,5.55,K3III,6.34,-90.15,-79.36
HIP 52139,159.78248119,37.9101113,5.84,F9V,20.44,-220.38,-45.73
HIP 52150,159.81640749,-74.49338395,6.08,K3II,2.95,-18.48,0.08
HIP 52154,159.82671887,-55.60327905,4.29,G2II,3.62,-18.87,4.31
HIP 52160,159.84522693,-64.11181305,6.33,B8V,6.8,-16.97,10.2
HIP 52221,160.0477648,-65.10024026,5.51,B9p Si,7.0,-17.45,12.86
HIP 52273,160.2148261,-35.74173139,6.36,G8/K0III+..,4.69,-26.6,5.53
HIP 52308,160.32301986,-59.67692226,6.35,WN7 + A(SB1),0.61,-7.81,2.58
HIP 52316,160.3511114,-1.74120123,6.25,K1IV,29.08,-136.88,-119.1
HIP 52338,160.45127204,68.44355985,5.74,K3III,5.56,-29.43,-24.78
HIP 52340,160.46490038,-79.78330226,5.97,B5IV,3.26,-17.5,5.82
HIP 52353,160.48659345,65.71646212,5.12,K2IIIvar,14.58,-162.71,-75.04
HIP 52366,160.54695661,31.69704343,6.02,M2III,4.39,-3.18,-18.84
HIP 52370,160.55893343,-64.4664538,4.76,B3V,7.15,-17.75,11.27
HIP 52391,160.63075751,-13.97454499,6.24,K3/K4III:,4.42,-14.89,12.54
HIP 52405,160.66905761,-59.21576469,5.36,B2.5Ia,0.48,-6.48,2.32
HIP 52407,160.68003687,-32.71567314,5.63,A0V,5.39,-30.95,-0.12
HIP 52419,160.73927802,-64.39447937,2.74,B0Vp,7.43,-18.87,12.06
HIP 52422,160.75811147,26.32569732,5.51,A4Vn,22.0,-99.56,-49.34
HIP 52425,160.76683096,69.07624525,5.01,K3III,7.65,0.28,-12.86
HIP 52452,160.83711787,4.74774961,5.77,K3III+...,4.68,19.69,-32.96
HIP 52457,160.85429114,23.18838442,5.08,A3Vn,15.72,-116.66,8.27
HIP 52468,160.88461543,-60.56662705,4.58,K3Ib,3.06,-15.22,3.12
HIP 52469,160.88798925,46.2040376,5.18,F5III,28.05,-268.17,-66.06
HIP 52478,160.93048735,57.19932851,5.79,A0Vs,8.87,17.38,-51.66
HIP 52487,160.96339384,-64.24905176,5.74,B3:V,3.23,-16.35,4.05
HIP 52488,160.96777327,-60.117788,6.45,WN7 + A,0.5,-6.55,2.03
HIP 52502,161.02890478,-63.9611007,4.8,B5Vn,6.74,-17.06,11.97
HIP 52513,161.06091378,19.75888388,6.27,A5V,15.37,-116.65,-20.6
HIP 52520,161.08376292,-70.85972326,6.25,A5IV/V,9.43,-46.04,0.85
HIP 52526,161.09549553,-59.99332651,6.32,B0Ib:,1.23,-7.1,2.48
HIP 52535,161.11356183,-72.44362716,6.26,F6V,31.29,-151.58,53.25
HIP 52537,161.13508599,-70.85525541,6.43,A6IV,9.2,-47.91,0.18
HIP 52577,161.26676102,67.41138225,5.95,C5II,2.88,4.38,0.74
HIP 52584,161.28952021,2.48802834,6.27,K4III,5.1,-48.56,-23.87
HIP 52595,161.3182296,-80.4695233,5.46,K0III,9.21,-17.4,-30.3
HIP 52633,161.44639899,-80.54020283,4.45,B2.5IV,8.97,-37.33,6.19
HIP 52638,161.46630065,30.68240198,5.36,A1Vn,8.64,-26.61,-36.43
HIP 52660,161.52368605,6.37327206,6.38,K1III:,9.28,-6.77,-36.58
HIP 52678,161.56907694,-64.51458587,5.33,B7:V,6.99,-15.83,10.88
HIP 52679,161.57132204,-60.60289257,6.26,A0IV,8.93,-43.82,8.38
HIP 52685,161.59390791,57.3660545,6.34,M1III,4.31,-53.18,-57.57
HIP 52686,161.60202972,18.89162177,5.5,K3III,18.27,94.06,-40.64
HIP 52689,161.60563681,14.19480263,5.49,G4III:,11.34,-125.33,-64.92
HIP 52701,161.62337904,-64.26326386,5.23,B7IV,7.6,-16.98,9.16
HIP 52709,161.6547559,-43.19253898,6.29,A4IV,13.33,0.91,-55.08
HIP 52727,161.69217542,-49.42012517,2.69,G5III SB,28.18,62.55,-53.57
HIP 52730,161.70037254,-69.20979312,6.34,A2IV,2.11,-7.87,2.83
HIP 52736,161.71351737,-64.38349702,4.87,B3IV,7.26,-18.61,9.33
HIP 52737,161.71693697,-17.29683026,5.44,A3V,14.88,-16.03,-17.91
HIP 52742,161.73956163,-56.7571908,5.14,B8/B9III,5.95,-21.25,-0.58
HIP 52785,161.87756549,-69.43773364,6.35,B2IV,2.61,-8.29,0.3
HIP 52797,161.91003927,-57.46741767,6.29,M1II,1.18,-11.94,2.78
HIP 52806,161.93472992,-59.87525692,6.47,B5Vvar,2.65,-15.53,-0.12
HIP 52815,161.97312616,-64.26286554,6.46,B9.5V,6.95,-15.46,9.65
HIP 52827,162.0225662,-59.91916925,5.98,A0Ia,-0.01,-7.58,2.71
HIP 52841,162.05888249,-31.68785403,5.87,A1V,7.65,-29.19,1.61
HIP 52863,162.16902815,-1.95891494,5.92,M2III,6.14,-18.58,7.93
HIP 52877,162.20776058,65.13247352,6.4,A1V,7.76,5.09,7.39
HIP 52882,162.23867399,29.41614877,6.15,K0,5.45,-80.2,-37.66
HIP 52911,162.31430258,10.54526139,5.32,A2V,9.76,-4.37,-24.39
HIP 52922,162.3519019,-59.32377833,5.85,B9.5IV/V,3.82,-16.79,-5.94
HIP 52929,162.37007598,63.81000057,6.42,K0,3.78,-14.4,11.58
HIP 52943,162.40596699,-16.19413208,3.11,K0/K1III,23.54,92.77,199.02
HIP 52948,162.43117856,-9.85262893,5.85,G8III:,9.41,9.78,-27.17
HIP 52959,162.47388998,27.97387214,6.05,F5V,12.81,-10.54,31.22
HIP 52965,162.48769199,-34.05819988,5.61,A1V,9.41,-40.12,6.99
HIP 52980,162.57524733,-8.89772694,5.8,A3m,8.9,-5.33,-14.72
HIP 53035,162.77266696,-3.09264065,5.95,K2,6.34,-54.06,-10.92
HIP 53043,162.79617975,56.58223677,5.66,K2III,9.32,-69.47,5.46
HIP 53064,162.84899001,59.32024369,5.57,K2III,12.39,-29.73,-51.2
HIP 53100,162.9455422,-57.27231455,6.29,A6III,5.4,-50.89,-0.1
HIP 53141,163.05704676,1.02498206,6.37,A3V,3.12,2.61,-3.83
HIP 53151,163.1194501,-79.55944198,6.36,K2II/III,1.94,-11.29,2.09
HIP 53154,163.12855279,-57.24041437,5.26,B9Ia,0.54,-6.77,3.63
HIP 53157,163.13380917,52.50373112,6.44,K2III,10.35,-58.63,-51.87
HIP 53167,163.15039855,-0.20159519,6.31,K5III,3.93,-6.24,-25.25
HIP 53229,163.32766612,34.21556641,3.79,K0III-IV,33.4,92.47,-286.06
HIP 53231,163.33825968,-58.89346136,6.26,B5V,2.07,-13.23,3.27
HIP 53240,163.35433053,-2.25500952,6.12,K0III+...,12.51,-131.91,-82.01
HIP 53252,163.37284019,-20.13815014,5.23,F6V,31.91,80.53,-239.09
HIP 53253,163.3731926,-58.85326474,3.78,K0III-IV...,33.71,79.75,38.65
HIP 53257,163.38074963,69.85404505,5.91,G9IV,23.02,-397.51,-67.48
HIP 53259,163.38693326,-15.44568573,6.34,K2III,13.01,65.49,-57.19
HIP 53260,163.38926255,-56.42051347,6.45,K2III,0.03,-17.46,5.19
HIP 53261,163.39382839,54.58515228,5.12,K3III,4.82,-66.85,-9.83
HIP 53272,163.42553924,-70.72033781,5.99,B6V,4.2,-29.45,0.48
HIP 53273,163.43233719,-2.12924149,5.45,G8III,10.45,-83.35,15.0
HIP 53295,163.49460834,43.19001538,4.66,A1Vs,12.22,44.78,-24.43
HIP 53316,163.57408704,-13.75805882,5.65,K0III + (G),7.97,-6.35,9.53
HIP 53334,163.6233225,-61.82661289,5.95,K4III,1.96,4.92,-3.85
HIP 53355,163.67584742,25.49072336,6.19,A8V,8.04,-54.26,-0.42
HIP 53377,163.74258356,34.03490757,5.73,G7III:,10.69,-57.68,-45.2
HIP 53379,163.75433505,-42.25109194,6.08,A0p...,6.58,-45.98,-2.52
HIP 53387,163.79824702,-20.66497238,6.45,K1III,5.12,-11.41,3.83
HIP 53394,163.82192922,-60.51720824,5.93,K0III,10.66,-36.09,84.3
HIP 53411,163.86354781,-43.02054885,6.4,A0V,10.19,-53.22,8.53
HIP 53417,163.90353339,24.74975451,4.3,A1,11.29,-78.41,-14.89
HIP 53423,163.92640433,0.73693069,5.91,F2III,22.85,103.0,-3.41
HIP 53426,163.93526063,33.50699574,5.02,K1III,13.33,-111.67,-27.59
HIP 53449,164.00617929,6.18538415,5.91,M5IIIvar,10.03,-22.45,-5.48
HIP 53465,164.0604469,42.0083921,6.03,K2III,10.46,14.4,-97.54
HIP 53472,164.07031513,22.35166259,6.17,K2,5.12,-36.27,8.2
HIP 53492,164.14351153,25.50026291,6.36,K0,11.56,-23.0,-7.9
HIP 53502,164.17915128,-37.1374629,4.6,K0III,16.4,74.96,-124.5
HIP 53530,164.28284129,-50.76504906,5.9,A7Vni,10.3,-37.55,12.92
HIP 53546,164.31585745,-75.09977108,6.16,K1II,1.39,-11.14,3.94
HIP 53556,164.33424913,-69.03806214,6.48,B7V,3.92,-24.98,2.86
HIP 53589,164.45080678,-59.73219545,6.36,G3Ia,-0.04,-5.12,2.09
HIP 53699,164.80726626,-33.73745399,5.7,F2V,20.56,-4.53,-58.03
HIP 53701,164.80852435,-61.32074411,6.16,B8IV,8.99,-28.7,1.94
HIP 53702,164.80901947,-84.59387348,6.19,A1V,9.17,-64.13,-8.02
HIP 53706,164.82454851,51.88236813,6.22,K0,4.79,-18.02,-3.85
HIP 53721,164.86756582,40.43012281,5.03,G0V,71.04,-315.92,55.15
HIP 53723,164.87897514,-16.35368059,5.88,M1III,2.75,-43.14,-8.55
HIP 53726,164.88641202,36.09322401,5.99,M2III,3.67,67.25,-51.05
HIP 53740,164.94478664,-18.29909723,4.08,K1III,18.71,-462.39,129.11
HIP 53761,164.98757809,77.77022483,6.18,G9III,5.89,-70.28,-20.8
HIP 53762,164.99762038,-43.80713489,5.81,B8/B9V,11.26,-62.71,10.03
HIP 53771,165.03474528,-51.81780645,6.15,A3III/IV,16.7,-64.0,2.81
HIP 53773,165.03852431,-42.22586959,4.37,A3IV,15.99,23.0,4.5
HIP 53778,165.04874547,-14.08329867,5.86,K5III,7.37,-8.79,-28.65
HIP 53781,165.06123415,45.52626916,5.47,K5III,3.7,9.66,3.03
HIP 53791,165.0865095,42.91202075,6.03,F9V,21.98,-107.87,-122.13
HIP 53798,165.10659506,51.50214021,6.41,G9III,5.74,-29.93,-15.96
HIP 53807,165.14016441,3.61753351,4.84,K1III,9.54,15.66,-16.24
HIP 53811,165.15138517,-53.11186852,6.44,K3III,7.86,-86.03,15.35
HIP 53818,165.17015147,-31.83961881,6.06,F8V,32.04,-77.49,102.97
HIP 53824,165.18680144,6.10150342,4.98,A5III,21.61,-51.03,-22.24
HIP 53838,165.21033423,39.21213189,5.06,Am,8.09,-80.94,-16.34
HIP 53849,165.23890236,-15.79259236,6.35,K0III,5.7,86.61,-36.82
HIP 53860,165.27385829,63.42123499,6.38,A2m,11.47,-51.01,-51.42
HIP 53907,165.45695372,-2.48449705,4.73,K5III,6.34,9.58,-36.11
HIP 53910,165.4599615,56.38234478,2.34,A1V,41.07,81.66,33.74
HIP 53940,165.55766001,-41.11406717,6.48,M4III,1.85,16.52,-32.13
HIP 53954,165.58242155,20.17974575,4.42,A1m,26.37,-9.6,39.57
HIP 53963,165.60170418,-26.83120466,6.21,A9III/IV,18.84,67.88,-123.74
HIP 54027,165.81063394,-0.75206922,6.12,F0V,18.31,-19.77,-113.26
HIP 54029,165.8122009,-11.30320923,5.51,G7III...,10.24,-81.71,-107.11
HIP 54030,165.81702176,-31.96078529,6.44,M2/M3III,4.33,-42.02,-26.29
HIP 54038,165.86402783,70.03082091,6.44,K0,4.44,10.72,-33.19
HIP 54048,165.90222249,-13.43491086,6.34,G8III,5.94,4.17,-3.84
HIP 54049,165.9026141,-0.00083195,5.95,K3III,5.85,-60.23,-0.41
HIP 54061,165.93265365,61.75111888,1.81,F7V comp,26.38,-136.46,-35.25
HIP 54082,166.00103542,-57.95533279,6.16,B3III,1.1,-18.37,0.65
HIP 54136,166.13033202,38.2413615,6.01,A3III-IV,12.41,-72.1,1.36
HIP 54137,166.13042166,-47.67918306,5.67,A8III/IV,11.69,-115.47,32.74
HIP 54173,166.22587294,-35.804689,5.43,A0V,6.15,-21.69,4.45
HIP 54182,166.25512463,7.33612254,4.62,F2III-IVvar,34.54,-344.41,-47.4
HIP 54185,166.26726476,-49.39232585,6.11,B9V,6.34,-36.36,11.03
HIP 54204,166.33346925,-27.29359566,4.92,F3IV/V,22.98,-190.74,-6.87
HIP 54214,166.39158166,-11.08872717,6.09,F0Vn,15.57,25.8,-71.37
HIP 54255,166.48978075,-27.28781183,5.69,B8V,4.08,34.44,-17.1
HIP 54264,166.52392143,-51.21274434,6.28,G6IV,7.92,-0.53,-72.33
HIP 54289,166.60133089,-64.83995575,6.39,A3V,6.89,-48.91,-6.73
HIP 54291,166.6148566,-50.95674344,6.31,K2II,8.89,-55.3,7.48
HIP 54294,166.62208089,-58.67503584,6.07,K2II/III,2.66,-10.06,5.86
HIP 54301,166.6353096,-62.42413654,4.62,G8III,8.82,-36.83,9.57
HIP 54319,166.68338781,17.73742595,6.4,K5,4.24,25.62,-25.56
HIP 54327,166.70803819,-70.87793836,5.58,B2V,2.89,-22.57,3.3
HIP 54336,166.72679525,1.95573365,5.52,G9IIICN...,16.05,-383.06,-85.67
HIP 54360,166.81981683,-42.63878147,5.15,Ap SrCrEu,11.5,-82.12,41.21
HIP 54380,166.89227103,-48.64003833,6.44,K3III,5.89,-15.22,23.14
HIP 54388,166.91548362,23.32373831,6.48,A5m,13.23,-17.17,9.83
HIP 54430,167.06570976,-29.97245501,6.47,A1V,7.13,9.04,-12.92
HIP 54461,167.14169012,-61.94717969,5.11,B9Ia,0.59,-5.82,2.03
HIP 54463,167.14748181,-58.97504198,3.93,G0Ia0,0.55,-5.03,2.09
HIP 54477,167.18353198,-28.08061647,5.43,A1V,17.21,-73.09,-22.24
HIP 54487,167.20451678,24.6584498,5.7,A3IV,7.99,10.25,6.08
HIP 54522,167.32963314,36.30943441,5.71,M3.5III,8.61,-44.02,-22.81
HIP 54537,167.41064299,43.20775162,5.89,M2III,5.76,-66.98,-6.43
HIP 54539,167.41608092,44.49855337,3.0,K1III,22.21,-62.35,-27.38
HIP 54540,167.41632443,67.21027498,6.07,F0sp...,9.18,-87.45,-27.39
HIP 54561,167.47242253,-32.36745668,5.79,A1V,9.54,17.54,-29.6
HIP 54673,167.87321458,-71.43619887,6.34,K2/K3III,5.59,-16.77,4.07
HIP 54682,167.91452617,-22.82560642,4.46,A1V,12.26,4.73,-99.06
HIP 54688,167.93246821,14.40018507,6.3,A5V,16.43,-60.31,-13.22
HIP 54703,167.99107396,-26.80615228,6.43,K0III,7.63,-26.98,15.87
HIP 54708,168.01498327,-58.42335374,6.24,M4III,4.43,-49.73,-0.76
HIP 54718,168.04268745,-46.26677462,6.27,A1V,10.11,-51.71,5.58
HIP 54721,168.04539839,68.27185385,6.4,A3V,10.87,27.7,6.57
HIP 54725,168.06159256,-32.43382529,6.35,M2/M3III,4.82,11.58,13.29
HIP 54742,168.12660137,-18.49980038,6.11,A0V,6.81,-19.65,-25.54
HIP 54745,168.13553992,35.8144481,6.41,G0V,46.04,-248.55,-151.33
HIP 54746,168.13810684,-49.10107805,5.37,A2III,20.02,-99.28,33.7
HIP 54749,168.14496693,-21.74935077,6.39,K3III,4.76,12.87,4.72
HIP 54751,168.15008453,-60.3176307,4.59,A6Ia,0.26,-6.23,2.33
HIP 54767,168.18862745,-64.16978296,5.22,B9V,10.38,-46.98,5.41
HIP 54783,168.23641587,-49.73610537,6.12,G8II/III,4.29,-26.0,6.36
HIP 54811,168.31120754,-44.37222081,5.77,K5/M0III,3.88,-5.4,1.92
HIP 54829,168.37829647,-59.6193167,5.74,B1.5V,1.79,-7.52,-0.57
HIP 54840,168.41420693,-53.2319031,5.75,K2III,7.31,-16.39,37.23
HIP 54842,168.41709505,41.08879703,6.33,K2III,9.83,-13.73,16.26
HIP 54849,168.43991709,-0.06950857,5.4,A0V,6.84,-48.14,2.73
HIP 54863,168.50752833,8.06095499,5.79,K3III,14.6,46.23,-106.76
HIP 54872,168.52671705,20.52403384,2.56,A4V,56.52,143.31,-130.43
HIP 54879,168.56017036,15.4297631,3.33,A2V,18.36,-59.01,-79.37
HIP 54929,168.72555764,-43.73370761,6.22,K4III,1.89,-16.5,1.89
HIP 54951,168.80101292,23.09552528,4.56,M3III,0.49,-22.24,-9.48
HIP 55003,168.92818077,-57.35586929,6.42,A3V,5.59,-13.26,-5.41
HIP 55016,168.9662367,13.30759308,5.31,K3III,6.82,5.07,-6.16
HIP 55068,169.11641893,-45.88017922,6.3,F3V,18.05,-139.84,68.68
HIP 55084,169.16568371,-3.65151412,4.45,A7IVn,16.69,-108.15,-35.76
HIP 55086,169.17469204,49.47627707,5.88,K0III:,7.74,-85.18,-11.02
HIP 55106,169.24242347,-7.13470764,6.11,A2p...,7.75,-7.15,7.68
HIP 55130,169.30025601,-38.0143894,6.24,A1V,13.96,-71.63,9.26
HIP 55133,169.30986211,-41.93430363,6.46,A0V,8.13,-53.86,-9.13
HIP 55137,169.32236746,2.01090315,5.18,M0III comp,7.99,55.1,-142.89
HIP 55140,169.32925694,-67.82349927,6.06,M2III,1.92,14.18,-6.64
HIP 55164,169.41201062,-34.73730711,6.44,F3V,21.42,-27.55,-16.83
HIP 55219,169.61981385,33.09423881,3.49,K3III SB,7.74,-26.61,27.51
HIP 55225,169.64252563,-79.66860236,6.35,A8IIIm...,15.5,57.7,-20.06
HIP 55249,169.72908955,1.65053072,5.9,K0III:,10.48,-38.19,-55.95
HIP 55266,169.78309755,38.18572227,4.76,A2V,17.82,-57.15,-68.1
HIP 55280,169.8201814,-64.58259742,5.99,F6IV,26.72,-301.28,43.9
HIP 55282,169.83551103,-14.77904358,3.56,K0III,16.75,-124.47,206.61
HIP 55308,169.90242028,-75.14244982,6.26,B9.5/A0V,6.13,-23.94,-0.91
HIP 55332,169.96181267,-72.95827692,6.46,A0V,6.71,-41.91,-5.79
HIP 55350,170.01734764,-71.99433341,6.41,B4V,4.3,-24.93,-1.62
HIP 55412,170.22378608,67.10085581,6.2,G8,7.42,43.78,-50.16
HIP 55425,170.25184266,-54.49101395,3.9,B5Vn,10.15,-35.32,-2.2
HIP 55434,170.28436733,6.02935289,4.05,B9.5Vs,15.24,-91.76,-12.83
HIP 55485,170.45563074,57.07484314,6.43,A7Vn,12.79,-58.31,5.81
HIP 55497,170.48794976,-77.60834843,6.43,A5III/IV,13.4,-77.89,-8.36
HIP 55528,170.59644589,-44.64584748,6.1,G8III,9.49,-44.8,-31.72
HIP 55560,170.70672415,43.48273665,4.99,G8II,6.63,-36.87,-13.85
HIP 55564,170.71354405,64.33042692,6.02,A3V,11.58,-4.48,35.35
HIP 55581,170.78402208,-56.77936853,5.82,A4:p,4.99,-31.63,5.72
HIP 55588,170.8029263,-36.16476782,5.0,K4III,3.8,-26.52,-0.63
HIP 55595,170.82489203,0.13206925,6.05,K3,4.83,-39.64,-7.97
HIP 55597,170.83929752,-64.95473134,5.09,B5,6.87,-22.59,7.0
HIP 55598,170.84196837,-18.77990277,5.08,F3IV,22.8,-305.91,-29.06
HIP 55642,170.98070334,10.52969772,4.0,F2IV SB,41.26,140.75,-77.8
HIP 55650,171.00973642,1.40776375,5.39,G8IIICN...,8.93,-16.47,0.7
HIP 55657,171.04657107,-72.25660192,5.55,B2IV-V,3.69,-26.02,-2.45
HIP 55667,171.09191996,-42.66910033,6.13,B2IV-V,1.06,-8.47,-0.69
HIP 55687,171.15252245,-10.85938276,4.81,K5III,8.95,-24.14,24.46
HIP 55705,171.22076335,-17.68401748,4.06,A9V,38.9,-97.01,3.22
HIP 55716,171.24577834,11.43030968,5.8,K4III,6.97,-101.94,-7.36
HIP 55756,171.37304571,-36.06310533,5.21,K0III,11.64,-107.66,17.68
HIP 55763,171.38803347,-37.74754766,5.87,M3III,6.03,-41.69,-11.45
HIP 55765,171.4019142,16.45655059,5.58,F2V,21.15,-141.15,-4.89
HIP 55779,171.4315173,-63.97231572,5.18,F7V,36.46,-314.38,-65.52
HIP 55791,171.45876249,3.86019417,6.35,F3IV,16.28,-83.06,-34.72
HIP 55797,171.48826775,55.85034058,5.73,K0III,9.38,-71.92,48.81
HIP 55821,171.60659859,33.4505652,6.33,F6IV,17.36,-35.83,17.47
HIP 55831,171.64764356,-61.1151713,5.22,B3IV,2.1,-13.83,1.78
HIP 55846,171.69060734,3.01265989,6.49,K0IV,56.59,-726.28,181.91
HIP 55849,171.69710349,-53.15995577,5.8,K0III+...,5.22,-40.94,16.76
HIP 55874,171.78989699,-12.3568071,5.93,F4III-IV,14.91,-98.3,23.82
HIP 55941,171.97387788,-1.69995329,6.23,K2III:,6.25,-35.17,3.09
HIP 55945,171.98429124,2.85629071,4.95,G8II-III,5.25,17.32,-10.41
HIP 55953,171.99443796,-35.32884907,6.44,K4/K5III,2.58,9.18,-0.12
HIP 55979,172.07692869,-72.47396862,6.09,B3V,4.3,-25.85,-3.45
HIP 56000,172.14627993,-42.67421801,5.14,B9V,5.22,-34.61,6.27
HIP 56034,172.26734378,39.33694235,5.3,A2V,15.59,-53.83,13.22
HIP 56035,172.26959813,61.77778557,5.83,F5Vawvar,30.4,-113.93,239.58
HIP 56050,172.3131,-63.55394067,6.45,B2Ia,0.66,-6.26,1.29
HIP 56078,172.41103268,-24.46405831,5.77,A0V,8.08,-49.69,19.4
HIP 56080,172.42442712,15.4133855,5.74,K4III,7.49,-28.06,-47.74
HIP 56083,172.43191375,56.73765523,6.29,A4m,14.73,-89.53,-33.79
HIP 56127,172.57867422,-3.00345887,4.77,K4III,5.4,19.78,-17.14
HIP 56135,172.60345695,46.65746586,6.3,K2IIICN-1,3.31,-5.36,27.66
HIP 56146,172.6211703,18.40973855,5.54,K0III,10.03,-81.49,25.91
HIP 56148,172.62987804,43.17304329,5.94,F4V,17.82,-49.2,81.81
HIP 56170,172.72142828,47.92910067,6.4,G9IV,9.93,-222.13,-75.26
HIP 56201,172.81271949,-61.27846788,6.28,A3Iae,0.7,-6.41,2.0
HIP 56211,172.85120199,69.33112161,3.82,M0IIIvar,9.76,-41.14,-18.79
HIP 56242,172.93809402,14.3649637,6.27,G0V,43.42,-327.88,-188.71
HIP 56243,172.9419714,-59.44206384,5.07,G0Ia,1.01,-4.08,1.14
HIP 56245,172.94843846,-20.77656734,6.24,F7V,25.3,-118.1,39.3
HIP 56250,172.95336415,-59.51564932,5.12,A3Ia,0.96,-6.59,0.67
HIP 56253,172.96282894,81.12717398,6.12,A2m,16.72,-144.22,34.19
HIP 56280,173.06840611,-29.26137351,4.93,F8V,37.44,-20.32,144.4
HIP 56287,173.08331854,-66.9618349,5.89,K1IIICN...,10.94,-0.1,4.68
HIP 56290,173.08648748,61.08275166,5.46,F6V,36.34,-14.21,-95.13
HIP 56293,173.09723921,-26.74685306,6.15,M2III,4.48,-82.86,19.69
HIP 56318,173.19808805,-7.8275244,5.94,K4III,5.67,-7.54,0.44
HIP 56319,173.20057957,-40.4363361,5.64,M1III,5.99,-74.9,58.55
HIP 56332,173.22562476,-31.08723547,5.13,M1/M2III,7.2,-28.55,4.02
HIP 56343,173.25107936,-31.85752405,3.54,G8III,25.23,-209.09,-41.6
HIP 56364,173.31171227,-16.28027347,6.05,F8/G0Ib/II,8.14,19.99,-44.13
HIP 56388,173.40138864,2.49907231,6.49,K5,2.6,22.92,-15.94
HIP 56391,173.40526595,-40.58670322,5.39,A2IV/V,8.86,-83.64,27.08
HIP 56410,173.48489895,36.81573666,6.38,K0III,7.68,-126.15,-50.37
HIP 56445,173.59189996,3.060415,5.76,F5V,37.65,-181.62,-102.66
HIP 56452,173.62480364,-32.83334205,5.96,K0V,104.84,-670.98,823.84
HIP 56473,173.67707018,16.79691629,5.95,B4V,1.64,-8.78,-0.55
HIP 56480,173.69046642,-54.26413167,4.62,B9V,7.04,-55.55,16.64
HIP 56497,173.73751871,-49.1369474,5.5,K1III/IV,15.72,-172.45,188.13
HIP 56500,173.74554486,-4.36118013,6.43,K0,5.29,-44.54,-45.83
HIP 56508,173.76579331,20.44154823,6.45,G9III,7.1,-58.6,-1.19
HIP 56510,173.77040437,54.78537508,5.63,K0III,7.94,10.66,18.02
HIP 56518,173.80565752,-47.37256106,5.64,M3III,5.0,-87.27,-7.7
HIP 56550,173.92643343,-61.28787407,6.23,A0Ib,0.74,-7.0,1.54
HIP 56561,173.94553448,-63.01982488,3.11,B9II:,7.96,-33.84,-6.87
HIP 56573,173.98148244,-47.64152017,5.26,A7m,17.24,33.95,-50.42
HIP 56583,174.01089937,69.32325973,5.19,K0III,13.49,109.23,-126.4
HIP 56601,174.07475383,27.78130214,5.8,F0V,13.92,19.72,20.04
HIP 56606,174.09325391,-61.05243721,5.84,B2.5IV,2.23,-12.94,1.7
HIP 56620,174.14551817,-33.56997476,5.71,K0III,9.25,29.35,-33.95
HIP 56632,174.16976145,-37.23719322,6.3,A1V,7.54,-26.71,2.74
HIP 56633,174.17061875,-9.80225368,4.7,B9.5Vn,10.7,-59.32,2.82
HIP 56647,174.23720774,-0.82385424,4.3,G9III,18.31,1.3,43.43
HIP 56656,174.25334034,-61.28344643,5.14,K1III,14.11,-228.21,1.73
HIP 56657,174.25509929,-32.98799577,6.32,F5V,13.94,-9.65,-77.42
HIP 56675,174.31642653,-75.89654092,5.64,F1III,23.75,-128.21,-1.21
HIP 56700,174.39187576,-47.74737759,5.46,K2III,8.98,-68.58,28.07
HIP 56716,174.42630265,77.59569368,6.49,K5,1.92,1.81,2.15
HIP 56727,174.45211345,-67.62035361,5.94,K0III,9.38,-84.13,-10.46
HIP 56731,174.47103325,50.61827506,6.14,K0p...,7.07,-47.33,-26.48
HIP 56754,174.53071631,-61.82655484,5.15,B9IV,10.98,-62.04,-3.49
HIP 56756,174.54110656,8.88377717,6.18,K1III,8.74,-58.37,5.99
HIP 56769,174.58487608,-63.37275081,6.46,O8var,-1.44,-6.24,1.49
HIP 56770,174.58619878,43.62551361,5.56,F2II-III,21.91,-146.17,-34.98
HIP 56775,174.6003789,-2.43593788,6.22,G9III,8.73,-38.96,15.06
HIP 56779,174.61504009,8.13428325,5.24,M4III,6.8,-3.37,6.28
HIP 56784,174.63472339,33.62586247,6.29,K2III,5.14,-16.16,-13.68
HIP 56789,174.63976309,46.83427569,6.09,F5IIIs,9.29,-35.43,-27.36
HIP 56802,174.66648767,-13.20224958,5.48,F7V,37.06,99.62,126.17
HIP 56809,174.68913216,45.10837959,6.29,G0V,42.94,-593.87,14.8
HIP 56816,174.70466971,64.34696298,6.49,A5IV,5.09,12.47,1.05
HIP 56830,174.75175926,-24.72050905,6.4,G6/G8V,15.45,30.75,-240.23
HIP 56862,174.87347083,-65.3977489,5.01,G2III + A,5.81,-28.52,-7.01
HIP 56899,174.95977093,-16.62020855,6.17,M3II/III,3.22,-17.52,-8.6
HIP 56901,174.9630975,-14.46851213,6.21,A0V,5.46,-36.39,-7.14
HIP 56922,175.05341839,-34.7446553,4.7,B9V,6.59,-44.04,-1.84
HIP 56944,175.11433318,57.9703736,6.35,B9p...,6.2,-9.39,12.68
HIP 56961,175.15421034,-62.56810342,6.32,O9.5Ib,1.16,-5.73,0.61
HIP 56970,175.17705098,-53.96854858,5.95,M1III,3.06,-10.83,-23.94
HIP 56975,175.19627319,21.35284143,5.26,K1III,14.04,-61.09,-46.02
HIP 56986,175.22355273,-62.09010401,4.93,G3Ib,4.47,-15.0,1.08
HIP 56996,175.2566544,-83.09996178,6.32,K0III,9.47,-59.61,10.24
HIP 56997,175.26260484,34.20256022,5.31,G8Vvar,104.81,-13.95,-380.46
HIP 57001,175.28584703,-29.19682236,6.44,G2III/IV,24.08,-305.06,225.64
HIP 57013,175.33273307,-43.09567719,5.54,A0V,15.58,-82.4,4.24
HIP 57029,175.39375241,31.7459835,5.73,F4V,24.42,-351.85,30.63
HIP 57045,175.43132179,55.17199339,6.28,K5,3.24,-19.67,7.28
HIP 57047,175.43313494,-32.49932237,5.2,K5III,7.59,-5.54,-33.42
HIP 57079,175.51472348,-20.29403646,6.21,G8IV,13.93,-8.05,-53.92
HIP 57092,175.5617502,-75.22730303,6.48,G1V,29.08,43.19,-5.79
HIP 57111,175.61844968,66.7448085,5.32,K3III,5.07,-44.98,40.17
HIP 57137,175.72721843,-79.30636263,6.38,K0III/IV,17.95,127.49,-10.97
HIP 57165,175.86333833,-37.19010227,5.98,K3III,5.45,-19.05,-21.81
HIP 57175,175.87999922,-62.48939856,5.0,F9Ia,1.27,-5.85,1.14
HIP 57211,175.970101,-62.87824289,6.1,A2III/IV,8.23,13.47,-15.26
HIP 57214,175.97953127,-6.67706055,6.05,G8III:,8.47,56.23,-41.77
HIP 57240,176.05488261,25.21830378,6.02,K5III,3.51,-13.62,9.75
HIP 57283,176.19066226,-18.35061467,4.71,G8III,9.31,27.15,-24.56
HIP 57322,176.30273465,-49.0698694,6.26,K1III,6.26,-22.97,10.87
HIP 57328,176.32085333,8.25817475,4.84,A4V,27.29,59.66,-22.8
HIP 57363,176.40236386,-66.72884344,3.63,A7III,25.42,-100.42,33.21
HIP 57371,176.43334854,-45.69014545,5.28,B6III,4.17,-41.73,4.8
HIP 57380,176.46487734,6.52981394,4.04,M0III,10.42,-19.65,-180.02
HIP 57399,176.51305887,47.77933701,3.69,K0III,16.64,-138.38,28.37
HIP 57439,176.62853753,-61.17835907,4.11,G0II,7.51,-21.85,-16.23
HIP 57443,176.63436255,-40.50133452,4.89,G3/G5V,108.23,-1531.69,403.41
HIP 57477,176.73170252,55.62826771,5.27,K3III,15.8,13.44,-31.92
HIP 57497,176.77925104,-35.90679191,6.16,G8III,6.87,41.36,-28.84
HIP 57507,176.81661416,-30.28595727,6.48,G5V,56.26,-265.29,-227.49
HIP 57512,176.82987104,-57.69654711,5.42,K5III,3.97,-25.51,19.99
HIP 57562,176.97888233,8.24586534,5.31,A1,16.97,-53.24,12.14
HIP 57565,176.9967765,20.21894121,4.5,A comp SB,14.4,-145.47,-4.04
HIP 57581,177.06037263,-66.81487085,4.75,K4III,7.55,30.77,-16.25
HIP 57587,177.09812514,-10.3128395,6.24,F7V,23.49,-105.9,-109.06
HIP 57606,177.16154436,14.28419729,5.9,F0V,13.48,-103.25,5.17
HIP 57613,177.1879392,-26.74975369,5.1,M4III,6.84,-34.88,-9.68
HIP 57629,177.25584223,-0.31867805,6.15,F7V,29.26,-206.09,3.44
HIP 57632,177.26615977,14.57233687,2.14,A3Vvar,90.16,-499.02,-113.78
HIP 57646,177.311522,16.24301299,6.05,A3m,15.96,38.16,-53.99
HIP 57669,177.42120019,-63.78848906,4.3,B3V,7.1,-17.93,4.44
HIP 57670,177.42416287,34.9317394,5.73,F5IV,14.39,-118.21,7.65
HIP 57696,177.48594609,-70.2257858,4.98,G5Ib,2.24,-7.61,-1.96
HIP 57732,177.58168578,-15.86370603,6.13,G8II/III,4.85,-1.34,16.21
HIP 57741,177.61368682,-62.6493833,5.68,A3Iab,1.06,-5.99,0.89
HIP 57749,177.65515301,-27.27795367,6.48,G8III,6.58,-83.31,7.23
HIP 57757,177.67202553,1.76537705,3.59,F8V,91.74,740.96,-271.18
HIP 57779,177.73092864,12.27897116,6.37,A5m,18.08,-136.66,27.2
HIP 57791,177.75929508,-5.333334,5.62,K0IV,12.59,0.88,0.86
HIP 57803,177.78646511,-45.1734495,4.47,K4III,7.03,-72.42,-8.62
HIP 57805,177.78964274,33.37496331,6.25,Am,15.87,-5.5,20.58
HIP 57819,177.84183475,-12.18792174,6.34,F1III-IV,22.25,-239.32,45.48
HIP 57841,177.92340338,-30.83409571,5.85,F8V,31.81,-10.46,-293.31
HIP 57851,177.96363695,-65.20589445,4.89,B4V,9.64,-34.37,-6.55
HIP 57870,178.04330796,-56.98782681,5.56,B4III,9.57,-106.9,35.13
HIP 57936,178.22733867,-33.90813014,4.29,Ap Si,8.93,-58.02,2.4
HIP 57939,178.23256802,37.73280827,6.42,G8Vp,109.21,4003.69,-5813.0
HIP 57971,178.36194168,-35.06657261,6.17,A2V,13.23,-79.06,-29.89
HIP 58001,178.45725536,53.69473296,2.41,A0V SB,38.99,107.76,11.16
HIP 58002,178.45959018,0.55210721,6.31,F0V,7.58,-41.83,2.94
HIP 58041,178.54796472,-57.41019133,6.05,A0/A1III,2.38,-9.67,-2.82
HIP 58057,178.60857677,-37.74907386,6.46,F7V,21.5,-331.05,57.19
HIP 58082,178.67711574,-25.71406632,5.26,G8III,11.06,48.96,73.58
HIP 58085,178.68590817,-66.37603942,6.38,F2IV,23.09,14.51,-65.43
HIP 58103,178.75009496,-63.27917897,5.89,A3Ib,1.27,-8.83,-0.51
HIP 58110,178.76313138,8.44390534,5.58,K0III:,19.45,-30.47,15.53
HIP 58119,178.8087573,36.75648978,6.47,M3III,5.54,-63.13,-46.03
HIP 58158,178.91720463,-28.47703681,5.93,K4III,6.84,3.82,-27.16
HIP 58159,178.91886481,15.64680922,5.53,A3V,5.82,10.08,3.52
HIP 58177,178.97802134,-39.68947554,6.13,K0III,6.73,60.62,-17.06
HIP 58181,178.99336544,56.59856271,5.83,K1III,10.34,7.7,-1.22
HIP 58188,179.00409802,-17.15080863,5.17,A0V,11.42,-49.07,-8.23
HIP 58242,179.18343317,-47.07243569,6.26,F3IV-V,18.52,-126.5,23.1
HIP 58259,179.22197144,61.5493189,6.22,G8III,5.33,-30.51,-43.4
HIP 58272,179.26575492,-33.3154488,6.2,B9.5V,8.63,-50.82,-5.17
HIP 58326,179.41682551,-62.44873578,5.59,B3V,5.45,-24.01,-5.19
HIP 58369,179.53020284,32.2740587,6.42,A9V,21.09,-108.43,-62.38
HIP 58379,179.56352995,-56.31731449,5.44,B8III,5.15,-21.56,1.77
HIP 58427,179.69861981,-64.33955671,5.59,A3Ib,1.15,-5.98,-1.53
HIP 58436,179.72663478,-25.90880286,6.42,A1IV/V,3.66,-27.91,-22.46
HIP 58445,179.76406511,0.53060794,6.18,K2IV,5.46,-65.45,29.65
HIP 58450,179.78906616,-10.47597109,6.49,K2,3.79,-9.02,30.93
HIP 58452,179.79460657,-45.83219996,6.36,B8/B9V,6.69,-30.05,-8.45
HIP 58453,179.79532236,-51.69674825,6.04,K1/K2II,3.84,-15.46,-5.21
HIP 58460,179.82307392,33.16702114,5.95,K1III,4.86,-0.15,-7.13
HIP 58469,179.85677288,-62.83094991,6.34,A9Ib-II,-0.36,-5.51,0.91
HIP 58484,179.90704708,-78.22181833,4.88,B9Vn,8.95,-41.24,-8.48
HIP 58510,179.98718202,3.65521716,5.36,A1V,11.8,-19.36,-8.36
HIP 58512,179.98918842,34.03466959,6.49,A9III,8.71,-40.68,32.12
HIP 58545,180.07851186,80.85327729,6.21,M2III,3.98,-65.31,-37.55
HIP 58574,180.17595167,-21.83748019,6.28,K2III,6.13,-8.9,-8.43
HIP 58576,180.18486353,-10.44483921,5.54,K0IV,77.48,141.98,-483.34
HIP 58587,180.21320843,-19.65899848,5.28,B2IV,1.86,-16.85,6.69
HIP 58590,180.21829289,6.61439464,4.65,A5V,9.16,-0.25,-29.71
HIP 58603,180.25729082,-1.76798636,6.32,G8III:,5.31,-19.79,-73.9
HIP 58642,180.37190077,-57.50373759,6.16,A1V,10.56,-58.2,-16.38
HIP 58654,180.4147183,36.04227697,5.59,K0III,9.01,-82.19,-78.75
HIP 58684,180.52942963,43.04546506,5.22,A7m,29.48,-345.55,55.72
HIP 58697,180.58615049,-85.63176087,6.05,K3III,9.74,-56.44,1.55
HIP 58706,180.61910492,-71.48900826,6.41,K1III,7.75,-62.2,11.0
HIP 58720,180.65731961,-69.19227106,5.89,B9V,10.57,-39.05,-6.89
HIP 58741,180.7153362,-7.68366221,6.24,K5,4.59,-34.25,16.22
HIP 58758,180.75707974,-63.31294495,4.32,Am,14.19,-152.53,6.1
HIP 58803,180.9138115,-42.43378714,5.15,F6V,41.32,323.63,-110.85
HIP 58809,180.93554059,5.55795197,6.39,F5,15.34,-149.01,-83.08
HIP 58810,180.93557093,-74.21408634,6.44,G6III,3.54,-14.15,-4.2
HIP 58858,181.06906686,21.45916332,5.89,F0IV-V,9.09,35.2,-4.43
HIP 58859,181.06973585,-51.47248922,6.48,B9V,8.4,-34.82,-11.76
HIP 58867,181.08015725,-63.16571094,4.72,B2IV,4.33,-17.19,-0.01
HIP 58874,181.11887598,85.58691106,6.27,F6V,13.11,-55.16,90.97
HIP 58884,181.1622784,-68.32889673,5.34,A0V,9.61,-39.05,-6.4
HIP 58901,181.18872296,-59.2532477,6.3,B9Vn,9.22,-37.67,-16.1
HIP 58905,181.19443206,-76.51917475,5.04,K4III,7.4,-77.48,46.84
HIP 58921,181.23852543,-60.96823848,5.95,M2III,4.93,-25.02,-5.59
HIP 58948,181.30279,8.73284563,4.12,G8III,19.08,-220.32,57.52
HIP 58952,181.31141141,76.90595813,5.78,G9III,9.8,147.22,-92.36
HIP 58989,181.41567863,62.93329421,6.14,K2III,8.73,-48.82,-71.6
HIP 59003,181.47344937,-65.54687537,6.3,B8Ia-Iab,-0.39,-5.98,-1.42
HIP 59008,181.48621209,-35.69393235,6.23,B7V,4.48,-34.61,2.77
HIP 59010,181.49929442,-3.13154264,6.37,G8III:,6.54,-27.64,-19.81
HIP 59021,181.5218714,-32.96075904,6.49,G0V,19.48,-77.55,-194.27
HIP 59046,181.58305555,-68.65140083,6.23,G3Ib,1.73,-5.01,-1.62
HIP 59050,181.59618267,-65.70942594,5.95,G8/K0III,5.76,-51.58,-11.2
HIP 59072,181.72022021,-64.61363898,4.14,F2III,50.79,34.27,-37.49
HIP 59151,181.9587008,-75.36706513,5.17,K2II/III,7.45,-92.34,19.0
HIP 59173,182.02190127,-50.66125439,4.46,B2IIIne,8.68,-34.07,-9.85
HIP 59184,182.0613737,-48.69247036,5.34,A1V,5.53,-19.54,-7.01
HIP 59196,182.08976505,-50.72240999,2.58,B2IVne,8.25,-47.53,-6.42
HIP 59200,182.10307095,-60.84712841,6.22,K3/K4II,1.51,-3.72,0.23
HIP 59199,182.10313607,-24.72877993,4.02,F0IV/V,67.71,100.18,-39.33
HIP 59229,182.22432744,-44.32588609,5.75,A3III,9.99,-47.03,-42.33
HIP 59232,182.227492,-41.23158452,5.51,B3IV,1.56,-12.05,-8.27
HIP 59285,182.42202206,1.89832789,5.95,K3III,11.94,42.12,-180.44
HIP 59291,182.44619077,74.66136609,6.34,F6IV,13.85,-5.91,0.83
HIP 59307,182.51075478,-34.70473605,6.16,A0V,9.92,-44.96,-2.3
HIP 59309,182.51463175,5.80696343,5.72,Am,22.81,-159.75,18.33
HIP 59316,182.53135773,-22.61979211,3.02,K2III,10.75,-71.52,10.55
HIP 59352,182.63184055,16.80927624,6.4,A4V,3.61,-21.66,-2.23
HIP 59353,182.64075945,-37.87026816,6.07,A5V,13.96,46.1,-33.24
HIP 59364,182.69209512,27.2815285,6.01,A4Vn,10.6,-10.44,-9.6
HIP 59384,182.75037388,81.70983674,6.0,K5III:,2.96,-25.8,-1.71
HIP 59389,182.75507582,-68.26093422,6.48,K0/K1III,3.47,1.43,-13.23
HIP 59394,182.76617138,-23.60237239,5.45,A1V,17.82,-65.51,-20.64
HIP 59396,182.77186283,-61.27738011,6.08,F0III,11.26,-115.8,-18.38
HIP 59439,182.8819618,-51.35917843,6.23,G6III+...,18.73,-199.45,-63.75
HIP 59449,182.9131309,-52.36841559,3.97,B3V,9.53,-42.17,-18.39
HIP 59458,182.93706229,57.05444463,6.34,K5III,3.36,9.92,-14.97
HIP 59468,182.96333771,25.87035539,5.66,K4III,4.21,-38.11,-30.87
HIP 59489,183.00404877,28.53646316,6.47,F5V,12.4,67.88,-61.87
HIP 59501,183.03874666,20.54210573,5.6,K0II-III,6.73,-14.21,-17.24
HIP 59504,183.04963833,77.61619242,5.14,A5m,29.7,10.53,20.18
HIP 59517,183.0916103,-62.95077296,5.91,B9Ia,0.67,-5.17,-0.08
HIP 59551,183.19596584,-70.15178663,6.05,F6Ib,2.0,-7.65,-0.27
HIP 59588,183.30403548,-34.12528736,6.34,M4/M5Ib/II:,3.58,-37.2,6.15
HIP 59607,183.35441052,-38.92915939,5.77,B4III,1.6,-29.09,-11.69
HIP 59608,183.35831031,10.26236039,5.85,A2m,20.18,-94.48,-7.95
HIP 59622,183.40332369,-33.79288126,6.34,A0V,8.03,11.23,-15.42
HIP 59647,183.48531404,-78.57388687,6.34,K2/K3IIICN.,9.23,-4.31,-19.64
HIP 59654,183.51136205,-45.72393011,5.31,K3III,5.76,-35.19,4.41
HIP 59678,183.57055472,-64.40851906,6.2,B1.5Ia,-0.16,-5.33,0.14
HIP 59708,183.68095986,53.43467088,6.18,K0III:,6.46,-21.15,-18.33
HIP 59728,183.74825968,-20.84423329,5.82,K0IIICN...,9.24,1.34,5.55
HIP 59746,183.785557,70.20007671,5.72,K2III,6.97,-24.44,-28.29
HIP 59747,183.78648733,-58.74890179,2.79,B2IV,8.96,-36.68,-10.72
HIP 59750,183.79391146,-10.30993958,6.11,F5V,44.34,31.97,-1012.44
HIP 59767,183.83612872,87.69998919,6.27,F2V,21.48,-27.15,51.95
HIP 59774,183.85603795,57.03259792,3.32,A3Vvar,40.05,103.56,7.81
HIP 59785,183.87797443,-41.91283864,6.24,K0III,9.39,-337.63,-180.89
HIP 59796,183.92295178,72.55125754,6.29,K0III +K0III,7.24,-9.2,-25.11
HIP 59803,183.95194937,-17.5419837,2.58,B8III,19.78,-159.58,22.31
HIP 59819,184.00097886,14.89914477,5.09,A3V,16.49,-80.58,-30.52
HIP 59831,184.03140154,40.66025851,5.69,M1III,3.91,17.08,-32.06
HIP 59847,184.08564668,23.94542332,4.93,K0III,13.12,-26.85,-5.91
HIP 59851,184.09947877,-72.61445993,6.21,A0V,9.78,-32.18,-16.33
HIP 59856,184.1257284,33.06179861,4.99,K1III,10.65,-54.87,-111.87
HIP 59879,184.20562629,86.43584319,6.33,F4V,25.24,211.86,-10.06
HIP 59895,184.26401068,-16.69374078,6.05,A2V,6.04,-49.2,2.07
HIP 59898,184.2765174,-65.69293557,6.06,A0V,9.72,-37.57,-9.34
HIP 59920,184.3731761,53.19144123,5.8,K6III,8.54,38.5,-45.45
HIP 59923,184.37748884,28.93710321,5.71,A4m,18.74,-33.12,35.2
HIP 59929,184.39431802,-67.96067161,4.06,M5III,10.8,-231.26,-26.37
HIP 59941,184.43433066,15.14479989,6.36,K4III,6.13,34.54,-41.27
HIP 59950,184.44706163,-36.09396124,6.15,A0V,6.68,-40.9,-7.49
HIP 60000,184.58726633,-79.31226899,4.24,B5Vn,12.05,-38.07,12.0
HIP 60009,184.609553,-64.00304555,4.06,B2.5V,9.03,-33.19,-10.38
HIP 60018,184.631536,30.24933506,6.23,A9.5III,18.06,76.6,-118.34
HIP 60030,184.66790853,-0.7871448,5.9,A5Vn,10.0,33.51,-16.17
HIP 60044,184.70860512,75.1605502,5.47,A1V,11.29,-36.03,4.35
HIP 60059,184.74928553,-55.14297519,5.01,M1III,8.55,-70.44,-11.06
HIP 60066,184.75846987,26.00837126,6.44,Am,13.14,-11.76,-9.05
HIP 60087,184.83000395,23.03469539,6.26,A8m,11.43,-13.09,-9.17
HIP 60098,184.8735876,28.15722194,6.38,F8Vs,20.12,-202.47,-125.69
HIP 60122,184.95301297,48.98413192,5.28,M0III,6.3,-14.43,6.82
HIP 60129,184.97663096,-0.66674709,3.89,A2IV,13.06,-59.14,-23.13
HIP 60157,185.04514374,-22.17562676,5.94,K0III+...,6.88,-105.42,-30.25
HIP 60168,185.07434995,26.00182892,6.16,F0IV,16.5,-140.89,19.05
HIP 60170,185.08216696,26.6197509,5.52,K2III-IV,20.78,-66.7,-110.4
HIP 60172,185.08813566,3.31272688,4.97,K1III,11.43,-293.82,-62.85
HIP 60183,185.11783762,-65.84263025,6.2,B9V,10.1,-40.84,-10.77
HIP 60189,185.14046113,-22.21583387,5.2,B8V,8.47,-109.68,-27.71
HIP 60197,185.17237629,27.05483793,6.32,F3V + F3V,10.83,9.08,-120.37
HIP 60202,185.17955477,17.79265307,4.72,G8III,9.04,-109.67,88.5
HIP 60210,185.20311213,15.54096865,6.47,K0,6.81,-51.97,7.8
HIP 60212,185.2117925,57.86428953,5.54,K5III,4.65,47.75,-70.53
HIP 60221,185.23214915,-13.56574902,5.14,K0III,16.61,-5.09,10.27
HIP 60260,185.34088036,-60.40136988,3.59,K3/K4III,14.3,-171.06,91.82
HIP 60305,185.48457714,47.18225964,6.33,K2III,10.61,-57.76,-23.61
HIP 60308,185.48932747,-56.3743836,5.91,K4III + (F),1.87,-10.77,-0.77
HIP 60320,185.53077773,-67.52209279,5.15,Am,9.71,-31.28,-5.16
HIP 60327,185.54526433,24.77387685,6.21,A0V,9.97,-54.47,-4.47
HIP 60329,185.55014315,-68.30719873,5.73,K0III,8.24,-2.45,-48.14
HIP 60351,185.62632982,25.84618178,4.78,F8:p...,11.93,-10.75,-8.85
HIP 60353,185.6339017,5.30557355,6.46,F8V,33.53,-166.57,-53.15
HIP 60379,185.70613474,-57.67610097,5.38,B9V,9.54,-37.73,-12.71
HIP 60417,185.81266771,-67.63217115,6.36,K0IV-V,19.69,-751.13,257.04
HIP 60418,185.81394956,-4.97443301,6.47,K0,7.17,30.41,-28.62
HIP 60421,185.82873989,-11.81209173,6.48,M3III,3.7,-51.02,-10.49
HIP 60425,185.83999906,-24.84062116,5.66,K1III,10.32,-21.4,-19.59
HIP 60449,185.89770601,-35.41265923,5.32,B8/B9V,7.98,-41.24,-7.49
HIP 60454,185.90316593,-39.30237217,6.39,F2V,8.38,-23.07,4.9
HIP 60463,185.93660912,-38.91135056,5.79,B8/B9V,9.52,-56.54,-12.46
HIP 60467,185.94614816,42.54270856,6.03,F3IV,9.75,-80.13,14.4
HIP 60468,185.94925486,-30.33538535,6.39,K5III,4.06,10.21,-12.25
HIP 60485,186.00617625,51.56222925,4.76,G7III,8.3,13.15,11.32
HIP 60514,186.07724865,26.09861325,5.17,A3V,11.47,-26.91,-3.08
HIP 60525,186.1117018,25.58242997,6.41,F0V,10.23,-7.46,-10.65
HIP 60549,186.18654487,-41.38411951,6.24,K2/K3III,6.55,-67.26,-69.93
HIP 60584,186.26343152,56.77785826,5.82,M3III,2.74,-14.25,-12.46
HIP 60589,186.27659619,63.80277456,6.31,G8III,6.32,-15.55,2.77
HIP 60591,186.28593652,-42.51425806,6.1,G4IV,18.96,-134.49,-22.3
HIP 60595,186.29917028,-11.61051268,5.95,A1V,15.49,-58.99,-31.89
HIP 60599,186.31280365,23.92630174,6.03,K0III,6.56,56.82,-41.09
HIP 60601,186.32342553,-65.76961193,6.29,G8/K0IV,20.87,-63.26,-99.22
HIP 60603,186.32670513,-27.74899915,6.09,K3III,5.07,2.41,-1.23
HIP 60610,186.34068272,-35.18640097,5.71,B9IV/V,7.76,-40.55,-6.48
HIP 60638,186.40949088,-86.15059684,6.32,K0III,4.26,-4.91,-6.56
HIP 60646,186.46248809,39.01869867,5.01,G8III-IV,14.35,-78.1,-34.0
HIP 60697,186.60030726,27.26826273,4.92,F0p,11.92,-14.8,-10.4
HIP 60699,186.60197202,71.92988373,6.33,G8III:,8.38,-150.27,-23.3
HIP 60710,186.63245078,-51.4506115,4.82,B3Vn,8.16,-31.04,-9.83
Acrux (α Cru),186.64975585,-63.09905586,0.77,B0.5IV,10.17,-35.37,-14.73
HIP 60729,186.70296553,-48.91299818,6.25,G5IV-V,37.5,-642.01,-79.23
HIP 60735,186.71539248,-32.83004764,5.56,B9V,6.38,-5.65,-30.09
HIP 60742,186.73469831,28.26861975,4.35,K2IIICN+...,19.18,-83.41,-80.99
HIP 60746,186.74710034,26.8257216,4.98,A4V,11.56,-11.58,-9.23
HIP 60771,186.85352338,-63.78895978,6.02,B8IV,4.96,-13.81,-10.9
HIP 60780,186.87015672,-58.31647941,6.35,K4III,3.73,-1.09,13.97
HIP 60781,186.87031761,-58.99176932,5.38,M4/M5III,5.76,-14.95,5.34
HIP 60795,186.89635756,55.71275225,5.68,M2III,7.43,-20.94,-11.43
HIP 60804,186.92528655,8.61037129,6.36,G8III,4.54,22.23,-11.21
HIP 60809,186.95605406,-16.63185314,6.3,G5II,2.55,-10.33,3.9
HIP 60813,186.96499562,-4.6152824,6.23,F2III,10.9,-86.75,2.27
HIP 60823,187.01004828,-50.2306048,3.91,B3V,7.36,-32.49,-12.41
HIP 60851,187.08046209,-64.34096078,6.05,A0Vn,10.28,-36.16,-11.79
HIP 60855,187.09369113,-39.04113804,5.45,B8/B9V,7.64,-28.69,-14.0
HIP 60861,187.10712453,-61.79483117,6.21,K2III,6.6,-20.1,-4.43
HIP 60870,187.14099776,-56.40726625,6.15,K0/K1III,23.68,-232.75,-226.3
HIP 60904,187.22799077,25.91288804,5.29,A0p,12.06,-20.21,-15.0
HIP 60941,187.36272398,24.10892077,5.47,F5III,15.1,-18.09,1.84
HIP 60957,187.43009821,20.89618496,5.68,A3V,12.84,24.89,-31.29
HIP 60965,187.4665965,-16.51509397,2.94,B9.5V,37.11,-209.97,-139.3
HIP 60969,187.47580895,-56.52496942,5.78,M1III,5.8,5.79,11.99
HIP 60978,187.48916244,58.4055266,5.37,A5e...,11.88,-66.78,88.75
HIP 60979,187.4911804,-41.73586155,6.0,M2II/III,3.55,4.92,-16.09
HIP 60988,187.5129321,51.53556985,6.21,F7V,22.15,-293.08,25.33
HIP 60992,187.5176007,58.76780973,6.07,G8III-IV,7.62,31.19,-14.92
HIP 60994,187.52054829,-13.39305238,6.37,G1/G2V,40.03,-261.58,-54.16
HIP 60998,187.52817199,69.20126087,5.01,M3IIIa,5.61,-63.12,-56.48
HIP 61015,187.57275779,-23.69642033,5.63,M0III,3.63,-25.36,0.7
HIP 61053,187.70882191,53.07616553,6.2,F9V,45.58,19.46,182.1
HIP 61071,187.75236725,24.56718941,5.47,A2pvar,10.49,-12.02,-8.94
HIP 61084,187.79137202,-57.11256922,1.59,M4III,37.09,27.94,-264.33
HIP 61103,187.83928382,7.60428312,6.05,K5,4.1,-20.97,10.66
HIP 61134,187.91142055,-5.05266679,6.19,G9III:,8.11,-31.56,30.79
HIP 61136,187.91810373,-59.42391403,5.49,F5III,1.94,-13.19,-3.47
HIP 61158,187.98397037,-63.50589876,5.96,A8III,13.56,-28.91,25.05
HIP 61172,188.01835363,-32.53373156,6.46,A3V,5.74,-24.12,-12.03
HIP 61174,188.01868646,-16.19586556,4.3,F2V,54.92,-424.37,-58.41
HIP 61181,188.04122968,-73.00104307,5.88,K1III,9.55,40.72,-5.29
HIP 61199,188.11712896,-72.1329759,3.84,B5V,10.07,-50.59,-5.16
HIP 61208,188.13705492,-21.21200466,6.41,K0III,7.78,-138.45,-45.66
HIP 61212,188.15036083,-13.85897407,5.74,F3IV/V,27.06,-146.68,-53.89
HIP 61246,188.2621197,10.29566078,6.29,G8III,6.92,-50.11,4.27
HIP 61270,188.34278349,-19.79248604,6.26,F0IV/V,7.54,-30.0,-25.79
HIP 61281,188.37101041,69.78820992,3.85,B6IIIp,6.55,-58.14,11.42
HIP 61295,188.39261214,24.28300493,6.28,A4V,9.41,-10.88,-8.57
HIP 61296,188.3927875,-12.83032829,5.58,G8III/IV,20.58,-16.99,51.63
HIP 61309,188.41210253,33.24766003,5.42,K0IIICN...,12.26,21.21,-31.43
HIP 61317,188.43788561,41.35676779,4.24,G0V,119.46,-705.06,292.93
HIP 61318,188.44498858,-9.45207768,5.48,A0V,12.47,-82.2,0.11
HIP 61320,188.44754305,33.38469496,6.24,K0III,8.71,5.36,-10.9
HIP 61328,188.49690379,-49.90969306,6.38,F5IV-V,14.85,-165.18,-48.19
HIP 61359,188.59680864,-23.39662306,2.65,G5II,23.34,0.86,-56.0
HIP 61379,188.67690229,-44.67251655,5.76,G4IV,35.25,-75.86,-206.23
HIP 61384,188.68360523,70.02177318,4.95,K2III,5.97,-30.4,-1.36
HIP 61394,188.71299083,22.62918961,4.8,A0IV,8.94,-57.42,28.53
HIP 61404,188.7269318,-67.75688853,6.11,M6II/III,3.25,-11.89,-2.4
HIP 61418,188.78234382,18.37700118,5.03,K2III,5.31,-4.58,23.3
HIP 61420,188.78397424,21.88143144,5.86,K1III,5.0,21.99,-19.56
HIP 61443,188.87410771,-61.84139792,6.22,G4IV,21.58,-270.92,-73.27
HIP 61468,188.94006062,-41.02194744,5.12,A7III,28.92,-107.25,1.11
HIP 61496,188.99488728,-20.52735401,6.2,F0V,12.98,33.29,-50.35
HIP 61498,189.00447532,-39.86944684,5.78,A0V,14.91,-55.92,-24.0
HIP 61557,189.19435821,-50.33537121,6.4,A0V,9.09,-47.39,-9.53
HIP 61558,189.19737813,-5.8318511,5.88,A3V,14.54,-27.51,-19.46
HIP 61571,189.24314199,17.08957856,5.7,K5III,6.29,-35.65,-17.53
HIP 61585,189.29618208,-69.13553358,2.69,B2IV-V,10.67,-39.87,-12.44
HIP 61621,189.42594398,-27.13865883,5.41,F0V,28.91,79.52,-94.16
HIP 61622,189.42636588,-48.54128816,3.85,A2V,24.77,-186.61,-6.45
HIP 61637,189.51847183,3.28247137,6.33,A1V,5.02,-29.08,-11.21
HIP 61658,189.59355028,1.85470456,5.68,M3III,6.51,-79.51,-17.47
HIP 61688,189.68619461,-18.2501648,6.0,F0V,16.07,-122.68,26.64
HIP 61692,189.69290042,40.87469516,6.35,A7Vn,15.27,-24.25,-13.49
HIP 61703,189.71819205,-67.19304671,6.22,B1Ia,0.03,-4.58,-0.71
HIP 61719,189.75919869,22.65954468,6.39,K1III,8.95,-42.12,-19.77
HIP 61720,189.76451917,-30.4223493,5.86,K2/K3III,5.96,-38.64,-15.55
HIP 61724,189.78065686,21.06258094,5.49,G9III,11.39,-77.41,-8.86
HIP 61738,189.81098559,-75.37056959,6.46,B8Vn,4.24,-27.07,-10.01
HIP 61740,189.81171855,-7.99550439,4.66,K2III,10.24,-77.3,-24.66
HIP 61748,189.82019537,35.95196539,6.39,A0p SrCrEu,6.45,19.31,-2.63
HIP 61789,189.96900602,-39.98724188,4.63,B8II/III,9.19,-42.01,-24.94
HIP 61796,189.9829257,-66.5111221,6.26,B8V,9.23,-34.25,-6.57
HIP 61910,190.31676407,-13.01392023,5.17,F3IV,11.72,-117.92,7.86
HIP 61916,190.34602074,-46.14572729,5.84,K3II,4.09,-70.95,59.98
HIP 61932,190.38002079,-48.95988553,2.2,A1IV,25.01,-187.28,-1.2
HIP 61936,190.39145671,62.71308183,6.02,A2III,5.61,-30.71,-17.68
HIP 61937,190.3935629,10.42626827,6.22,A7Vn,14.6,-106.08,0.71
HIP 61941,190.41667557,-1.44952231,2.74,F0V+...,84.53,-616.66,60.66
HIP 61951,190.45627095,-19.75913355,6.02,F2V,15.08,-179.95,17.1
HIP 61960,190.47086482,10.23584294,4.88,A0V,27.1,82.62,-89.51
HIP 61966,190.48582,-59.68581085,4.91,B6IV,3.15,-24.7,-3.57
HIP 61968,190.48816539,6.80664416,5.57,A2V,13.37,-71.67,-11.15
HIP 61981,190.52097535,-69.4075508,6.31,F7Ib,1.69,-4.55,-1.18
HIP 62012,190.6481714,-48.81303493,4.66,K0III,17.31,-123.27,-30.36
HIP 62026,190.70748233,-55.94696105,6.06,B9V,8.77,-34.64,-16.52
HIP 62027,190.70951152,-63.058616,5.27,B2pe,3.32,-13.32,-3.47
HIP 62046,190.76746044,61.15537241,6.39,K0,6.83,-51.36,19.85
HIP 62058,190.78838403,-56.17619646,5.99,B9Vn,7.88,-31.16,-11.39
HIP 62081,190.85934803,-40.17781019,6.43,A7III,13.9,25.18,-16.14
HIP 62084,190.86833524,-58.90274136,6.41,K0/K1III,4.89,-71.12,-0.34
HIP 62103,190.90842535,-1.57681459,5.91,G8IIIp,14.26,48.1,-74.58
HIP 62128,190.99443237,-36.34913468,6.38,B8/B9V,3.35,7.37,-7.39
HIP 62131,191.00229297,-28.32386102,5.46,K3III,8.22,-29.54,-39.41
HIP 62170,191.10791915,80.62112781,6.33,A5m,7.05,31.45,-42.61
HIP 62172,191.11301998,44.10299667,6.34,F6IV,10.94,-30.32,2.91
HIP 62207,191.24865101,39.27857766,5.95,G0V,57.57,-359.75,139.32
HIP 62212,191.25860848,-68.83074797,6.16,F6Ia,1.68,-6.72,-1.17
HIP 62223,191.28262003,45.44022447,5.42,C7Iab,4.59,-2.2,13.05
HIP 62267,191.40467529,7.67331477,5.22,A8m,13.36,-108.93,4.53
HIP 62268,191.40798434,-60.98116057,4.69,K1III,26.17,112.51,-64.86
HIP 62322,191.57029013,-68.10809405,3.04,B2V,10.48,-40.4,-10.32
HIP 62325,191.59324849,9.54078962,5.65,K1III-IV,22.36,278.73,-455.04
HIP 62327,191.59478955,-56.48877967,4.62,B3V,8.24,-33.11,-14.62
HIP 62356,191.66147205,16.57764912,5.12,K3III,10.13,12.55,17.39
HIP 62360,191.69258582,-33.31541396,5.87,K3III,8.5,11.6,-28.28
HIP 62376,191.75953626,5.9505084,6.31,A0spe...,6.23,29.95,-55.54
HIP 62394,191.80673093,11.95813254,6.11,A3V,13.41,44.68,-18.39
HIP 62402,191.82885595,62.78113875,5.88,A9V,15.85,20.02,6.54
HIP 62421,191.88925076,-6.30164895,6.27,F7V,15.09,5.27,-42.22
HIP 62423,191.89308893,66.79031573,5.43,K5III,4.19,1.64,-4.71
Mimosa (β Cru),191.93049537,-59.68873246,1.25,B0.5III,9.25,-48.24,-12.82
HIP 62443,191.96423902,3.57272118,6.42,M4III,5.68,-8.93,-2.11
HIP 62448,191.97363562,-24.85174736,6.43,B8V,3.82,-41.5,36.5
HIP 62478,192.05985106,13.55310064,6.47,A1V,8.01,-48.47,-33.96
HIP 62500,192.10982759,-27.59723017,5.65,G8III,10.73,-152.82,-63.33
HIP 62512,192.16390269,60.31989667,5.83,F5V,41.39,107.79,-30.6
HIP 62516,192.17441404,48.4668121,6.25,A6m,7.04,-63.99,10.73
HIP 62523,192.19693108,24.84048369,6.29,G7V,58.23,-334.55,-106.06
HIP 62541,192.22581729,14.12263297,5.71,A1V,8.1,28.96,-20.23
HIP 62561,192.2782968,83.41779443,5.92,A0V,14.68,-22.05,15.52
HIP 62572,192.30750199,83.41285818,5.38,A1IIIsh,10.75,-28.15,17.55
HIP 62576,192.32296815,27.55232611,5.76,A2V,9.97,-92.9,21.73
HIP 62608,192.43728988,-71.98624542,5.55,G8Ib/II,6.2,10.52,-5.87
HIP 62641,192.54502356,37.51688446,5.87,A3V,8.43,-88.59,21.83
HIP 62653,192.57179055,22.86356935,6.43,K0III,7.49,104.67,-66.38
HIP 62655,192.58136431,-48.45955963,6.26,A0V,5.71,-48.03,6.71
HIP 62683,192.67161238,-33.99926779,4.9,B9V,8.39,-29.11,-14.29
HIP 62703,192.74126496,-52.7873952,5.7,A5V,8.53,-27.2,-12.02
HIP 62732,192.82492384,-60.32978611,5.71,A2Iab,1.09,-5.26,-1.09
HIP 62743,192.84555077,-10.33821106,6.48,G8III,8.45,-8.8,-3.41
HIP 62757,192.90379424,3.05673901,6.02,K4III:,5.6,-36.59,20.08
HIP 62763,192.92469926,27.54073393,4.93,G0III,10.62,-9.5,-8.82
HIP 62786,192.9872921,-39.68038459,5.99,B7/B8V,7.01,-27.07,-18.97
HIP 62788,192.99153012,-26.7383519,6.14,A0III,16.62,-109.86,31.8
HIP 62799,193.02279636,-48.09429527,6.31,A0IV,6.81,-44.21,3.76
HIP 62807,193.05106622,17.07395533,6.32,M0III,1.78,2.21,-4.95
HIP 62821,193.10253122,-53.82992658,6.26,G8Ib/II,2.99,-17.41,-1.66
HIP 62825,193.11468032,16.12252624,6.29,A7V,8.95,-43.25,-12.66
HIP 62861,193.26776709,-54.9524841,5.91,K3III,8.61,-96.63,4.68
HIP 62867,193.27906907,-48.94325313,4.33,K3/K4III,10.77,-79.18,-25.34
HIP 62875,193.29712947,-3.55308979,6.11,F5V,30.75,-263.79,-3.45
HIP 62886,193.32404513,21.24502058,4.89,G8III,10.06,-42.48,-32.0
HIP 62894,193.34124905,-60.32848627,5.75,B9Ia,0.81,-4.12,-0.97
HIP 62896,193.35894159,-40.17881857,4.25,A4IV,21.03,69.64,-21.83
HIP 62904,193.38416881,19.48149121,6.42,G5IV,22.71,-150.31,-176.84
HIP 62915,193.40883586,-4.22450913,6.45,K0,9.61,3.82,-62.73
HIP 62931,193.45384782,-60.37624027,5.89,B5Ia,-1.96,-3.03,-1.74
HIP 62933,193.45697842,12.41850095,6.25,A7III,16.4,63.35,-35.13
HIP 62956,193.5068041,55.95984301,1.76,A0p,40.3,111.74,-8.99
HIP 62972,193.55478295,33.53440353,6.25,A7IV,13.43,-89.66,31.32
HIP 62983,193.57809243,-11.64859567,6.0,A2V,14.98,-138.92,10.56
HIP 62985,193.58822553,-9.53894647,4.77,M3IIIvar,7.82,-18.26,-19.72
HIP 63003,193.64857337,-57.17789116,4.03,B2IV-V,8.64,-30.45,-13.55
HIP 63005,193.65383866,-57.16864387,5.08,B5Vne,9.03,-32.35,-10.93
HIP 63007,193.66341683,-59.14666538,4.62,B4Vn,9.06,-33.35,-14.75
HIP 63024,193.73556688,47.19673771,5.75,M5III,4.63,-17.24,-6.5
HIP 63031,193.7431157,-85.12342237,5.45,K0III,8.79,67.47,22.11
HIP 63033,193.74460949,-44.15140639,5.89,G2IV,25.17,-237.3,-230.98
HIP 63066,193.83108971,-42.9157015,5.46,M0III,5.42,-37.77,-12.64
HIP 63076,193.8689797,65.43854743,5.23,A5n,34.67,-4.63,-30.38
HIP 63090,193.90201366,3.39759862,3.39,M3III,16.11,-471.44,-52.81
HIP 63109,193.97189424,-15.32702221,6.18,A0V,4.87,-19.08,-1.03
HIP 63117,193.98808228,-56.83580429,5.34,O9Ib,1.73,-5.12,-0.78
HIP 63121,194.00251587,38.31469771,5.61,F0V,39.95,-203.89,88.34
HIP 63125,194.00767051,38.31824617,2.89,A0spe...,29.6,-233.43,54.98
HIP 63143,194.07350869,54.09948306,5.84,A5m,12.74,-78.1,2.54
HIP 63165,194.13216726,-72.18518249,5.93,G8III,4.67,-15.99,-12.08
HIP 63204,194.24273367,-54.58731036,6.48,A0p,9.91,-33.73,-15.37
HIP 63210,194.26825217,-51.19871605,5.17,B8V,6.8,-29.54,-14.82
HIP 63211,194.28251288,46.17692019,6.11,K0III-IV,9.48,-9.4,-53.88
HIP 63220,194.30284771,-12.06692425,6.33,K5,5.07,-17.13,-9.55
HIP 63243,194.38819062,-22.75346787,6.31,K0III,8.01,-58.42,-13.0
HIP 63297,194.57864526,64.92550428,6.44,K0,3.92,-18.03,12.06
HIP 63340,194.6970959,75.47247502,6.0,K0III,6.83,13.18,13.77
HIP 63355,194.73110786,17.40936063,4.76,M0III,10.91,-38.66,34.95
HIP 63414,194.91477267,-3.81194179,5.79,A3V,10.95,-48.2,6.57
HIP 63432,194.9803163,66.59730755,5.37,K2III,5.65,-139.75,-14.64
HIP 63462,195.06868941,30.78503676,4.88,K1IIIp,3.63,-21.59,-6.38
HIP 63490,195.13628763,-33.50509249,6.01,F3V,24.98,-74.19,-71.81
HIP 63494,195.14982714,-3.3686079,5.99,K2III,9.47,-19.39,49.42
HIP 63497,195.16190005,18.37286539,6.2,F6Vs,24.49,-234.6,59.27
HIP 63503,195.18160731,56.36633134,4.93,F2V,40.06,108.36,2.67
HIP 63533,195.29008399,17.1232026,5.97,K0III,8.14,-9.0,-23.01
HIP 63584,195.4464669,63.61016308,6.01,F6V,26.72,-171.55,25.53
HIP 63608,195.54483557,10.95910186,2.85,G8IIIvar,31.9,-275.05,19.96
HIP 63613,195.56573968,-71.54879865,3.61,K2III,35.91,263.58,-23.28
HIP 63688,195.77233515,-71.47572327,5.93,B1.5IIIne,2.07,-11.18,-2.39
HIP 63724,195.88894965,-49.52723627,4.83,A0V,14.97,-46.58,-11.24
HIP 63738,195.94177817,-20.58350964,5.58,F7V,34.89,142.13,5.14
HIP 63820,196.20103515,-41.19628181,6.24,M3/M4III,2.78,-17.23,-16.45
HIP 63822,196.20742517,73.02495241,6.43,F0V,8.23,-19.04,9.64
HIP 63849,196.27790912,-47.11682708,6.44,F5III,8.96,-45.87,-34.04
HIP 63883,196.37844611,-52.115682,6.43,M1III,2.96,-51.96,9.01
HIP 63901,196.43526005,35.79885169,5.2,B9V,11.55,-36.75,19.32
HIP 63916,196.46783055,45.26848988,5.64,K1III,6.75,-14.53,24.63
HIP 63945,196.56970994,-48.46325358,4.71,B5V,7.88,-29.72,-14.68
HIP 63948,196.58867941,21.15351,6.0,F4V,20.03,-69.06,-46.54
HIP 63950,196.59410061,22.61629063,5.53,M5III,5.7,29.84,-42.71
HIP 63952,196.5952588,62.04197396,6.15,G7III,8.64,17.06,-43.36
HIP 63972,196.64603079,-41.58840727,5.59,K0II/III,9.62,44.26,-14.59
HIP 64003,196.72595485,-35.86182329,5.63,A0V,14.22,34.8,-86.36
HIP 64004,196.72776268,-49.90621586,4.27,B1.5V,7.92,-26.24,-12.43
HIP 64022,196.79461606,27.62490672,4.8,K5III,10.75,33.27,-68.21
HIP 64033,196.8512919,-59.86049011,5.98,B9IV+...,2.64,-11.78,-8.06
HIP 64053,196.90966874,-53.45971466,5.7,B8V,10.06,-36.87,-20.4
HIP 64077,196.97358344,27.55610799,6.2,K4III,8.38,-39.64,-61.88
HIP 64078,196.97417871,-10.74038528,5.15,K2III,10.66,16.03,-9.38
HIP 64094,197.02982892,-65.30601741,5.44,WC6 + O9.5I,0.03,-5.35,-2.23
HIP 64108,197.08550598,-78.44596983,6.43,A0V,7.26,-38.85,-24.94
HIP 64117,197.11599927,-67.79676243,6.34,M1III,3.26,-9.56,-0.02
HIP 64122,197.13536674,-8.98422912,5.57,K3III,8.78,-36.21,-64.19
HIP 64166,197.26367917,-23.11797275,4.94,K0III,14.14,-19.97,-39.9
HIP 64179,197.3017599,10.02246786,5.79,K0III,9.27,22.78,0.18
HIP 64181,197.30946673,-9.53809931,6.32,K0,8.08,-56.19,0.49
HIP 64212,197.41134739,37.42313176,6.01,K3III,10.89,-105.99,5.86
HIP 64217,197.42517501,38.5338706,6.25,B7III,2.85,-14.76,6.16
HIP 64224,197.43870138,-10.32930884,5.95,K5III,4.97,-14.98,-7.31
HIP 64226,197.44953121,16.8486489,5.91,K5III,4.45,-65.58,-15.39
HIP 64238,197.48755015,-5.53892987,4.38,A1V,7.86,-35.08,-32.8
HIP 64241,197.49812263,17.52911621,4.32,F5V,69.81,-445.95,129.69
HIP 64246,197.51361945,38.49887224,5.91,A9III-IV,16.12,-71.11,44.86
HIP 64320,197.74360793,-52.56685355,6.05,Ap,9.5,-35.2,-17.88
HIP 64332,197.78725433,-42.23282785,5.78,F7IV,10.89,-76.67,-26.1
HIP 64348,197.84711464,-43.36850529,5.24,K1/K2III,14.76,-114.5,-19.66
HIP 64375,197.9135187,-26.55172563,6.49,A5V,8.88,-71.84,1.55
HIP 64390,197.96408969,-69.94201974,5.92,F3IV/V,22.67,35.02,1.26
HIP 64394,197.97051117,27.87603769,4.23,G0V,109.23,-801.94,882.7
HIP 64395,197.97114319,-63.30298568,6.32,F0II,-0.29,-4.02,-2.5
HIP 64408,198.01444495,-37.80313606,4.85,G3V,48.83,-382.44,47.01
HIP 64407,198.01451923,-16.1979034,5.04,F6V,30.72,96.17,-287.23
HIP 64417,198.03509815,24.25812901,6.31,K1III,6.35,-22.32,-41.79
HIP 64425,198.07345539,-59.92053651,4.58,B8V,9.42,-28.54,-17.46
HIP 64437,198.10606335,80.47128181,6.25,K0Ib,4.75,-6.34,11.27
HIP 64445,198.13729799,11.55617035,5.76,M0III,4.02,-50.68,-30.57
HIP 64466,198.20319288,-66.22676607,5.91,A0V(n),11.45,25.31,7.85
HIP 64472,198.21191296,-42.69971196,6.19,K0III,5.18,-26.8,-3.52
HIP 64478,198.2321126,-59.81634245,6.18,G0V,25.12,8.23,-107.89
HIP 64496,198.30223883,18.72712766,6.1,G8III,10.98,-216.03,-49.28
HIP 64515,198.34742745,-50.6997859,5.9,B9V,9.92,-33.58,-17.68
HIP 64520,198.36186926,-18.8263809,6.26,A0V,2.52,-21.28,-10.45
HIP 64540,198.42908954,40.15284766,4.94,K0III,6.24,-52.19,15.5
HIP 64557,198.49083299,-43.13916095,6.16,K5II,9.29,-150.09,22.34
HIP 64577,198.54570701,-19.93133468,5.31,G8III/IV,25.89,-120.23,159.67
HIP 64580,198.55062387,-58.68390821,5.91,K0/K1III,9.49,-55.3,-11.67
HIP 64583,198.56428372,-59.10285946,4.9,F7IV,55.49,-249.62,-154.6
HIP 64587,198.57231883,-78.44744492,5.84,F8Ib,1.75,-8.41,-3.72
HIP 64607,198.63017874,11.33178469,5.64,M0III,6.43,68.52,-52.81
HIP 64623,198.68067991,-48.95680509,5.84,K0IV,12.58,-108.72,-89.45
HIP 64651,198.78954038,-36.37135768,6.17,K1III,7.02,-43.66,-21.35
HIP 64661,198.81249082,-67.8945633,4.79,B8V,8.04,-36.92,-10.63
HIP 64682,198.85735777,-69.67919729,6.37,K2/K3III,10.65,-99.97,-35.52
HIP 64692,198.88352117,40.8551724,5.77,A7V,13.32,-120.26,11.09
HIP 64725,198.99409266,-19.94282246,5.21,K1III,25.68,304.74,-115.41
HIP 64751,199.05977711,19.0517164,6.46,G8III,10.63,-96.89,7.31
HIP 64774,199.11939858,68.40796113,6.2,B9.5V,7.12,-14.1,16.26
HIP 64779,199.134702,19.78521744,6.43,F0V,11.65,-110.15,29.54
HIP 64790,199.18769159,-65.1381259,6.06,F5V,25.74,-98.97,-54.65
HIP 64792,199.19463902,9.423693,5.19,G0Vs,55.71,-334.51,190.7
HIP 64797,199.21111349,17.01781641,6.49,K2V,89.07,631.21,-260.84
HIP 64803,199.22129667,-31.5060767,5.1,K0III,13.21,34.6,-49.27
HIP 64820,199.30431246,-66.78342263,4.86,K2Ib/II,2.75,-15.27,-6.34
HIP 64822,199.30801256,-43.97944198,5.82,Am,17.12,-4.03,-15.47
HIP 64823,199.31509739,13.67564684,5.33,K3III,10.94,8.09,42.94
HIP 64838,199.37455403,-0.67604128,6.36,F0V,13.45,-68.14,-9.6
HIP 64844,199.38598801,40.57256275,4.72,F3III,11.39,-125.67,18.45
HIP 64852,199.40119538,5.46984502,4.78,M2III,6.03,-7.16,10.0
HIP 64906,199.56058516,49.68201519,5.14,A0V,11.85,-33.34,19.42
HIP 64924,199.60405,-18.30861062,4.74,G5V,117.3,-1069.9,-1063.78
HIP 64927,199.61544766,34.09829261,5.81,K4.5III,6.47,29.23,4.55
HIP 64933,199.64538086,-51.28574682,6.18,A0V,5.06,-26.86,-11.87
HIP 64951,199.70140385,-79.97596131,6.34,B9.5/A0V,7.35,-18.11,-22.9
HIP 64962,199.7302224,-23.17141246,2.99,G8III,24.69,68.41,-41.09
HIP 64979,199.76780333,35.12793546,6.01,F0IV,15.34,-29.97,17.54
HIP 64994,199.8291397,-72.03547781,6.04,K3III,7.33,-5.64,-51.4
HIP 65072,200.07914877,40.15055594,5.6,K1III,4.98,-57.97,-3.29
HIP 65108,200.14610013,-59.77275811,6.2,F3/F5II,8.31,-31.63,-9.24
HIP 65109,200.15027321,-36.71208109,2.75,A2V,55.64,-340.76,-87.98
HIP 65112,200.15772684,-52.74778497,5.47,B6V,8.24,-30.71,-16.46
HIP 65119,200.17335581,2.94231688,6.26,A3V,7.97,-62.29,-11.23
HIP 65129,200.20142983,-55.80069803,6.0,B0.5Ia,0.0,-3.89,4.02
HIP 65144,200.24067905,-46.88005836,5.76,K1III,8.64,-74.13,20.84
HIP 65183,200.37423861,-19.48928681,6.21,A2/A3V,11.28,-77.24,-2.84
HIP 65198,200.42366137,2.0873706,5.69,A2V,15.32,-61.27,-52.4
HIP 65230,200.51654896,43.90333351,6.34,A7m,7.12,-61.73,18.65
HIP 65241,200.54054052,5.15485074,5.89,A2m,15.7,-69.02,-35.55
HIP 65247,200.56787422,-52.18295165,5.81,B2.5Ib,0.63,-4.47,-1.95
HIP 65271,200.65824899,-60.98835608,4.52,B3V,9.2,-35.5,-15.19
HIP 65288,200.7187449,-47.94321927,6.18,A4V,3.28,16.53,-0.7
HIP 65289,200.71925349,-72.14667406,6.06,B6V,4.37,-17.73,-15.46
HIP 65301,200.75477211,-17.73520402,5.36,K0III,10.2,-50.08,-28.67
HIP 65303,200.76086574,-48.56278579,6.37,B6IV,1.82,-8.8,-2.28
HIP 65311,200.78601574,-33.18988737,6.17,M2III,4.46,-17.9,3.71
HIP 65323,200.82877172,-4.92438824,5.88,K3III,2.81,-19.5,-16.1
HIP 65372,200.96744625,-49.82273441,6.48,G8III,7.68,-79.89,-31.45
HIP 65376,200.97466246,37.03394754,6.1,M3III,2.7,14.63,-11.14
HIP 65378,200.98091604,54.92541525,2.23,A2V,41.73,121.23,-22.01
HIP 65381,200.98793854,-20.92453837,6.44,K1/K2III/IV,6.9,-37.39,-19.9
HIP 65387,201.00184737,-64.53561699,4.52,G5III-IV,12.69,29.1,-20.96
HIP 65417,201.12724147,12.43174526,6.44,K0III,6.06,-11.74,35.83
HIP 65420,201.13806845,-5.16392212,5.76,F3V,33.23,157.73,-36.24
HIP 65466,201.27785348,23.85443816,5.75,A3IV,12.82,-9.95,-8.06
HIP 65468,201.28066834,-74.88749735,5.04,K0III,14.51,-108.28,-132.08
Spica (α Vir),201.2983523,-11.16124491,0.98,B1V,12.44,-42.5,-31.73
HIP 65477,201.30589832,54.98799884,3.99,A5V SB,40.19,120.35,-16.94
HIP 65479,201.30889897,-64.48509219,5.32,F2III,25.45,-154.3,-21.43
HIP 65522,201.45999506,-70.62725069,5.65,Ap,7.03,-55.5,1.05
HIP 65535,201.53182918,-39.75496493,5.11,Kp...,15.73,168.31,-58.6
HIP 65536,201.53343022,72.39149824,5.82,M1III,3.23,22.62,-9.19
HIP 65545,201.54783683,-1.19248368,5.97,A7III,13.3,-114.57,5.2
HIP 65550,201.56907049,46.0281037,5.88,K0III:,9.13,30.17,-19.98
HIP 65581,201.68018558,-12.70761258,5.27,K5III,6.46,-128.56,-21.22
HIP 65593,201.73384964,-41.49756484,5.69,K3III,1.62,-9.71,1.1
HIP 65595,201.73841524,78.64379561,5.74,G2.5IIIb,11.15,-140.35,30.28
HIP 65606,201.77666572,-49.14369544,6.31,A0III/IV,3.05,-14.83,-5.57
HIP 65621,201.81114289,-40.16269074,6.4,G8/K0III,7.21,-17.68,10.74
HIP 65630,201.83608555,-49.3812845,6.27,B3IV,1.41,-3.74,-2.87
HIP 65639,201.86349201,-15.97363075,4.76,K1IIICN...,12.63,-122.13,21.61
HIP 65678,201.99886524,52.74564261,6.34,F0,10.03,-101.74,-22.29
HIP 65682,202.00784601,-26.40222506,6.49,K5III,3.0,-3.27,-4.19
HIP 65721,202.10812668,13.78018777,4.97,G5V,55.22,-234.81,-576.19
HIP 65723,202.10930095,40.72978568,6.49,G8III,7.55,12.44,-57.56
HIP 65728,202.1132421,59.94570301,5.4,A1Vn,13.79,-78.04,34.47
HIP 65754,202.1908188,50.71875065,6.42,F0IV,12.87,35.69,-74.81
HIP 65755,202.19510174,-69.6271126,6.17,B8V,4.67,-20.61,-16.29
HIP 65783,202.28326682,-64.67577724,6.09,A2m,11.33,-60.73,-7.09
HIP 65790,202.30431766,10.81839609,5.65,K0III,11.99,-60.34,-35.52
HIP 65796,202.31225262,-1.3642843,6.42,K0III,6.8,-42.01,-58.99
HIP 65810,202.35523124,-51.16511504,5.04,A0V,6.47,-1.5,-7.79
HIP 65835,202.42841193,-23.28135784,6.4,M6/M7e,1.62,-60.73,11.01
HIP 65862,202.50032849,7.17884139,6.18,K5,4.06,3.42,4.89
HIP 65892,202.60707597,-6.47029456,6.1,F2V,18.47,44.2,12.32
HIP 65936,202.76111861,-39.40727983,3.9,G8II/III,2.6,-15.65,-11.25
HIP 65951,202.81600806,42.10608614,6.07,K2III,12.38,-95.49,27.69
HIP 65969,202.88841442,-28.11274555,6.48,A1V,11.48,-77.63,2.12
HIP 66006,202.99144179,-6.25571065,4.68,M3III,7.55,-103.8,-43.4
HIP 66015,203.01194311,-18.72883645,6.01,A7IV/V,13.94,-96.54,-17.83
HIP 66019,203.02245004,-38.39875387,6.14,K1III,8.99,34.84,-37.22
HIP 66060,203.14383052,-29.56528224,6.45,F5IV,21.17,-77.97,7.92
HIP 66065,203.14984195,-28.6927144,5.69,A0/A1V,15.25,-95.64,-22.18
HIP 66086,203.20071797,24.34720981,6.11,G8III,6.94,66.5,-192.22
HIP 66091,203.21536872,-15.36301232,5.52,K1III,4.94,-77.23,0.27
HIP 66098,203.24204653,-10.16490767,5.21,K0III,12.36,-30.72,-37.96
HIP 66152,203.39966813,-65.6326223,6.36,A0V,9.35,-34.28,-27.91
HIP 66198,203.53052101,55.34844976,5.6,A0V,11.77,-18.71,-6.64
HIP 66200,203.5329387,3.65902506,4.92,A1p SrCrEu,17.79,43.89,-24.03
HIP 66223,203.59104226,38.7892093,6.37,F0IV,14.64,21.11,23.0
HIP 66234,203.61405606,49.01590606,4.68,A5V,17.12,-128.28,27.39
HIP 66236,203.62077514,-48.27214554,6.32,B8III,4.49,-27.37,-6.82
HIP 66247,203.66866043,-13.21430591,5.92,A0V,6.43,-47.98,-7.32
HIP 66249,203.673978,-0.59593821,3.38,A3V,44.55,-278.89,48.56
HIP 66251,203.67839412,76.54670829,6.46,K5III:,3.18,-25.27,0.89
HIP 66254,203.6817205,-33.31082494,6.46,K2III,3.61,-52.33,-11.97
HIP 66257,203.69894294,37.18243871,4.91,F2IV SB,22.46,84.7,-9.81
HIP 66320,203.88036281,-5.39639184,5.7,G6III,8.8,15.54,82.55
HIP 66326,203.88905155,10.2050894,6.48,K1III+...,9.9,88.28,-52.58
HIP 66385,204.16622825,49.48668434,6.48,K1III,6.52,2.28,-14.83
HIP 66400,204.20212206,-26.49523551,5.73,A7V+...,8.44,-92.7,15.43
HIP 66405,204.2107382,-34.46775455,6.48,K0III,6.28,-8.21,-34.63
HIP 66417,204.24624858,24.61330297,5.72,M2III,6.45,-25.95,-2.26
HIP 66427,204.27521642,-44.14316883,5.96,G8/K0III,8.66,-51.05,-14.27
HIP 66435,204.2960597,71.2422665,5.5,K2III,8.14,-36.28,-6.02
HIP 66438,204.30083723,-61.69157197,5.63,F6V,28.18,149.75,-116.81
HIP 66454,204.34790583,-46.42784035,5.91,B8V,8.37,-28.19,-15.97
HIP 66458,204.36540378,36.29484073,4.82,A7III,17.01,-94.78,23.63
HIP 66521,204.53178024,-58.41458137,6.41,K1III,6.9,-0.8,-26.77
HIP 66522,204.53276509,14.30196227,6.49,A9Vs,13.95,41.01,-14.98
HIP 66563,204.67552479,-29.56067984,5.81,F3V,20.42,-86.56,-77.17
HIP 66574,204.69096307,-70.44475263,6.11,K3III,7.44,-65.71,-31.61
HIP 66575,204.70401592,-57.62270235,6.0,G5Ib,2.64,-11.47,-6.09
HIP 66594,204.75963775,18.2653719,6.46,K3III,4.42,-47.37,-20.23
HIP 66607,204.80016438,-75.68377048,6.32,B8IV,3.51,-18.06,-7.27
HIP 66613,204.81218137,51.80419954,6.49,K2,2.18,-14.84,5.6
HIP 66634,204.87741499,52.92107136,5.46,A3Vn,19.27,-136.05,56.38
HIP 66640,204.89451792,10.74630126,5.57,F0V,18.68,-113.44,-13.38
HIP 66645,204.92022537,-39.74756765,6.29,M3/M4III,2.91,-14.44,-7.88
HIP 66656,204.95244077,-40.05157491,5.61,K2/K3III,6.25,-47.42,-54.98
HIP 66657,204.97196962,-53.46636269,2.29,B1III,8.68,-14.6,-12.79
HIP 66666,204.99957281,-49.95000116,5.74,M8III,6.0,-99.4,18.73
HIP 66681,205.04500863,-64.57655426,5.79,F3III-IV,14.44,-69.6,0.46
HIP 66690,205.0651163,31.01181276,6.21,G5II:,6.04,-72.8,91.93
HIP 66700,205.08932457,57.20754182,6.28,A4p SrCrEu,11.32,-50.0,26.54
HIP 66704,205.09728108,50.51927223,6.31,F7.7V,39.64,-124.73,57.86
HIP 66725,205.16301341,28.06514059,6.22,K3III,8.54,-69.82,9.89
HIP 66727,205.16874236,19.955663,5.73,A1V,10.77,-46.46,23.23
HIP 66738,205.18455213,54.68166149,4.63,M2IIIvar,5.94,-19.14,-11.37
HIP 66753,205.23406365,-85.78599228,5.56,A2m...,12.71,-87.65,-21.03
HIP 66763,205.25982195,22.49583157,5.63,G9III,10.13,-15.28,-26.28
HIP 66798,205.37423739,64.82243969,5.85,A2V,14.74,55.02,-11.71
HIP 66803,205.40346122,-8.70308218,5.03,M2III,7.13,-91.65,40.28
HIP 66821,205.43672827,-54.55936543,4.99,B8Vn+...,12.05,-43.65,-24.58
HIP 66849,205.50467442,-58.78704974,5.38,B9IV,5.04,-30.71,-11.7
HIP 66860,205.55409628,8.38860602,6.16,F3Vp,27.96,-377.86,-87.16
HIP 66878,205.59559926,82.75251097,5.92,G9III,8.96,32.67,-42.51
HIP 66892,205.62030712,41.67425191,6.3,G6III,3.46,-86.37,12.33
HIP 66903,205.66409991,78.06432575,5.91,G7III:,10.24,-64.25,45.78
HIP 66907,205.68092115,34.98899453,5.98,G5III,6.71,13.01,11.0
HIP 66923,205.72767233,-50.79019786,6.43,M0III,3.44,-8.85,-15.81
HIP 66924,205.72942795,-41.4009514,5.96,K0III,9.25,-51.69,-37.81
HIP 66925,205.73382472,-56.76795968,6.0,B0.5III,1.07,-7.42,-4.76
HIP 66936,205.76618427,3.53807968,5.35,K1III,15.01,-294.22,-72.88
HIP 66984,205.91706644,-42.06751103,5.96,B8III,2.05,-13.49,-4.31
HIP 66992,205.938055,22.70051305,6.12,K4III,4.46,49.19,-37.04
HIP 67005,205.97831455,52.06442748,6.02,A1V,9.46,-19.56,-5.79
HIP 67036,206.06678409,-51.01240595,6.44,A0p,8.88,-29.15,-19.87
HIP 67057,206.12424684,-16.17905873,5.55,G1IV/V,4.18,12.62,-5.63
HIP 67071,206.19042582,-25.50087935,6.21,K3III,4.62,-57.64,-22.17
HIP 67103,206.3045979,55.88022143,6.47,F7IV-V,29.74,104.91,-358.91
HIP 67104,206.30611605,10.32541423,6.42,K2,8.79,-54.99,-44.79
HIP 67139,206.3962214,-15.7674092,6.18,A0V,9.63,-40.99,-23.74
HIP 67143,206.40390701,-26.11598461,5.81,A0V,11.35,-71.63,-10.23
HIP 67153,206.42319432,-33.04336606,4.23,F3V,51.91,-461.85,-146.17
HIP 67172,206.48471128,-12.42654721,5.5,G8III,8.6,-19.18,8.0
HIP 67194,206.5568062,41.08884885,5.88,A5V,19.48,-113.84,-42.28
HIP 67199,206.56058716,-54.68331282,6.42,A1V,9.67,-30.74,-22.75
HIP 67210,206.57957701,38.5036561,5.92,G9III,8.08,-48.88,-12.56
HIP 67231,206.6486472,54.43269033,5.68,B9p EuCr,11.58,-19.19,-4.51
HIP 67234,206.66403516,-51.43269771,4.64,G8/K0III,12.68,10.33,-27.98
HIP 67239,206.68056228,25.70238073,5.97,F6IV-V,11.97,-18.34,-59.46
HIP 67244,206.73483886,-36.25190473,5.15,A0V,7.61,-13.28,-11.5
HIP 67246,206.73925975,6.35064241,6.33,G0V,32.66,-511.29,-109.99
HIP 67250,206.74947851,38.54274988,5.51,K0III+...,10.74,-134.18,-21.69
HIP 67261,206.79529414,-62.58970553,6.4,A7V,0.28,-5.49,-3.66
HIP 67271,206.80585036,-9.70935031,6.04,K5III,6.37,-0.29,-43.2
HIP 67275,206.81681937,17.45677436,4.5,F7V,64.12,-480.33,54.18
HIP 67288,206.85564413,-17.85976354,5.41,M2III,5.13,60.79,-31.04
HIP 67292,206.86493683,-50.24932136,5.92,A3m...,16.64,58.93,12.64
HIP 67301,206.8856088,49.31330288,1.85,B3V SB,32.39,-121.23,-15.56
HIP 67304,206.91112414,-50.32066712,5.46,K2III,7.18,-141.24,-6.28
HIP 67384,207.16141241,31.19011458,5.61,K0III,10.49,-4.49,37.76
HIP 67457,207.36146356,-34.45063035,4.19,M5III,18.39,-42.59,-59.87
HIP 67459,207.36957439,15.79780583,4.05,K5IIIvar,13.29,-93.64,40.76
HIP 67464,207.3762392,-41.68765971,3.41,B2IV,6.87,-26.01,-20.38
HIP 67472,207.40419934,-42.47368506,3.47,B2IV-Ve,6.19,-23.85,-19.22
HIP 67480,207.42841642,21.26406422,4.92,K4III,8.86,21.09,17.0
HIP 67483,207.43743518,36.63276425,6.43,A7IV-V,15.41,-79.76,24.24
HIP 67485,207.43928514,61.48954562,5.97,G3V,8.26,62.67,-95.69
HIP 67494,207.468102,-18.13407618,4.96,K0III,13.48,-99.34,-37.71
HIP 67523,207.52725777,-29.08124029,6.19,A0V,9.02,-50.03,-33.3
HIP 67537,207.58080185,-39.90083381,6.43,K1III,8.89,6.7,-8.89
HIP 67545,207.60280332,5.4972218,6.0,K0,8.09,10.42,0.71
HIP 67548,207.61569712,58.53942814,6.45,A3V,12.12,-21.3,12.18
HIP 67589,207.74749152,68.31544168,6.39,K2IV,10.52,-176.59,-58.13
HIP 67605,207.78836921,34.66453,5.89,M2III,4.82,10.0,-53.78
HIP 67620,207.83625055,-24.38977243,6.43,G5V,50.2,-580.93,-244.87
HIP 67627,207.85807331,64.72328281,4.58,M3III,8.33,1.45,-4.55
HIP 67648,207.90240126,-36.43300247,6.34,F6V,16.69,-110.63,-113.84
HIP 67663,207.94679307,-46.89863029,5.77,B2Vp,2.78,-15.69,-14.83
HIP 67664,207.94759834,-69.40124669,5.73,K5/M0III,4.0,3.94,-4.78
HIP 67665,207.94787312,34.44431774,4.76,K5III,5.4,-20.49,-31.82
HIP 67669,207.95677175,-32.99401625,4.32,B5,10.96,-35.74,-30.14
HIP 67696,208.00415628,-31.61913622,6.11,F5/F6V,18.66,-32.13,-29.24
HIP 67703,208.02041654,-52.81146355,5.26,B9Vn,8.99,-39.41,-27.33
HIP 67714,208.07662469,12.16515892,6.1,A1V,10.03,26.88,-9.71
HIP 67778,208.28517972,40.33800224,6.48,K5,2.38,-8.62,-10.37
HIP 67782,208.29317893,28.64806212,5.91,A7V,15.46,-121.46,28.52
HIP 67786,208.30228458,-31.92758624,4.75,B4IV,4.87,-13.53,-10.74
HIP 67787,208.30396336,17.93285548,5.71,G5III,4.77,-33.54,5.25
HIP 67819,208.3867508,-35.66419416,5.53,F3V,19.97,-82.39,-22.28
HIP 67836,208.4296268,-53.37328052,5.87,B5III,2.71,-15.97,-17.43
HIP 67848,208.46267613,53.7286921,5.7,A0V,7.35,-28.6,-6.22
HIP 67851,208.4678019,-35.31419181,6.17,K0III,15.53,-295.3,-69.78
HIP 67861,208.48852887,-47.12815361,5.83,B2IIIe,0.0,-7.89,-4.3
HIP 67890,208.56979864,-28.56942861,6.05,K2III,15.8,-168.9,-66.42
HIP 67927,208.6713175,18.39858742,2.68,G0IV,88.17,-60.95,-358.1
HIP 67929,208.67581845,-1.50307142,5.16,K2III,12.84,-85.06,-21.93
HIP 67942,208.70473728,-67.6520644,5.74,K2III,2.57,-16.82,-14.59
HIP 67953,208.74293617,-8.05876407,6.19,F8V+...,29.57,-174.33,-36.18
HIP 67973,208.80070669,-52.16076937,5.66,B8V,9.54,-29.45,-21.61
HIP 68002,208.88514539,-47.28826634,2.55,B2.5IV,8.48,-57.14,-44.75
HIP 68009,208.91245413,-82.66613365,5.95,K2/K3III:p,3.74,-25.06,-23.27
HIP 68030,208.9590356,14.05648068,6.16,F6V,41.28,-291.04,9.2
HIP 68065,209.04392096,32.03248107,6.31,F4IV-V,13.81,-118.69,48.32
HIP 68079,209.08288902,-46.59272882,5.82,K0IV,11.48,-138.6,-90.31
HIP 68080,209.0833012,-54.13237319,6.14,A1V,7.0,-26.6,-19.16
HIP 68092,209.11622242,1.05054828,5.9,A8V,9.66,-28.09,13.65
HIP 68101,209.1374403,-54.70411568,6.0,G8V,26.24,-41.31,-225.92
HIP 68103,209.14234407,27.49219844,5.02,K3IIIvar,5.03,28.19,-47.76
HIP 68177,209.3656151,-23.02265213,6.14,K2/K3III,5.47,-35.04,9.14
HIP 68184,209.38373744,61.4923353,6.49,K3V,98.97,-32.32,216.48
HIP 68191,209.41223681,-63.68661603,4.71,K4III,15.61,-40.45,-32.83
HIP 68224,209.49523972,-25.99808989,6.42,K1III,5.63,27.54,4.45
HIP 68245,209.56785278,-42.10070526,3.83,B2IV,7.01,-23.68,-19.82
HIP 68269,209.62990869,-24.97217754,5.2,B8V,9.61,-49.92,-29.29
HIP 68270,209.63034736,-65.80057278,6.2,K0III,6.18,-30.53,-37.88
HIP 68276,209.66220328,21.69632104,5.76,A0Vs,6.79,-9.52,-42.08
HIP 68279,209.66643809,14.64941736,6.01,K5III,6.14,-62.85,-58.63
HIP 68282,209.6698807,-44.8035314,3.87,B2IV-V,7.81,-27.97,-21.69
HIP 68333,209.82273625,-50.36960607,5.92,G8/K0III,9.72,28.47,-16.71
HIP 68380,209.95540345,-3.54965113,6.36,F8V,12.89,-29.68,-56.3
HIP 68390,210.00102545,-25.01017978,5.77,F6V,17.43,-194.14,-91.78
HIP 68413,210.07279016,-61.48094266,6.49,F1III-IV,15.34,-64.45,-35.22
HIP 68431,210.13689131,-78.58995932,6.09,B9III,4.48,-14.19,-9.03
HIP 68455,210.21922701,-66.26885149,5.96,F0V,13.01,-116.1,-24.2
HIP 68478,210.29388659,27.38654762,6.23,A7III,9.59,-79.26,18.99
HIP 68493,210.32950276,-40.22194466,6.12,K1III,4.05,-28.71,0.59
HIP 68498,210.33504074,8.89490924,5.98,A2V,11.33,32.96,-1.19
HIP 68516,210.40349366,17.66859315,6.36,G5,0.54,-45.85,-83.14
HIP 68520,210.41159648,1.54458338,4.23,A3V,14.94,17.41,-21.2
HIP 68523,210.43121648,-45.60336989,4.34,F6II,7.28,3.89,-20.94
HIP 68537,210.46126995,68.67868547,6.34,K5,5.51,-33.68,-4.45
HIP 68567,210.55068753,45.75364748,6.28,K2III,5.99,28.71,-78.23
HIP 68581,210.59501153,-27.42976294,5.47,K2/K3III,7.51,-32.38,-4.12
HIP 68594,210.63315739,9.68626604,6.18,F8IV,3.76,-188.93,-70.1
HIP 68637,210.74906428,50.97182541,6.16,A2V,10.4,-18.17,-6.65
HIP 68641,210.7571098,-31.68419597,6.18,F6V,26.13,24.53,66.02
HIP 68643,210.7674245,-17.36698952,6.32,K2/K3III,6.74,-185.83,-9.47
HIP 68670,210.86072926,-56.21338128,5.93,K2III,6.15,-66.41,-21.61
HIP 68673,210.86455937,-41.42330453,6.08,B8 Si,5.91,-33.79,-16.51
HIP 68682,210.88458683,10.78751797,6.27,G8V,60.24,85.26,-304.04
HIP 68687,210.90328677,7.54621276,6.25,G9III,7.54,-38.49,-17.43
HIP 68702,210.95601898,-60.3729784,0.61,B1III,6.21,-33.96,-25.06
HIP 68705,210.97123833,-22.4216164,6.3,F3IV,12.93,-12.13,5.87
HIP 68707,210.98234323,4.90097991,6.24,F4V,15.91,-9.97,-2.75
HIP 68739,211.06070549,-5.38138548,6.39,K0,11.06,-16.35,-12.66
HIP 68756,211.09760837,64.37580873,3.67,A0III SB,10.56,-56.52,17.19
HIP 68763,211.11250791,-14.97165584,6.35,K1III+...,6.9,-35.28,-21.42
HIP 68776,211.15604081,2.29752929,6.28,K0,8.19,-38.82,0.9
HIP 68815,211.33375541,-76.79667632,5.69,M6.5III,9.93,-87.41,-31.23
HIP 68842,211.44387814,-54.66930165,6.2,A5III/IV,7.67,-52.97,-25.03
HIP 68862,211.5116084,-41.17958035,4.36,B2V,7.31,-24.42,-21.63
HIP 68872,211.5454662,-43.09161929,6.18,G8III,5.81,-6.7,-34.15
HIP 68895,211.59278733,-26.68201883,3.25,K2III,32.17,43.05,-140.82
HIP 68902,211.60483587,-59.7159025,6.39,B0Ia,-0.05,-3.26,-1.17
HIP 68933,211.67218608,-36.36869575,2.06,K0IIIb,53.52,-519.29,-517.87
HIP 68940,211.67877719,-9.31352509,5.46,F2IV,18.22,-140.62,4.05
HIP 68956,211.73534316,74.59375041,6.43,A7V,7.45,-53.19,12.74
HIP 69011,211.92015867,-48.70395858,6.43,B9V,9.89,-35.53,-27.73
HIP 69012,211.92316233,-49.86786612,6.45,G3V,24.74,-37.28,106.39
HIP 69038,211.98227724,43.8545248,5.13,M4.2III,7.01,11.73,-29.76
HIP 69065,212.05947093,-63.20803604,6.39,G8/K0III,8.48,19.17,35.26
HIP 69068,212.07231683,49.4580206,5.26,M2III,5.86,-59.54,60.28
HIP 69090,212.11544595,-74.85072342,6.02,G1V,34.87,-242.32,180.31
HIP 69107,212.19244711,59.33769923,6.47,K0III,7.44,-123.18,-20.76
HIP 69112,212.21253759,77.54743312,4.8,K3III,6.52,-30.36,33.39
HIP 69113,212.2162596,-43.47073642,6.19,B9V,4.57,-19.25,-17.44
HIP 69122,212.23444395,-59.27667031,6.34,B5IV,3.05,-12.51,-17.04
HIP 69127,212.25248994,-10.3345991,6.45,G8III,5.88,-6.24,21.73
HIP 69174,212.39609336,-51.50464539,5.96,B9IV,5.95,-32.69,-10.97
HIP 69191,212.47898599,-53.43872584,4.74,G8III,17.93,-144.17,-90.54
HIP 69226,212.59978522,25.09182293,4.82,F9IVw,27.27,-23.02,-60.07
HIP 69241,212.62879682,-70.30545037,6.07,K4II,-0.27,-5.89,-5.84
HIP 69269,212.71034788,-16.30200362,4.93,M1III,6.02,3.82,-10.87
HIP 69298,212.75805146,-69.71926784,6.07,A6IV,13.6,-31.27,-20.52
HIP 69316,212.81306894,32.29579911,6.14,K4III,8.51,-22.19,38.38
HIP 69340,212.88032541,1.36232319,6.42,F7V,21.78,-128.36,31.08
HIP 69373,213.01688963,69.43266873,5.18,M2III,7.32,-26.12,-49.53
HIP 69389,213.06596003,2.40949613,4.99,B9p Si,12.45,-44.67,-26.1
HIP 69398,213.10230839,-24.36333964,6.35,K2III,6.74,19.9,-5.22
HIP 69415,213.19180466,-27.26110002,5.07,K2III,14.22,-13.44,-35.52
HIP 69427,213.22392088,-10.274044,4.18,K3III,14.59,8.04,140.79
HIP 69458,213.30519927,-26.61226602,6.23,K0III,4.6,13.08,-17.86
HIP 69462,213.31841949,-53.66565135,5.53,K5III+...,1.25,-12.66,-9.52
HIP 69483,213.37062458,51.78999066,4.53,A8IV,21.03,61.39,-10.57
HIP 69491,213.41601305,-54.62560013,6.09,B5V,2.96,-18.03,-11.15
HIP 69493,213.41945412,-0.84512445,5.89,F7Vw,17.94,207.42,-139.09
HIP 69536,213.52221581,12.95957667,5.53,F6IV,30.06,-254.02,-54.6
HIP 69564,213.58953291,-5.94792042,6.36,F9V,24.09,-306.24,83.58
HIP 69569,213.59818899,41.51901546,6.23,K3III:,22.4,-22.87,-106.25
HIP 69585,213.6485965,13.97525489,6.45,K2,6.49,-94.5,80.58
HIP 69592,213.67057143,21.87340987,6.38,A7V,16.95,41.12,-7.18
HIP 69598,213.67817566,-41.83744813,5.61,G8III,7.26,-129.08,-19.27
HIP 69612,213.71192715,10.1010097,5.29,K1III,12.79,-22.5,-164.31
HIP 69614,213.72103315,3.33593802,6.41,M4III,4.01,-49.98,-24.78
HIP 69618,213.73818295,-57.08607539,5.03,B4Vne,6.71,-23.97,-20.97
HIP 69623,213.75532477,-29.28186854,6.1,A1V,4.69,-37.72,-14.42
HIP 69655,213.83886209,-53.50992981,6.4,K3III,3.33,-18.38,-4.44
HIP 69658,213.85047098,-18.20066197,5.53,A0V,12.49,-45.46,-11.45
HIP 69671,213.9107487,-45.00042116,6.31,F9V,47.51,127.52,-137.6
Arcturus (α Boo),213.91811403,19.18726997,-0.05,K2IIIp,88.85,-1093.45,-1999.4
HIP 69701,214.00368717,-5.99952622,4.07,F7V,46.74,-25.84,-419.84
HIP 69713,214.04195627,51.36701398,4.75,A9V,33.54,-149.98,89.42
HIP 69727,214.08919485,-6.62151816,6.44,A9III,19.19,-42.65,-10.49
HIP 69732,214.09656821,46.08791894,4.18,A0sh,33.58,-187.42,159.01
HIP 69735,214.10158657,39.74469367,6.38,F2IV,20.72,-140.37,6.97
HIP 69747,214.12574343,-3.19622588,6.15,A1V,6.02,-22.4,-32.55
HIP 69751,214.13719831,20.12207637,6.25,F8V,30.99,-135.94,-93.79
HIP 69763,214.16135836,-66.58788092,5.72,B1.5III,1.42,-7.14,-5.24
HIP 69773,214.20310518,-8.88443797,6.47,K0,6.13,-16.93,-14.35
HIP 69778,214.22985498,-77.6642146,6.48,K2IIp,1.38,-5.86,-2.87
HIP 69792,214.26580256,-18.58568095,6.22,K0III,8.53,-5.27,-7.68
HIP 69818,214.33817309,51.30739213,6.19,A2IV,9.84,-23.6,-8.04
HIP 69829,214.3685109,15.26336094,5.84,M3III,3.22,15.33,7.73
HIP 69862,214.45504117,48.00209628,6.32,F5,14.1,-12.33,-38.1
HIP 69879,214.49923373,35.50947085,4.8,K1III,14.63,4.92,14.18
HIP 69881,214.50237262,-7.54181672,6.47,F9V,30.47,267.04,-234.99
HIP 69896,214.55821047,-81.00760147,4.89,A2m...,23.36,-19.95,-65.39
HIP 69929,214.65956766,-18.71588164,5.86,Ap Si(Cr),11.08,-65.6,-35.37
HIP 69958,214.73303042,54.86377384,6.47,A5Vn,9.75,-18.71,-8.56
HIP 69965,214.75469177,-25.81631724,5.87,F7Vw,56.23,-356.39,366.76
HIP 69974,214.77750771,-13.37116634,4.52,A1V,17.47,-17.12,29.39
HIP 69977,214.77988682,-27.14115459,6.35,K5III,3.91,-23.12,3.03
HIP 69989,214.81757038,13.00437724,5.41,F5IV,38.33,105.91,-32.22
HIP 69995,214.84964562,-37.00280675,5.93,A1V,14.6,-48.77,-41.11
HIP 69996,214.85096972,-46.05808391,3.55,B2.5IV,9.27,-12.81,-3.79
HIP 70012,214.88562263,-2.26534352,5.14,G9III,11.9,-119.29,-71.87
HIP 70022,214.92071957,0.38436366,6.18,A7V,14.29,-37.38,-12.41
HIP 70027,214.93883677,16.30680118,4.84,K3III,17.12,-140.91,60.31
HIP 70029,214.94882573,38.79407655,6.33,A2V,7.3,26.72,-10.18
HIP 70035,214.96543244,-61.27275714,5.22,Am,20.69,-165.01,-88.32
HIP 70038,214.971891,-6.74610982,6.42,G5,10.82,-90.74,-23.53
HIP 70051,215.03613336,30.42914436,6.45,A5III,11.52,-9.34,-6.68
HIP 70054,215.04045606,-43.05886202,5.55,G8III,8.49,-8.95,7.66
HIP 70069,215.08146975,-56.38647906,4.3,B6Ib,2.75,-9.29,-7.57
HIP 70090,215.13949709,-37.88526711,4.05,A0IV,13.19,-64.5,-11.39
HIP 70104,215.17729569,-45.1868814,4.78,F0IV,21.95,37.17,-73.61
HIP 70243,215.58223947,-34.78679152,5.57,B8V,2.65,-26.28,-0.33
HIP 70248,215.5966542,-80.108911,5.06,B4V,5.92,-10.89,-14.13
HIP 70264,215.65467485,-58.45915834,4.76,G8/K1 + F/G,11.56,-47.03,17.03
HIP 70270,215.66133262,-48.31984596,6.1,B1III,1.35,-6.27,-4.42
HIP 70300,215.75940538,-39.51176599,4.41,B2V,7.79,-24.32,-21.81
HIP 70306,215.77461567,-27.75373395,4.78,K3III,18.67,-201.57,-116.63
HIP 70310,215.77884593,25.33801798,6.22,F5V,28.0,-156.53,63.8
HIP 70319,215.81314273,1.2427295,6.25,G1V,56.82,223.66,-477.48
HIP 70320,215.81399394,-47.41695068,6.41,G5Ib,1.01,-6.24,-3.85
HIP 70325,215.83443353,-50.7722343,6.03,K2III,4.06,-11.72,-7.18
HIP 70327,215.84475026,8.44664037,4.86,A0V,15.17,-75.28,-9.56
HIP 70336,215.85679335,-11.71390001,6.22,G7III,9.87,-7.19,-58.66
HIP 70363,215.95265857,-53.17620992,5.99,K1III,9.36,-58.08,-9.46
HIP 70384,216.00366765,8.24400431,5.94,A3V,8.49,-6.18,-14.32
HIP 70385,216.00826487,27.41318794,6.39,K4III,2.21,-3.89,-4.43
HIP 70400,216.04745973,5.82011481,5.1,A5V,21.56,-77.91,6.49
HIP 70414,216.07641274,8.08484609,6.19,K4III,8.97,-120.07,-103.31
HIP 70418,216.0924058,-82.84822332,6.42,B8V,3.7,-22.64,-10.97
HIP 70451,216.17017995,-44.31103431,6.43,K0/K1III,6.6,-37.34,-41.03
HIP 70452,216.17040452,-11.66964736,6.49,F4III,11.13,-75.18,-22.86
HIP 70469,216.20275252,-24.80626639,5.34,K0III,8.16,-53.4,-18.14
HIP 70492,216.27641298,-68.19532385,5.56,A3Ib,0.93,-7.96,-3.8
HIP 70497,216.30008064,51.85171354,4.04,F7V,68.63,-236.06,-399.07
HIP 70501,216.32345098,-13.35317029,6.49,K2III,6.27,-58.49,3.02
HIP 70517,216.37144931,38.39310009,6.28,K2III:,5.22,5.95,-19.27
HIP 70528,216.41583852,-66.17288297,6.36,A1V,7.79,-41.85,-15.98
HIP 70538,216.44905121,-26.85210525,6.48,K0III,12.99,-4.7,-56.07
HIP 70574,216.53431272,-45.22138996,4.56,B2IV,3.15,-13.51,-14.02
HIP 70576,216.54500648,-45.37926095,4.33,A7:+...,10.38,13.55,-6.35
HIP 70580,216.55638492,-42.31847181,6.33,K3III,10.38,-111.88,-51.47
HIP 70602,216.61420112,19.2268349,5.4,F0m,11.38,-71.0,26.7
HIP 70626,216.70787098,-39.87393329,6.36,B9V,7.12,-19.65,-22.79
HIP 70638,216.73225313,-83.66785308,4.31,K2III,11.7,-95.79,-12.91
HIP 70657,216.77963835,-65.82161161,5.87,K3III,3.54,-18.48,-14.36
HIP 70663,216.80124777,-46.1340642,5.83,Am,17.16,-152.52,-78.14
HIP 70680,216.85176863,-6.1201914,6.18,A2IV,13.83,-62.15,-57.84
HIP 70692,216.88134383,75.69593921,4.25,K4III,9.46,8.71,22.09
HIP 70753,217.04351389,-29.49157976,4.97,B7/B8V,7.85,-24.87,-23.81
HIP 70755,217.05091806,-2.22795009,4.81,G2III,24.15,-140.94,-2.92
HIP 70762,217.06856594,36.19701883,6.22,K0III,3.48,-21.72,3.7
HIP 70791,217.15870008,49.84496418,5.58,G3IV,10.59,-304.53,-46.36
HIP 70794,217.1738779,-6.90041401,5.42,K5III,6.81,-14.02,-50.3
HIP 70798,217.18126718,-59.19752972,6.46,A0II/III,-0.23,-6.58,-7.72
HIP 70809,217.21636257,-47.99203907,6.4,Ap...,6.64,-22.53,-19.2
HIP 70873,217.40284392,41.79644804,6.36,G5V,42.43,161.06,-220.92
HIP 70874,217.40447558,-76.72901396,6.06,K0/K1III,6.25,-27.54,-28.27
HIP 70892,217.45701807,31.7911712,6.06,A0Vs,9.35,-19.8,7.01
HIP 70894,217.46045655,0.82891135,5.96,A5IV,13.1,15.7,7.26
HIP 70915,217.53608389,-45.32128792,5.51,B8Vn,6.84,-37.72,-27.81
HIP 70931,217.58746947,-49.51892657,5.38,A1V,14.66,-50.66,-37.65
HIP 70949,217.68911903,4.77231676,6.01,K4III,3.02,1.14,-12.7
HIP 70952,217.6929151,63.18576376,6.1,F4IV,31.51,-177.43,9.85
HIP 70966,217.73594786,-40.84511153,6.39,K3III,3.11,-13.1,-4.16
HIP 70987,217.79515011,-38.86977705,5.99,K1III,9.43,5.5,28.23
HIP 71002,217.81827528,-67.71705401,5.84,K1III,11.88,36.16,-58.8
HIP 71040,217.92861754,60.22558784,6.26,F0III,7.83,-48.41,19.68
HIP 71053,217.95774098,30.37114497,3.57,K3III,21.92,-100.44,120.22
HIP 71075,218.01982421,38.30788348,3.04,A7IIIvar,38.29,-115.55,151.87
HIP 71094,218.08446559,26.67734238,6.0,A7Vn,14.03,-69.92,-23.82
HIP 71111,218.12887396,55.3980457,5.74,K5III,5.33,5.68,-14.75
HIP 71115,218.13592482,22.25996072,5.91,F2IV,19.44,-126.48,40.38
HIP 71121,218.15451447,-50.45712132,4.44,B2III,5.68,-29.55,-14.85
HIP 71154,218.29009826,-30.71497213,6.07,K0III,7.92,40.41,-39.68
HIP 71168,218.33444972,36.95920251,6.39,F8IVw,13.67,2.84,-73.78
HIP 71182,218.37487581,-52.67948076,5.86,K0III,9.56,-2.78,-17.07
HIP 71184,218.38529489,-54.9986156,5.86,F6IV-V,11.42,-93.43,-4.98
HIP 71196,218.41091198,79.66022308,6.27,K3III,7.07,-100.01,83.97
HIP 71243,218.54847412,32.53446287,6.32,F5V,23.72,106.09,5.69
HIP 71251,218.56542001,57.06582344,6.46,F7V,34.46,217.21,-232.47
HIP 71277,218.6604912,36.62617707,6.02,K5III,5.74,-24.54,-46.6
HIP 71280,218.6652567,49.36823171,5.74,M1III,4.17,-45.83,50.41
HIP 71284,218.66954381,29.74480735,4.47,F3Vwvar,64.66,188.32,132.72
HIP 71295,218.71132791,-20.4393776,6.49,A3V,5.32,16.64,-1.46
HIP 71333,218.82114888,-60.01557865,6.39,K2III,5.35,-27.15,-26.76
HIP 71352,218.87688163,-42.15774562,2.33,B1Vn + A,10.57,-35.31,-32.44
HIP 71353,218.88124123,-41.51738017,5.88,B6V,9.1,-21.56,-23.19
HIP 71406,219.02866131,23.25029315,6.39,K0,8.65,-9.53,27.21
HIP 71419,219.0794033,-46.2454913,5.55,K3III,5.12,-31.17,16.46
HIP 71429,219.10058028,-39.59734913,6.13,K1III,8.15,-47.69,-23.94
HIP 71453,219.18396076,-40.21152639,5.74,B8V,7.78,-22.67,-22.05
HIP 71469,219.25123338,-12.30623565,6.2,F5V,29.97,-870.88,364.89
HIP 71494,219.30178173,-53.06074908,6.49,K2/K3III,4.59,-10.75,-15.9
HIP 71500,219.33402084,-46.13341306,5.39,K0III,2.44,-14.24,-10.7
HIP 71510,219.36870503,2.27741561,6.45,F8,11.16,-36.69,-73.18
HIP 71530,219.44498594,-67.93132799,6.03,F7V,35.5,-348.26,-281.37
HIP 71536,219.47187965,-49.42575765,4.05,B5V,10.51,-27.78,-29.05
HIP 71568,219.55279962,43.64205288,5.74,K2III,2.85,-102.95,31.79
HIP 71571,219.55835502,18.29853624,5.9,K2III:,8.88,-29.1,-64.51
HIP 71573,219.56335468,54.02338576,5.83,A1V,7.61,17.54,-19.04
HIP 71581,219.58056742,-38.79413357,6.04,K3III,5.2,42.25,-20.85
HIP 71618,219.70950726,44.40454503,5.39,A1V,16.56,-68.43,-18.43
HIP 71639,219.79589411,-46.58395597,6.06,F7V,27.76,-198.09,-215.82
HIP 71658,219.85267655,-49.05501516,6.37,F3IV,17.91,-189.07,-125.21
HIP 71681,219.91412833,-60.83947139,1.35,K1V,742.12,-3600.35,952.11
Alpha Centauri A (α Cen),219.92041034,-60.83514707,-0.01,G2V,742.12,-3678.19,481.84
HIP 71729,220.09118199,21.97576982,6.13,G0V,9.47,-14.61,40.4
HIP 71746,220.1365547,-56.44074033,6.3,K0/K1II,3.24,-12.66,-8.41
HIP 71759,220.17650164,13.53436103,5.93,F0V,18.83,53.76,-14.71
HIP 71762,220.18150404,16.4183013,4.49,B9p MnHg,10.28,9.64,9.46
HIP 71783,220.25588965,-36.1348433,5.67,Ap Si,5.54,-31.58,-6.17
HIP 71795,220.28716819,13.72833113,3.78,A3IVn,18.07,52.36,-12.71
HIP 71832,220.4114855,8.16175611,4.86,G8IIIvar,5.66,-10.21,3.25
HIP 71837,220.43173137,11.66093526,5.55,G8III,8.46,-159.52,-112.25
HIP 71853,220.46353219,-30.93311972,6.38,Asp...,3.02,-14.89,-15.03
HIP 71857,220.47600319,21.12368832,6.4,G8III,6.86,-11.09,-56.32
HIP 71860,220.48239101,-47.38814127,2.3,B1.5III,5.95,-21.15,-24.22
HIP 71861,220.48305391,-58.61573462,6.21,F4V,22.58,41.91,-39.05
HIP 71865,220.49005323,-37.79342394,4.01,B2.5V,10.69,-29.56,-30.68
HIP 71870,220.49900623,-77.0114221,6.34,B9III,5.51,-21.07,-12.15
HIP 71876,220.51315491,61.26198751,6.24,F2V,23.47,75.99,-29.54
HIP 71908,220.62785433,-64.97456957,3.18,F1Vp,60.97,-192.64,-234.07
HIP 71957,220.76484284,-5.6574291,3.87,F2III,53.54,104.23,-319.9
HIP 71974,220.80652349,-24.99773099,5.7,B9.5V,7.97,-21.77,-9.12
HIP 71995,220.85571623,26.52789077,4.8,M3III,3.67,-13.29,-16.68
HIP 72000,220.86727519,-62.96665949,6.39,B3V:,2.68,-4.43,-4.78
HIP 72010,220.91451458,-35.17322549,4.06,K3III,15.89,-60.93,-176.82
HIP 72012,220.93518566,40.45920338,5.72,K4III,4.11,-13.4,20.79
HIP 72097,221.23154053,-58.47738938,6.1,K0III,8.91,-85.63,-42.23
HIP 72104,221.24664628,-35.19182069,4.92,A0V,15.76,10.04,-2.03
HIP 72105,221.24687869,27.07417383,2.35,A0,15.55,-50.65,20.0
HIP 72121,221.29569214,-55.60162158,6.1,B2III,1.89,-6.47,-7.72
HIP 72122,221.29891743,-1.41752729,6.06,M1III,6.38,-56.73,-0.71
HIP 72124,221.30700457,32.78851016,6.27,M1III,3.34,44.78,-67.68
HIP 72125,221.31040511,16.96440296,4.6,K0III,14.48,-60.87,-50.69
HIP 72131,221.32186138,-62.87545275,5.36,A7Vn,21.75,70.24,-80.34
HIP 72135,221.32852492,-51.31489117,6.44,K4III,2.92,-20.48,-14.87
HIP 72139,221.33573087,18.88490995,6.15,K0,6.59,9.27,18.77
HIP 72154,221.37595224,0.71729003,5.68,B9.5V,5.31,-39.85,-7.92
HIP 72194,221.49074975,-15.45954466,6.33,K2III,2.94,-39.54,1.62
HIP 72197,221.50074084,-25.44291557,5.15,F0V + G/K,32.86,-151.5,-109.07
HIP 72208,221.52498866,15.13174102,5.78,M5III,3.59,-85.07,19.27
HIP 72210,221.52813497,-23.15286204,5.8,K0III,8.91,25.85,-64.04
HIP 72217,221.54548169,-21.17571461,6.43,G2V,23.64,-56.02,-103.63
HIP 72220,221.56246594,1.8929383,3.73,A0V,25.35,-116.04,-21.75
HIP 72250,221.62094963,-47.44107999,5.74,A1V,9.59,-39.79,-14.74
HIP 72290,221.75546088,-52.38331777,5.22,G6III,12.58,-17.93,-82.32
HIP 72296,221.77107748,-38.29043787,5.9,K3III,5.88,52.75,-82.59
HIP 72308,221.8024686,-52.20524925,6.07,A1III/IV,1.35,-6.64,-2.93
HIP 72310,221.80690878,-21.32487794,6.05,K4/K5III,1.75,-13.9,2.82
HIP 72323,221.84399993,-25.62423321,5.61,B9IV/V,5.32,-7.84,-13.85
HIP 72338,221.88377435,-43.55677516,6.3,K1III,5.35,-12.74,-12.62
HIP 72357,221.9365883,-26.0874799,5.23,G8/K0III,9.84,36.88,-8.4
HIP 72370,221.96552567,-79.04471242,3.83,K5III,7.93,-5.67,-15.75
HIP 72373,221.9788395,-12.8397816,6.34,K0III,9.04,49.05,-92.64
HIP 72378,221.98985195,-26.64613329,5.76,B9.5V,7.51,-10.65,-8.83
HIP 72412,222.09753868,24.36673685,6.15,F2V,12.36,-101.06,57.29
HIP 72432,222.15857155,-36.63458507,5.89,M5III,7.26,-12.94,-46.04
HIP 72438,222.18567167,-66.59353612,5.91,B2.5V,2.85,-7.49,-11.14
HIP 72449,222.22541473,-0.84769586,6.15,B9Vsvar...,9.24,-8.5,16.88
HIP 72469,222.27887478,37.81091287,6.15,F2V,24.39,-253.0,109.62
HIP 72471,222.27987082,-56.66753864,6.21,K3III,10.45,-105.75,-119.53
HIP 72487,222.32781437,46.11639336,5.76,F7IVw,21.34,-7.35,-77.32
HIP 72488,222.32815984,-24.25146951,5.68,K3III+...,2.93,-20.69,-0.43
HIP 72489,222.32954567,-14.14898587,5.32,Ap,13.86,-65.89,-14.79
HIP 72508,222.38486434,51.37449776,6.49,F5IV,19.41,15.19,2.19
HIP 72524,222.42233956,48.72056284,5.68,F6V+...,14.22,-76.93,99.13
HIP 72552,222.49327659,28.61583341,5.8,A4V,11.06,18.8,-0.72
HIP 72567,222.56549508,23.91176538,5.86,G2V,55.73,144.73,32.42
HIP 72571,222.5727779,-27.96021925,4.42,K3III,10.68,-237.37,-62.37
HIP 72573,222.58178099,82.51248701,5.63,F9V,23.08,177.66,-223.33
HIP 72582,222.62417599,37.27181511,5.47,K0III-IV,16.31,-212.26,95.24
HIP 72603,222.67193219,-15.99709226,5.15,F3V,42.26,-135.93,-59.47
Hadar (β Cen),222.67664751,74.15547596,2.07,K4IIIvar,25.79,-32.29,11.91
HIP 72622,222.71990536,-16.04161047,2.75,A3IV,42.25,-105.69,-69.0
HIP 72629,222.75047349,-0.25750738,6.18,K3III,7.18,-32.08,6.89
HIP 72631,222.75425052,-2.29884995,4.93,G8...,15.09,87.63,-123.64
HIP 72659,222.84701756,19.10063329,4.54,G8V + K4V,149.26,152.81,-71.28
HIP 72664,222.86072795,59.29365246,5.48,K4III,7.38,-120.89,136.99
HIP 72670,222.8753033,-77.17594571,6.44,Ap...,3.63,-14.27,-9.99
HIP 72683,222.9096805,-43.57529383,4.32,B5IV,8.0,-24.79,-26.8
HIP 72702,222.963808,-18.35532204,6.27,K0II/III,3.57,-13.17,-1.2
HIP 72772,223.13886782,-30.57715291,6.3,G0/G1V,24.99,-336.2,-41.34
HIP 72773,223.14695946,-63.80981741,5.91,F8II + A/F,3.22,-10.05,-4.11
HIP 72800,223.21287023,-37.80311642,5.02,B7II/III,8.49,-20.6,-17.96
HIP 72833,223.30640336,-73.19015457,5.59,G5III,10.19,18.33,34.31
HIP 72846,223.34734286,15.70511093,6.41,F6III,20.4,-23.6,23.11
HIP 72848,223.35016578,19.15227142,6.0,K2V,86.69,-442.75,216.84
HIP 72929,223.583901,-24.64213517,5.27,K2/K3III,8.48,-11.02,-27.51
HIP 72934,223.59544161,-11.89833043,5.78,G7III,8.94,-55.68,-7.09
HIP 72959,223.6580027,-33.30056091,5.85,K2III,4.07,-8.58,-5.75
HIP 72965,223.67746133,-65.99106556,6.09,B3Vn,2.66,-6.38,-12.23
HIP 72983,223.72521374,-69.86092469,6.38,B5V,3.52,-9.48,-13.0
HIP 73036,223.89461516,-60.11389133,5.18,K1III,18.87,-125.69,-112.25
HIP 73049,223.93622772,-33.85578004,5.32,A0V,13.2,19.18,-2.03
HIP 73068,223.99429053,32.3000706,6.12,A2V,10.41,-53.33,-3.23
HIP 73087,224.0551584,14.44626586,5.9,A0V,5.96,-12.78,-0.08
HIP 73095,224.07177099,-52.80956707,5.38,A2III,15.08,27.59,7.9
HIP 73100,224.09558479,49.62899937,5.63,F7V,40.25,110.79,-226.45
HIP 73107,224.12862034,-32.63670976,6.06,K3III,5.92,-3.44,-30.61
HIP 73111,224.13366538,-47.87914321,5.62,B+...,5.21,-29.91,-22.46
HIP 73116,224.14907283,-39.41597172,6.36,A0/A1V,8.3,-38.85,-21.22
HIP 73118,224.15978648,-62.36440739,6.39,B5V,3.22,-9.11,-4.09
HIP 73129,224.18334308,-62.78098762,5.08,B4Vnp,3.91,-12.41,-11.78
HIP 73133,224.19211288,-11.4097279,5.48,K4III,6.06,7.93,11.21
HIP 73165,224.29606996,-4.34608634,4.47,F0V,35.83,-97.83,-154.56
HIP 73166,224.29866769,16.38813986,5.72,G5III:,5.28,-4.08,-4.98
HIP 73171,224.3071673,-29.15760702,6.28,B8/B9V,5.85,-17.32,-29.41
HIP 73184,224.36396501,-21.4112809,5.72,K4V,169.32,1034.18,-1725.6
HIP 73193,224.38840115,-0.16754803,5.51,K1III,11.06,59.91,-26.2
HIP 73199,224.39632979,65.93238126,4.63,M5III,8.2,-78.26,32.48
HIP 73223,224.47148916,-76.66261622,5.37,K4III,7.62,-68.58,-16.14
HIP 73241,224.53672527,-48.8621921,6.34,G5V,40.79,-15.47,-337.07
HIP 73273,224.63314193,-43.13386699,2.68,B2III,6.23,-34.06,-38.3
HIP 73279,224.65244058,-39.90697956,6.17,K1III,8.92,-75.62,-79.33
HIP 73284,224.66369181,-27.65729301,5.65,A6IV,9.32,-47.62,-8.6
HIP 73309,224.72080247,-4.98899499,6.08,F8V,28.67,-358.55,-107.53
HIP 73310,224.72351684,-11.14386422,5.88,K3III-IV,10.32,-106.68,-61.53
HIP 73334,224.79041254,-42.10414199,3.13,B2IV,6.05,-17.76,-21.33
HIP 73341,224.80807905,-37.88118275,6.45,B8V,5.21,-18.36,-21.27
HIP 73350,224.84631129,4.56777277,5.91,M1III,4.5,1.17,-4.75
HIP 73354,224.8633418,-43.15981215,6.1,F5III,1.81,-9.78,-8.49
HIP 73369,224.90404577,39.26523166,5.64,F1III-IV,19.83,-31.53,41.85
HIP 73394,224.9823844,-75.03261964,6.2,B9V,6.16,-5.57,-20.32
HIP 73415,225.04724166,-77.16052523,5.92,G8II,3.72,-13.33,-10.26
HIP 73454,225.1613561,47.27740376,6.35,B9p SiSrCr,6.84,-8.22,15.49
HIP 73464,225.21783189,22.04557338,6.29,K0,3.19,-4.5,6.27
HIP 73473,225.24328191,-8.51893488,4.91,B9.5V,10.72,-66.2,-3.4
HIP 73493,225.30447474,-38.05831465,5.88,K2/K3III,8.43,30.42,-34.37
HIP 73497,225.33254143,-2.75487208,5.52,M0III,5.78,28.68,-22.4
HIP 73507,225.36295558,60.20442421,5.91,A4V,9.98,-13.04,11.94
HIP 73536,225.45381414,-0.14025867,5.71,M2III,3.19,6.45,-15.03
HIP 73540,225.46126796,-83.22777573,5.65,G8/K0III,8.39,18.65,53.3
HIP 73555,225.48663804,40.39063671,3.49,G8III,14.91,-40.2,-29.22
HIP 73559,225.492089,-34.35881656,6.21,A8/A9III/IV,8.3,-28.07,-23.89
HIP 73566,225.52657921,-28.06052808,5.83,A4IV,10.04,84.22,-34.14
HIP 73568,225.52713391,25.00825646,4.8,K4III,9.07,-5.88,-48.6
HIP 73571,225.53577825,-7.57529216,6.38,A3,5.62,-22.94,-2.75
HIP 73620,225.7252916,2.09127129,4.39,K0III,17.78,-55.93,12.94
HIP 73624,225.74704341,-32.64324605,5.45,B3V,9.32,-21.05,-19.66
HIP 73634,225.77534828,35.20577288,5.52,G8III:,11.85,-39.95,9.3
HIP 73695,225.94867417,47.65401409,4.83,G2V + G2V,78.39,-436.24,18.94
HIP 73706,225.99055401,65.91973604,6.22,A2Vs,7.03,22.96,-9.2
HIP 73714,226.01775793,-25.28185602,3.25,M3/M4III,11.17,-71.85,-44.69
HIP 73745,226.11190457,26.94765981,4.52,K2III,13.04,-176.31,-4.52
HIP 73764,226.17875658,-40.86124206,6.29,M6III,5.09,-4.84,-36.25
HIP 73771,226.19567959,-83.03826851,5.65,G8Ib,1.88,-8.65,-17.65
HIP 73776,226.20020549,-64.03137307,5.16,G8III,12.2,102.92,9.47
HIP 73807,226.27960699,-47.05119386,3.91,B5,6.56,-23.39,-21.11
HIP 73826,226.32978505,-41.06723379,5.13,G8III,8.88,22.64,-0.84
HIP 73841,226.35788174,48.15090031,5.59,A1V,12.55,-65.26,29.71
HIP 73850,226.39124303,-30.55106819,6.48,F6V,31.4,10.6,83.89
HIP 73881,226.51007058,-48.8833679,6.48,B3V,1.91,-2.26,-9.58
HIP 73901,226.55812576,-36.26458513,6.27,K5III,2.39,-23.58,-5.68
HIP 73909,226.5694546,54.55628697,5.24,G8III,12.53,47.07,12.81
HIP 73927,226.61291084,-22.03170347,6.13,K0III,16.69,69.94,-52.06
HIP 73937,226.63838694,-30.91841299,5.97,Ap Si,10.44,-23.0,-28.66
HIP 73941,226.64663107,36.45596449,6.35,F8V,33.91,-64.31,40.36
HIP 73945,226.65674312,-16.25676124,5.19,K5III,4.26,-36.41,-23.28
HIP 73953,226.7045765,-16.48432063,6.41,A1V,7.89,-62.33,-16.71
HIP 73966,226.73322523,-52.02974968,6.4,B3III,3.21,-2.86,-12.31
HIP 73996,226.82477948,24.86959294,4.93,F5V,50.7,184.81,-163.51
HIP 74000,226.83476051,18.44194658,6.03,A3V,13.35,43.15,-49.97
HIP 74006,226.85805467,-49.08863539,5.77,G8III,9.35,22.29,9.5
HIP 74026,226.91801634,5.49808887,6.16,K0III,6.11,-0.71,-22.01
HIP 74044,226.98396597,-61.12865899,6.49,F2III,8.02,-0.47,-5.81
HIP 74047,226.98645795,-65.27543844,6.18,K3III,4.11,9.04,-4.52
HIP 74066,227.0506105,-40.58385604,5.75,B8IV Si,7.9,-28.59,-30.38
HIP 74083,227.08142101,50.0550062,6.33,K0III,7.71,-3.93,-21.2
HIP 74087,227.09908475,26.30118271,5.67,K2III,7.77,1.14,-12.41
HIP 74096,227.14818718,25.10863675,5.82,K1III,6.39,-1.91,-0.69
HIP 74100,227.16338993,-42.86786973,5.85,B7V,7.34,-20.52,-21.29
HIP 74117,227.21095653,-45.27979406,4.07,B3V,8.02,-17.32,-26.11
HIP 74121,227.22307913,13.23506161,6.16,G6V:,5.6,-45.21,74.29
HIP 74181,227.35639755,-63.64288115,6.25,A0p,5.87,-10.77,-20.19
HIP 74184,227.37466411,-67.08412683,5.76,F8Iab-Ib,0.54,-3.94,-2.59
HIP 74224,227.5305968,-38.79246057,5.98,G6III,6.98,-24.53,-20.85
HIP 74239,227.57771621,-26.3326008,5.75,K0III,7.25,-32.15,-8.39
HIP 74272,227.6849835,67.78106662,6.18,A8Vn,6.47,21.69,-13.02
HIP 74273,227.68737266,-61.4222927,6.29,G3IV,41.41,-184.95,-11.27
HIP 74296,227.78664063,-84.78782184,5.88,B9.5V,10.24,3.22,4.03
HIP 74305,227.81660117,-55.34601439,5.45,G2Ib/II,1.61,-3.82,-7.41
HIP 74336,227.8950643,-45.27749513,6.44,K1III,8.38,-14.68,14.9
HIP 74376,227.98400434,-48.73770212,3.88,B9V,17.89,-96.52,-47.97
HIP 74380,227.99068761,-48.74357642,5.7,A3IV,16.89,-98.31,-45.39
HIP 74386,228.01780223,18.97600352,5.9,M4III,3.93,-16.41,11.38
HIP 74391,228.05015284,-19.10642417,6.49,K4III,5.87,-40.75,-23.77
HIP 74392,228.05546736,-19.79163143,4.54,Asp...,8.66,-35.59,-32.55
HIP 74395,228.07167982,-52.09907465,3.41,G8III,28.06,-113.94,-71.0
HIP 74418,228.13010521,-48.21889226,6.32,K2III,6.92,-24.46,-40.98
HIP 74421,228.14169683,-72.77056092,6.02,B8/B9III,3.84,-14.43,-15.72
HIP 74449,228.20668641,-44.50035965,4.83,B3IV,7.18,-20.49,-22.2
HIP 74470,228.25428258,-61.74376411,6.27,K4Ib,0.43,-4.82,-6.5
HIP 74479,228.28199335,-36.09136973,6.09,B8V,9.0,-22.9,-22.85
HIP 74490,228.32260826,-24.00827351,6.47,B8III,7.91,-22.93,-19.97
HIP 74493,228.3300764,-19.64745418,6.07,A2V,14.89,-48.01,-48.64
HIP 74500,228.37052116,-25.30916439,6.47,G5V,38.98,-399.01,-75.1
HIP 74505,228.38266153,22.98315563,6.31,A2V,11.58,49.61,99.99
HIP 74514,228.39827998,38.26481607,6.19,K2III:,7.43,-6.89,-47.72
HIP 74539,228.47217392,-26.19355939,5.84,G8/K0II,3.55,-14.01,-4.17
HIP 74552,228.49663305,-61.34292666,6.36,B5V,3.93,-7.13,-20.76
HIP 74561,228.52506116,31.78791816,5.98,K5,5.57,42.18,-30.19
HIP 74571,228.54288301,42.17144853,6.12,M2III,3.25,23.74,-16.08
HIP 74582,228.57986595,-70.07945566,5.75,N0v,2.18,4.39,-8.24
HIP 74596,228.62168817,29.16422593,5.28,A2V,14.4,-69.99,28.32
HIP 74600,228.64069691,-17.76853343,6.18,B9III,2.54,-14.58,-15.95
HIP 74604,228.6555245,-31.51912564,4.91,F3III,2.86,-9.72,1.83
HIP 74605,228.65834777,67.34767598,5.15,F9IV,39.51,221.51,-392.3
HIP 74623,228.71088802,-5.50257175,6.28,K2,3.58,-28.02,6.97
HIP 74649,228.79736045,4.93935226,5.32,K0III,6.98,-23.06,3.91
HIP 74666,228.87543241,33.31510222,3.46,G8III,27.94,84.84,-110.57
HIP 74689,228.9547494,0.37210753,5.62,A4V,20.2,-107.26,12.83
HIP 74690,228.96118036,50.93856795,6.47,G5,16.52,24.43,-45.91
HIP 74695,228.97321305,6.46488638,6.47,K0,2.69,-9.72,-19.17
HIP 74696,228.97358944,-48.07364079,5.96,A3m,19.32,5.08,-8.39
HIP 74707,229.01679847,-41.49114318,5.15,F:+...,2.54,-10.38,-4.87
HIP 74716,229.04361495,-43.48497791,6.05,B3IV,3.65,-7.82,-7.76
HIP 74732,229.09596946,-22.39942083,5.52,K2III,6.52,-33.86,1.83
HIP 74750,229.15289366,-60.9039866,5.74,B0.5V,1.7,-1.55,-4.09
HIP 74769,229.21601775,-47.86449697,6.46,G8III,5.77,-63.04,-19.5
HIP 74775,229.2294913,-46.20229188,6.44,F6V,18.75,-132.8,-26.01
HIP 74778,229.23707633,-60.95724479,5.04,O8.5V,0.51,-2.02,-4.08
HIP 74785,229.25196591,-9.38286694,2.61,B8V,20.38,-96.39,-20.76
HIP 74793,229.27450664,71.82387844,5.02,K4III,8.37,3.73,9.37
HIP 74824,229.3790009,-58.80087882,4.07,A3V,33.75,-98.39,-135.46
HIP 74837,229.41203255,-63.61048662,4.85,K2.5III,8.74,2.12,8.66
HIP 74857,229.45768699,-30.14866233,4.35,K1II/III,10.59,-8.71,-4.47
HIP 74875,229.53911005,-41.06113317,6.3,Am,12.45,41.36,-10.54
HIP 74896,229.60214092,20.57280967,5.68,G5IV,11.23,-14.57,-13.13
HIP 74901,229.60888718,-0.46123725,5.88,K5III,3.33,-11.6,1.28
HIP 74911,229.63353586,-47.87519201,4.27,B8V,11.22,-31.74,-32.82
HIP 74929,229.67211538,-31.20933138,6.18,G6/G8III,3.27,-8.12,-6.46
HIP 74941,229.7047785,-60.49632329,5.43,O7Iab:,0.02,-3.17,-4.57
HIP 74946,229.72787007,-68.67946723,2.87,A1V,17.85,-66.48,-32.0
HIP 74950,229.73495651,-40.78816875,5.59,B9V,6.34,-19.36,-21.78
HIP 74975,229.82741626,1.76665611,5.04,F8III-IV,40.46,373.24,-513.64
HIP 75000,229.87530891,32.51488753,6.33,A2m,11.72,-38.03,6.58
HIP 75003,229.88240574,-37.09680759,6.19,G8III/IV,8.46,-78.57,-145.36
HIP 75043,230.02142169,51.95848756,5.65,A4V,15.32,10.88,11.28
HIP 75049,230.03599149,29.61631109,5.51,K0III,11.9,-118.74,-42.02
HIP 75091,230.16899793,-67.48150132,6.27,B3V,2.6,-6.32,-10.16
HIP 75093,230.17352678,44.43462734,6.14,F4IVs,18.6,41.96,-103.55
HIP 75097,230.1822884,71.83397308,3.0,A3II-III,6.79,-18.03,17.68
HIP 75101,230.196555,-2.412917,6.34,K0V,27.08,-262.44,-170.16
HIP 75110,230.22367434,-18.15851255,6.16,G8II/III,5.17,-6.96,-59.67
HIP 75118,230.25566834,-15.54838584,6.14,F2V,18.31,27.14,18.15
HIP 75119,230.25842001,0.71558981,5.35,K3III,13.38,-42.48,-104.14
HIP 75125,230.27873641,24.95806599,6.36,K0,5.87,-26.56,-18.91
HIP 75127,230.28183604,-5.82482695,5.54,K1III,12.14,-51.92,-10.86
HIP 75141,230.34306833,-40.64745946,3.22,B1.5IV,6.39,-19.11,-24.05
HIP 75164,230.39714378,-40.74941653,6.21,A1V,10.23,-16.2,-26.88
HIP 75177,230.45181856,-36.26116729,3.57,K5III,9.99,-91.85,-86.03
HIP 75178,230.45253799,32.93366086,5.38,B9Vn,13.2,-48.83,13.91
HIP 75181,230.45655596,-48.31695913,5.65,G2V,68.7,-1622.71,-275.1
HIP 75206,230.53497528,-47.92746963,4.99,F8V,29.27,-141.44,-132.58
HIP 75230,230.59682931,12.56753162,6.29,A0V,7.33,0.2,-4.52
HIP 75256,230.65519206,62.04716944,5.99,A0sp...,7.07,9.3,-38.47
HIP 75257,230.65570869,39.58149619,5.56,K4III,1.23,2.21,-13.77
HIP 75260,230.66014565,63.34166375,5.72,K4III,8.59,-15.15,-92.4
HIP 75264,230.67036465,-44.68957314,3.37,B2IV-V,6.47,-20.25,-20.13
HIP 75294,230.75743362,-15.13407614,6.46,K4III,4.18,0.26,16.29
HIP 75304,230.78901374,-36.85843627,4.54,B4V,5.38,-18.05,-21.53
HIP 75308,230.79417262,-60.65710865,5.65,F7V,24.0,-81.96,-27.74
HIP 75312,230.80094284,30.28824114,4.99,G2V,53.7,125.77,-176.48
HIP 75323,230.84440733,-59.32069839,4.48,B5III + F8,6.4,-10.29,-36.57
HIP 75324,230.85418197,-46.14039293,6.49,G8III,6.59,-28.16,-9.24
HIP 75342,230.93194231,-1.02231511,6.11,F0V,18.2,76.73,-28.21
HIP 75352,230.96775654,-12.36941286,5.72,G8III,5.41,-37.69,-36.45
HIP 75369,231.02136799,45.27102537,6.07,K2III,6.76,-14.52,2.34
HIP 75379,231.04970889,-10.32189476,4.92,F5IV,30.9,-68.52,-152.65
HIP 75411,231.12306762,37.37696091,4.31,F0V,26.96,-147.68,84.69
HIP 75439,231.18761813,-39.71013154,5.36,Ap...,8.48,-25.25,-56.38
HIP 75458,231.2324337,58.96602354,3.29,K2III,31.92,-8.27,17.3
HIP 75501,231.33438516,-38.7335881,4.6,A0V,8.72,-46.05,-13.35
HIP 75530,231.44752151,15.42805438,5.16,M1III,3.55,-14.02,-7.51
HIP 75535,231.47209605,19.48072447,6.26,G0V,23.95,-53.07,-7.23
HIP 75565,231.5605344,-68.30918936,5.89,K0III,9.75,123.08,9.26
HIP 75572,231.5727702,34.3358496,5.46,K4III,6.66,-114.43,60.34
HIP 75587,231.63405177,54.02032734,6.44,A2IV,8.99,17.91,-13.68
HIP 75647,231.82560314,-36.76750151,5.46,B5V,7.79,-21.21,-24.02
HIP 75665,231.88792069,-64.531457,5.71,K5/M0III,4.8,-12.91,-19.25
HIP 75674,231.91195681,25.10165712,6.01,M1III,4.15,5.74,-12.72
HIP 75695,231.95771631,29.10549164,3.66,F0p,28.6,-181.39,86.84
HIP 75696,231.96434672,60.67022438,5.9,K5III,5.48,-16.9,-3.14
HIP 75730,232.06415852,-16.7164031,5.64,K4III,3.59,16.66,-33.36
HIP 75736,232.08618345,-88.13281448,6.49,Am,15.54,-88.78,-80.65
HIP 75742,232.11338713,-51.59792224,6.1,G2Ib,2.18,-2.55,-4.88
HIP 75761,232.15952692,1.84216258,5.15,A8IV,26.68,-84.56,-33.48
HIP 75770,232.18504295,47.20150189,6.15,Amvar...,6.81,-21.48,4.97
HIP 75788,232.23679161,55.1948491,6.45,A3m,10.89,-7.74,36.28
HIP 75790,232.2445393,-28.86681151,6.43,G0V,16.46,-43.93,-32.87
HIP 75810,232.30056522,16.39547022,6.38,G8III-IV,6.53,-32.84,61.0
HIP 75818,232.33040184,-38.63482699,6.44,F2V,15.88,-32.35,-70.76
HIP 75822,232.3380415,62.09955096,6.32,K5,4.79,-28.42,-8.88
HIP 75828,232.35115072,-46.7326907,5.26,K4III,3.68,-8.29,-5.56
HIP 75915,232.58877753,-41.91896389,6.23,B9V,6.48,-21.41,-26.18
HIP 75919,232.59491496,31.28597597,6.45,A4IV,7.09,-17.99,-18.25
HIP 75939,232.65103151,-20.72848221,6.2,A3V,13.93,8.5,-29.15
HIP 75944,232.66828146,-16.60945806,5.82,K0III,5.78,23.95,-2.61
HIP 75959,232.70497336,-71.65408347,6.39,B3V,3.1,-7.0,-21.76
HIP 75973,232.73229511,40.83306815,5.04,K5III,3.74,11.02,-8.81
HIP 75974,232.73297739,64.20850517,5.74,K0III-IV,10.24,-111.9,77.48
HIP 76006,232.84295934,36.61666057,6.39,F6III,14.47,-3.82,-25.47
HIP 76008,232.85439245,77.34933897,5.0,K5III,3.92,-46.89,5.31
HIP 76013,232.87841929,-73.38954647,5.4,B1npe,3.2,0.38,-18.28
HIP 76033,232.93104588,-20.16484591,6.28,A5V,13.65,-70.67,-31.33
HIP 76041,232.94580142,40.89936876,4.98,A5V,7.59,-13.73,-14.92
HIP 76048,232.95933926,-32.88106085,6.49,B6/B7V,7.19,-18.86,-21.18
HIP 76063,233.01760186,-38.62237167,6.23,A3III,18.64,-51.08,-70.5
HIP 76069,233.04032004,16.05615239,6.22,B9V,7.56,-2.87,6.76
HIP 76106,233.152971,-19.67036366,5.5,A2IV,14.39,-18.92,-39.51
HIP 76126,233.23011545,-16.85280725,5.53,B3V,4.24,-10.66,-15.26
HIP 76127,233.23248309,31.35915517,4.14,B6Vnn,10.49,-19.62,-8.94
HIP 76133,233.24144948,-1.18629929,5.5,K0III,12.06,-17.27,-41.17
HIP 76143,233.28972685,-24.49034196,6.26,A3/5V +A9/F2,9.84,-29.9,-37.28
HIP 76165,233.35122534,-40.49069892,6.4,K0III,5.34,40.1,-62.89
HIP 76198,233.46973117,17.13747753,6.49,F3III,15.92,-49.2,-48.72
HIP 76207,233.5072393,-40.06634857,5.82,M2III,1.97,-39.18,-34.5
HIP 76219,233.54383219,-10.06395962,4.61,K1IV,34.54,305.62,-234.12
HIP 76234,233.58697277,-39.34911922,6.36,B9V,8.95,-28.22,-37.49
HIP 76243,233.61055153,-9.18334968,5.16,B6IV,9.3,-32.01,-27.31
HIP 76259,233.65545605,-28.04690734,5.13,K2/K3III,8.84,16.72,-31.22
HIP 76267,233.67162293,26.71491041,2.22,A0V,43.65,120.38,-89.44
HIP 76276,233.7007926,10.53885916,3.8,F0IV,15.54,-72.63,3.17
HIP 76297,233.78525156,-41.16669497,2.8,B2IV,5.75,-16.05,-25.52
HIP 76307,233.81208385,39.01004619,5.14,M2III,5.71,24.61,8.63
HIP 76311,233.81757086,53.9221386,5.97,K4III:,8.24,-17.96,2.08
HIP 76333,233.88141398,-14.78955365,3.91,K0III,21.42,65.67,6.93
HIP 76337,233.88865569,17.65558738,6.1,G8III:,7.87,-77.08,-13.25
HIP 76366,233.95494368,38.37394659,6.3,K2,4.77,10.14,-8.31
HIP 76371,233.97193752,-44.95833688,4.55,B3IVp,7.51,-20.42,-21.48
HIP 76372,233.97244766,11.26568451,6.04,K0III:,4.62,-32.98,-11.83
HIP 76376,233.9878239,54.63056806,5.77,A2V,13.24,-38.19,-0.57
HIP 76395,234.04740479,-33.09274641,6.26,B8/B9V,8.89,-20.35,-24.51
HIP 76397,234.05056891,-44.39668903,5.44,M0III,4.95,-45.01,-55.17
HIP 76424,234.12164831,16.1190982,5.93,F3V,20.4,71.54,-5.54
HIP 76425,234.1231331,10.0104549,5.26,K0p,13.89,46.67,-114.73
HIP 76440,234.17994543,-66.31690469,4.11,K0III,15.09,24.51,-54.66
HIP 76456,234.22236763,29.99132177,6.46,F5V:,27.77,88.65,-57.38
HIP 76470,234.25607748,-28.13507099,3.6,K3III,16.76,-13.26,-3.48
HIP 76503,234.36877505,-26.27980785,6.19,B9IV,5.43,-11.13,-23.11
HIP 76509,234.38351097,54.50878294,5.85,K1III:,9.18,-35.17,-20.49
HIP 76519,234.41337239,69.28321732,5.65,M0III,3.7,-49.11,52.08
HIP 76532,234.45024464,-23.14151509,5.79,K0III,11.97,-31.72,-75.18
HIP 76534,234.45646241,40.35328811,5.25,G8III-IV,20.0,60.45,59.57
HIP 76552,234.51384287,-42.56748493,4.34,K4.5III,14.19,-147.6,56.35
HIP 76567,234.56583222,-28.20660943,6.32,K1III,5.8,14.76,-23.35
HIP 76568,234.56726549,46.79799524,5.76,F2V,27.98,97.18,-100.38
HIP 76569,234.56767525,-21.01615303,5.82,K0III,11.17,63.82,-71.39
HIP 76594,234.64250158,50.42335207,5.84,G8III,8.71,-4.69,-28.2
HIP 76600,234.66410153,-29.77768935,3.66,B2.5V,7.33,-22.1,-26.54
HIP 76603,234.66696618,-8.79142377,6.45,F6V,40.19,16.72,-27.28
HIP 76608,234.67570146,-39.12774671,6.05,A4:m...,5.21,15.37,5.22
HIP 76617,234.70356906,34.67507876,6.12,K0,7.09,-6.56,-16.19
HIP 76618,234.70626982,-52.37261965,5.43,B9V,7.13,-34.13,-30.86
HIP 76628,234.72711374,-19.30170914,5.36,G8III/IV,9.6,84.2,-75.23
HIP 76651,234.78968608,57.92441688,6.45,K1III,7.36,-5.85,3.87
HIP 76664,234.82757495,-77.91768742,6.19,K2II,9.61,-79.59,-130.26
HIP 76666,234.83912225,-23.15017112,6.33,B9.5V,10.67,-29.64,-21.82
HIP 76669,234.84451583,36.63582763,4.64,B7V+...,6.89,-15.29,-6.51
HIP 76705,234.94156188,-34.41189273,4.66,G8/K0III,13.32,5.65,-13.7
HIP 76716,234.98619135,-59.90781512,5.95,F6V,32.34,-121.9,-215.2
HIP 76733,235.04315137,12.05295354,6.22,G8II,3.08,-16.65,-8.22
HIP 76736,235.04844303,-70.22774887,6.45,A5V,12.94,-41.39,-55.11
HIP 76739,235.06483646,-31.21369404,6.35,K3III,5.13,-49.77,-31.64
HIP 76742,235.07043893,-23.81805841,4.97,K3III,8.55,-15.62,-8.18
HIP 76750,235.08899554,-73.44663458,5.64,B8IV,4.44,-12.76,-20.73
HIP 76809,235.24274992,-47.73598709,6.21,K5/M0III,3.69,-36.22,-42.71
HIP 76810,235.24619723,16.024629,6.0,G8III,7.24,22.16,-16.8
HIP 76829,235.29798226,-44.66055926,4.64,F5IV-V,57.09,-168.7,-265.69
HIP 76852,235.38788463,19.67050566,4.51,A1V,16.97,-59.86,-43.23
HIP 76866,235.44746556,12.84753869,5.34,A0p Sr,14.28,39.68,-4.55
HIP 76877,235.47793121,-76.08186451,5.95,B9V,8.65,-8.2,-38.98
HIP 76878,235.47815864,18.46389861,5.8,A2m,18.78,-73.0,56.85
HIP 76880,235.48674445,-19.67857446,4.75,K5III,8.16,-33.21,-104.33
HIP 76935,235.65513075,-49.48949872,6.02,K2III,6.31,-4.14,-22.55
HIP 76939,235.65980143,-37.4248964,5.23,G8/K0III,12.04,-50.36,-16.11
HIP 76945,235.67098805,-34.71033325,4.75,B5V,8.24,-23.96,-30.43
HIP 76952,235.68599269,26.29551419,3.81,A1Vs,22.48,-112.52,50.7
HIP 76957,235.71176316,52.36083046,5.48,B9p...,10.3,-66.3,29.68
HIP 76985,235.79392869,13.6677537,6.48,G5III,5.18,-20.16,-35.87
HIP 76996,235.81708657,-84.46550807,5.57,A2V,15.02,137.01,96.74
HIP 77007,235.85358992,-15.04299844,6.3,K0III,7.94,-3.94,-95.38
HIP 77042,235.98033174,-60.28720496,6.46,G0Ib,2.42,-3.36,-5.03
HIP 77048,235.99716849,32.51582804,5.57,G9III:,13.11,-28.8,-8.69
HIP 77052,236.00769128,2.51552506,5.86,G5V,68.16,-44.96,-144.73
HIP 77055,236.01443312,77.79449901,4.29,A3Vn,8.68,20.07,-2.5
HIP 77060,236.01841829,-15.67267949,5.41,A6IV,22.21,-34.49,-63.48
HIP 77070,236.06664914,6.42551971,2.63,K2III,44.54,134.66,44.14
HIP 77086,236.09453394,-41.81901826,5.93,A0V + B,7.07,-17.7,-28.98
HIP 77111,236.17562438,17.26421031,6.15,A0V,10.16,-30.44,6.59
HIP 77138,236.24839094,-50.78540737,6.41,A3V,10.15,-52.04,-23.1
HIP 77163,236.34778279,5.44732255,5.57,A1V,8.49,27.17,-3.19
HIP 77186,236.41458802,0.89104971,6.32,K0III,5.27,11.8,-4.39
HIP 77227,236.52354097,-1.80411556,5.39,B8III,7.99,-21.84,-31.77
HIP 77233,236.54672877,15.42192602,3.65,A3V,21.31,68.54,-41.31
HIP 77235,236.55372448,-28.06142741,6.49,F0V,14.69,-63.36,-22.14
HIP 77257,236.61144121,7.35323973,4.42,G0Vvar,85.08,-225.51,-68.52
HIP 77272,236.64534336,55.47460243,5.94,K3III,3.13,-120.14,77.5
HIP 77277,236.66647764,62.59969448,5.19,A2IV,12.0,40.0,-56.54
HIP 77286,236.68429408,-34.68238898,5.61,B8V,8.4,-19.83,-26.63
HIP 77287,236.68929693,-6.1203582,6.24,K0,3.48,-11.94,1.26
HIP 77336,236.82230086,14.11527157,5.71,A3V,12.95,-54.99,31.57
HIP 77350,236.85682665,-40.19410649,6.41,G8III/IVp..,7.87,-156.61,-42.63
HIP 77358,236.87253619,-37.9157923,6.01,G6IV,65.6,-416.81,-213.86
HIP 77370,236.90797351,55.37661523,5.85,A3m,12.56,12.64,4.82
HIP 77390,236.9712309,-65.44218988,5.54,A5,8.03,-27.98,-41.74
HIP 77397,237.0074688,31.73572158,6.41,K5,3.96,1.81,-43.76
HIP 77412,237.05546553,13.78933425,5.98,K2III,7.41,-8.84,-105.44
HIP 77442,237.1434012,28.15677692,5.89,"C0,0 (F8pe)",0.54,-2.1,-11.52
HIP 77450,237.18503586,18.1417793,4.09,M1III,9.36,-51.78,-88.72
HIP 77454,237.21006296,-52.4382273,6.05,K2/K3III,4.22,2.24,-11.83
HIP 77464,237.23672761,-3.81852811,5.53,A5IV,20.34,-29.12,6.18
HIP 77512,237.39874182,26.06854936,4.59,G5III-IV,19.71,-79.85,-63.78
HIP 77516,237.40527375,-3.43014112,3.54,A0V,20.94,-98.07,-27.41
HIP 77541,237.48967022,-48.91238226,5.86,A2IV,16.82,-27.63,-10.43
HIP 77562,237.52962796,-53.20967534,5.78,B8V,9.0,-27.6,-39.07
HIP 77574,237.56783711,-45.40163254,6.11,F0V,22.24,39.58,-33.54
HIP 77578,237.57303895,2.19662489,5.21,G8III,12.4,30.15,-47.62
HIP 77622,237.70371344,4.4775798,3.71,A2m,46.39,127.98,61.87
HIP 77634,237.7397573,-33.62710488,3.97,B9.5III-IV,15.86,-5.92,-24.91
HIP 77635,237.74480683,-25.75123489,4.63,B1.5Vn,6.25,-13.64,-24.91
HIP 77645,237.77836547,-55.05552532,5.74,B2II,0.89,-2.95,-3.08
HIP 77655,237.80807231,35.65822638,4.79,K0III-IV,32.13,-8.07,-347.41
HIP 77660,237.81519764,-3.09042957,5.09,A3Vn,20.47,-92.51,-27.56
HIP 77661,237.81642977,20.97787548,4.74,K5III,8.26,-54.7,17.99
HIP 77678,237.88131664,-47.06071935,6.0,K1IV,7.43,-113.11,-33.41
HIP 77689,237.91003658,-14.13356721,6.2,G8III,4.71,-20.28,-7.01
HIP 77729,238.05370687,-29.88634407,6.39,K0III,12.41,-136.52,-85.51
HIP 77738,238.06909055,55.82658167,5.81,G8III:,9.09,-23.82,54.06
HIP 77760,238.16747684,42.44998796,4.6,F9V,63.08,438.97,629.52
HIP 77782,238.23395552,17.40316981,6.29,K0,6.72,-55.17,-8.23
HIP 77801,238.30078139,13.19799059,6.07,G0IV,57.27,-150.56,-562.69
HIP 77811,238.33358671,-20.16699405,5.04,B3V,9.15,-3.61,-19.0
HIP 77817,238.34557097,-62.60654867,6.22,K3III,5.23,-5.22,-14.1
HIP 77835,238.39523924,16.07498779,6.21,F5II-III,11.32,21.28,-22.69
HIP 77840,238.40303498,-25.32708018,4.59,B2.5Vn,7.52,-14.42,-25.4
HIP 77853,238.45615438,-16.7296223,4.13,K0III,20.02,100.12,135.27
HIP 77858,238.47467996,-24.53309547,5.38,B5V,7.87,-13.51,-25.42
HIP 77859,238.48280036,-23.97803598,5.41,B2V,8.3,-12.88,-24.06
HIP 77900,238.62549047,-27.33857445,6.15,B7V,6.14,-13.48,-26.41
HIP 77902,238.64443288,20.31086363,5.45,M0III,5.42,-83.83,43.04
HIP 77907,238.6578213,43.13840642,5.35,M3III,5.21,-33.32,66.12
HIP 77909,238.66474184,-25.24367939,5.87,B8III/IV,7.16,-12.29,-25.45
HIP 77910,238.66780783,8.58033887,6.28,A7Vn,13.54,2.3,-0.64
HIP 77927,238.719324,-60.74364091,6.14,B9II,1.91,-2.02,-4.02
HIP 77939,238.75154369,-19.38288098,5.95,B2/B3V,5.23,-10.63,-18.38
HIP 77952,238.78670013,-63.42974973,2.83,F2III,81.24,-188.45,-401.92
HIP 77982,238.87338903,-68.60298616,5.11,G6VII,1.09,-8.9,-6.27
HIP 77984,238.87542764,-26.26592073,5.63,A3V,7.55,-34.96,-29.93
HIP 77985,238.87714588,-31.08370458,6.21,K4III,8.24,30.28,24.98
HIP 77986,238.87754361,42.56615229,5.73,B9p,6.77,-23.28,16.79
HIP 77990,238.88508797,-60.17747419,5.78,Amvar,19.09,-47.33,-71.19
HIP 77995,238.91607323,18.62077132,6.26,B8III,1.98,-7.84,-10.67
HIP 78012,238.94818797,37.94676324,5.43,F0IV,24.12,29.45,80.08
HIP 78017,238.95690735,58.91170971,6.31,A0V,7.01,-31.85,26.62
HIP 78045,239.02482214,-60.48230498,5.76,A3V,15.15,-36.48,-70.88
HIP 78046,239.02848203,-39.8643211,6.04,B9V,5.16,4.05,-17.7
HIP 78058,239.05832091,-31.7858926,6.29,F3/F5V,19.81,47.83,4.25
HIP 78059,239.0600243,-14.39921453,6.32,F6V,15.64,41.39,-77.19
HIP 78072,239.11247598,15.66473327,3.85,F6V,89.92,311.2,-1282.17
HIP 78078,239.13887891,-14.82935289,6.11,A2Ib/II,18.89,71.62,-35.2
HIP 78104,239.22119438,-29.21401221,3.87,B2IV/V,7.97,-15.2,-25.1
HIP 78105,239.2228396,-33.96602225,5.14,A3V,16.35,23.8,-45.97
HIP 78106,239.22543843,-33.96415999,5.59,B9V,16.64,20.26,-49.68
HIP 78117,239.26645246,-48.16191945,6.31,F1IV,20.22,-104.9,-109.76
HIP 78132,239.31101948,14.41426805,5.54,K1IV,14.36,-120.83,87.25
HIP 78142,239.33888563,-36.1853138,5.78,K0/K1III+..,3.51,-9.83,-12.37
HIP 78153,239.3744765,39.69496436,6.3,K0,8.23,-65.19,49.98
HIP 78159,239.39709121,26.87802632,4.14,K3III,14.2,-76.55,-60.24
HIP 78168,239.41862315,-20.98302564,5.84,B3V,7.16,-10.0,-22.35
HIP 78180,239.44830388,54.74950359,4.96,F0IV,29.57,-150.18,106.47
HIP 78207,239.54740116,-14.27931773,4.95,B8Ia/Iab,6.36,-12.29,-16.77
HIP 78236,239.62835853,-37.5038246,6.31,K0III,5.33,-12.9,-21.87
HIP 78246,239.64530965,-24.83142974,5.43,B5V,6.68,-11.41,-24.06
HIP 78265,239.71300283,-26.1140428,2.89,B1V + B2V,7.1,-12.0,-25.71
HIP 78276,239.7403975,36.64370627,5.61,K5III,3.63,25.2,27.65
HIP 78279,239.74233223,-65.03756903,5.74,B7III,4.33,-9.49,-6.78
HIP 78286,239.76823455,49.88117823,6.04,F0IV,20.4,21.48,-55.61
HIP 78323,239.87623269,-41.74439602,4.99,G8III,8.59,-37.76,-16.51
HIP 78355,239.97562034,-54.02089127,6.1,B5IV,2.53,-6.98,-8.01
HIP 78360,239.97974391,-78.02709871,6.4,F3IV,11.82,-1.68,-73.47
HIP 78384,240.03058543,-38.39664079,3.42,B2.5IV,6.61,-16.58,-27.06
HIP 78400,240.08324525,-16.53238334,5.47,F7V,30.49,-636.53,-397.92
HIP 78401,240.08338225,-22.62162024,2.29,B0.2IV,8.12,-8.67,-36.9
HIP 78436,240.19850629,-8.41132413,5.53,A0Vs,7.1,-15.05,-11.99
HIP 78442,240.21316189,4.42718026,5.82,K0III:,13.62,-43.01,75.24
HIP 78445,240.22374303,-40.43556029,6.21,A0V,8.8,15.08,32.89
HIP 78459,240.26166247,33.30538815,5.39,G2V,57.38,-196.89,-773.01
HIP 78469,240.27710869,-54.57779898,6.12,A7III,7.28,-38.4,-41.21
HIP 78476,240.29466406,-63.77652924,6.42,F8II,1.59,-3.23,-3.5
HIP 78481,240.30977487,17.81802578,5.1,G8III,10.58,-46.09,152.84
HIP 78486,240.33145077,-31.88913378,6.33,K4III,5.93,9.66,-1.25
HIP 78493,240.36079431,29.85107821,4.98,A0p...,9.29,-38.2,-6.9
HIP 78527,240.4737656,58.56443739,4.01,F8IV-V,47.79,-320.07,334.96
HIP 78540,240.51869322,-51.12073342,6.38,B5V,4.51,-11.88,-15.38
HIP 78542,240.52315266,52.91600607,5.93,K5III,3.98,1.8,-36.56
HIP 78554,240.57370453,22.80439543,4.82,A3V,18.42,4.57,24.04
HIP 78575,240.66416321,-29.13577664,6.07,K2/K3III,7.23,34.54,-9.53
HIP 78592,240.69937951,46.03685378,4.72,B9III,8.68,56.01,-61.25
HIP 78603,240.71887986,-62.54152474,6.25,B9.5V,9.62,-30.89,-26.69
HIP 78632,240.78902902,59.41081205,6.19,M1III,3.69,-18.57,-30.45
HIP 78639,240.80358419,-49.22972074,4.65,G8III,14.97,41.18,10.39
HIP 78649,240.83066182,36.63181986,5.79,A2V+...,4.72,8.03,-13.52
HIP 78650,240.83611243,-25.86514891,4.96,K3III,15.39,-67.89,-37.57
HIP 78655,240.85084398,-38.60247122,4.9,B6III/IV,6.19,-17.68,-28.54
HIP 78661,240.88081682,76.79388926,5.73,A3V,5.61,-17.52,20.44
HIP 78662,240.88425437,-57.77487351,4.63,A7IV,23.26,-118.32,-78.34
HIP 78665,240.89326968,-32.00046745,6.0,F5IV/V,18.28,-37.6,-29.22
HIP 78685,240.94047189,4.98679189,6.07,G9III,8.37,-38.08,17.25
HIP 78699,240.97794097,-24.72632678,6.22,K2/K3III,5.46,-4.22,5.95
HIP 78710,241.02584141,-59.17617237,6.4,K1II/III,1.26,-4.71,-4.14
HIP 78726,241.07432893,-33.21363541,6.1,F3III,8.14,-29.4,-34.06
HIP 78731,241.08885185,-53.71033327,6.46,B9II/IIIp..,3.11,-3.09,-17.21
HIP 78747,241.15379632,-37.86266825,5.91,F3V,25.1,-128.48,-116.19
HIP 78820,241.35931206,-19.80539286,2.56,B0.5V,6.15,-6.75,-24.89
HIP 78821,241.36073017,-19.80184191,4.9,B2V,2.88,-34.59,-7.47
HIP 78840,241.40805867,8.09624575,6.27,A3m,8.1,7.55,0.79
HIP 78849,241.43552422,-6.2911431,6.35,F2IV,12.81,50.0,5.83
HIP 78868,241.48284121,-72.40107181,5.7,K1IIICNII,11.31,-33.29,71.48
HIP 78870,241.49930167,-6.13974091,6.39,K0,9.39,-34.19,-5.3
HIP 78877,241.52660087,-23.60624433,5.9,B8V,6.7,-10.98,-29.18
HIP 78893,241.5822169,67.80998136,5.44,A0Vn,11.92,-35.94,62.65
HIP 78914,241.6225984,-45.17327517,4.73,Am,26.41,17.47,37.03
HIP 78918,241.64815129,-36.80221297,4.22,B2.5Vn,7.94,-15.84,-31.06
HIP 78933,241.70180197,-20.66913479,3.93,B1V,7.7,-10.55,-23.73
HIP 78955,241.76469512,-14.0713202,6.32,G5V,34.6,-261.22,11.77
HIP 78970,241.81739481,-36.75553887,5.72,F0/F2V,19.22,52.54,-56.45
HIP 78985,241.84244021,21.82271909,6.15,K4III,5.76,-13.38,-42.98
HIP 78989,241.85035422,-56.19095697,6.16,F2II,2.55,-0.8,0.31
HIP 78990,241.85125058,-20.8686541,4.31,G6/G8III,12.32,43.68,-45.3
HIP 79005,241.9018359,-12.74534315,5.75,B9V,7.66,-41.67,-27.64
HIP 79007,241.90646234,9.89176025,5.63,A7V,12.12,-20.84,-7.13
HIP 79031,241.96622959,-24.46229118,6.32,B8IV/V,8.5,-9.52,-23.92
HIP 79043,242.0189437,17.04699349,5.0,G8III,8.4,-34.29,-5.46
HIP 79045,242.02070728,17.05445306,6.25,K1III,6.92,-20.63,-29.4
HIP 79050,242.03133733,-26.32666483,5.35,M2III,7.67,99.72,-5.78
HIP 79072,242.11701282,8.53432477,5.69,M3.5IIIa,5.74,-13.62,-6.16
HIP 79086,242.15220976,8.61324825,6.47,M4III,6.97,-30.26,-29.91
HIP 79098,242.18219664,-23.68535317,5.86,B9V,7.65,-10.21,-25.79
HIP 79101,242.19249715,44.93481883,4.23,B9MNp...,14.27,-25.98,35.86
HIP 79102,242.19434273,17.20571235,6.13,A0Vnn,8.88,-19.13,-30.74
HIP 79119,242.24303566,36.49010935,4.73,K0III-IV,28.84,-40.71,343.47
HIP 79120,242.24541959,3.45444515,5.93,K5III,7.58,-36.32,12.17
HIP 79125,242.26215069,57.93780185,6.33,A1V,8.13,-23.7,33.37
HIP 79137,242.29609713,6.38050993,5.93,K1+...,32.84,258.17,-746.68
HIP 79153,242.32734737,-57.93417299,5.57,B9V,12.02,-13.19,-59.65
HIP 79164,242.35836422,55.82891851,6.43,K0,7.45,-32.69,23.18
HIP 79173,242.38232104,-32.64893835,6.18,K1III,9.49,-22.76,-30.22
HIP 79195,242.46055144,-3.46673076,5.39,K4III,6.6,-24.27,0.64
HIP 79199,242.46919686,-33.54569572,5.5,B8V,7.53,-25.69,-44.91
HIP 79203,242.48046789,-18.34045197,6.43,F3V,20.25,-67.44,-69.2
HIP 79280,242.70636884,75.87753079,5.48,B8V,4.9,-1.38,13.19
HIP 79302,242.75886281,-29.41600661,5.09,K0III,12.77,-85.58,-87.92
HIP 79320,242.82403118,-41.11949816,5.86,F0IV,14.44,-79.37,-125.52
HIP 79332,242.86973483,16.66567858,6.09,A0V,7.41,2.15,5.75
HIP 79349,242.90853829,23.49482992,5.74,M4IIIa,5.76,-21.23,-11.72
HIP 79350,242.91498299,33.34272966,6.3,K2III,6.33,5.07,14.22
HIP 79357,242.94835302,42.37450876,5.89,K4II+...,3.49,-6.95,24.71
HIP 79358,242.95025417,36.42516245,5.62,K3III SB,5.34,-8.89,-28.0
HIP 79374,242.99891879,-19.46064684,4.0,B2IV,7.47,-9.7,-25.25
HIP 79375,243.00000648,-10.06418514,4.93,A3IV,19.79,-21.92,-27.95
HIP 79385,243.02727947,39.0555758,6.39,K0,3.76,-3.91,-21.39
HIP 79387,243.03037216,-8.54757943,5.43,A4V,13.05,44.39,1.45
HIP 79399,243.06689523,-28.4172057,5.67,B9V,10.94,-22.99,-40.9
HIP 79404,243.07588221,-27.92631564,4.58,B2V,6.97,-10.31,-23.17
HIP 79414,243.10574027,67.14427933,6.21,G8III,6.71,-11.94,-42.55
HIP 79420,243.13415319,75.21059442,6.36,K2IV,4.26,-43.51,35.73
HIP 79441,243.18927382,26.67065993,6.48,F3V,13.68,68.89,-31.74
HIP 79463,243.2358369,-4.22076069,6.26,A1V,5.85,-29.74,-19.79
HIP 79488,243.31420074,5.0210989,5.46,K5III,7.68,36.31,-5.11
HIP 79490,243.3207238,-53.67116378,6.03,M0III,0.66,-3.95,-3.14
HIP 79497,243.34499914,-55.54084556,5.78,F2III,14.13,-100.49,-41.91
HIP 79509,243.36972631,-54.63041289,4.95,G4III,7.45,-5.33,-22.48
HIP 79522,243.41094585,-1.47514027,6.45,K0,10.05,-52.21,3.07
HIP 79530,243.4396004,-24.42204574,6.4,B6IV,7.2,-9.97,-19.22
HIP 79540,243.46211879,-11.83772219,5.24,K3III,7.43,-5.96,-10.11
HIP 79581,243.55658859,5.90189736,6.3,K2III,9.75,43.64,-21.04
HIP 79593,243.58652601,-3.69397562,2.73,M1III,19.16,-45.83,-142.91
HIP 79596,243.59321316,-33.01104217,5.91,K0III,5.07,-8.41,-18.79
HIP 79599,243.62038964,-21.10756359,6.41,B9V,9.45,-16.07,-29.73
HIP 79601,243.63944201,73.39480814,6.02,A3V,4.36,-10.86,34.33
HIP 79605,243.66375587,-18.535343,6.32,K1III,11.56,-92.49,-125.94
HIP 79607,243.67100328,33.85882404,5.23,F8V,46.11,-266.47,-86.88
HIP 79622,243.72265106,-25.47692204,6.06,B8V,7.06,-9.79,-22.09
HIP 79653,243.81394732,-47.37190984,5.13,B8V,11.06,-36.77,-45.86
HIP 79661,243.84991794,-42.89940996,6.14,K2III,13.33,-29.21,-4.92
HIP 79664,243.85944228,-63.68564897,3.86,G5II,5.25,3.51,-13.49
HIP 79666,243.86948873,18.80829264,5.72,K3III,10.31,-68.39,-84.77
HIP 79672,243.90472242,-8.36823651,5.49,G1V,71.3,232.16,-495.84
HIP 79686,243.94727071,27.42217655,6.14,K2,7.38,-33.95,-39.13
HIP 79689,243.95754643,-57.91222851,5.61,A5III,8.82,-12.12,-49.86
HIP 79692,243.9645463,-14.84911862,6.09,A0III,5.31,6.56,1.45
HIP 79754,244.18029083,-53.81110764,5.45,M2IV,4.05,8.62,-0.67
HIP 79757,244.18654828,29.1503022,5.8,A3V,3.95,23.6,-17.05
HIP 79781,244.23032857,-3.95336481,6.18,A9Vn,21.0,38.91,6.67
HIP 79787,244.24577701,-53.69595914,6.4,G5V,13.84,-58.94,-113.01
HIP 79788,244.24667464,-20.10407073,6.4,G8III,5.17,-5.79,-7.06
HIP 79790,244.25389798,-50.06811224,4.97,F9Ia,2.27,-2.24,-3.96
HIP 79797,244.27284183,-67.94107968,5.95,A4V,18.13,-44.74,-84.65
HIP 79804,244.31391116,59.75496116,5.37,M4IIIa,4.96,6.81,25.56
HIP 79812,244.33739454,-53.08626474,6.3,A7V,12.91,-59.47,-49.7
HIP 79822,244.37708768,75.75470385,4.95,F5V,33.52,-89.94,257.8
HIP 79867,244.54086863,68.55443584,6.39,K0,5.49,-24.68,44.88
HIP 79881,244.57467023,-28.61377598,4.8,A0V:,23.23,-33.79,-100.59
HIP 79882,244.58016994,-4.69260809,3.23,G8III,30.34,82.39,40.08
HIP 79938,244.75180357,-14.87282262,5.97,K3IIICNpvar,3.77,-21.18,-1.13
HIP 79945,244.7821306,-20.21803464,6.29,K0III,6.65,16.84,-15.31
HIP 79953,244.79680216,49.03807805,5.93,K6III,5.11,-21.35,33.4
HIP 79963,244.82350183,-42.67394008,5.44,A3Vn,6.97,6.62,-10.28
HIP 79980,244.88617634,-30.90676896,5.53,F5IV,24.1,82.88,21.81
HIP 79992,244.93519958,46.31327084,3.91,B5IV,10.37,-13.15,39.31
HIP 80000,244.96069832,-50.15537923,4.01,G8III,25.58,-159.36,-52.84
HIP 80008,244.98017016,39.70859042,5.48,F3IV-V,37.29,-129.35,-2.49
HIP 80021,245.01787748,21.13273671,6.04,G8II,9.46,-23.66,-51.93
HIP 80047,245.08681283,-78.69565609,4.68,M5III,4.26,-9.91,-36.59
HIP 80054,245.10512753,-55.13967135,5.76,G6III,8.98,19.61,-14.3
HIP 80057,245.11193231,-78.66742066,5.27,K3III,4.92,-1.67,-30.98
HIP 80066,245.13594772,-39.430235,6.11,B9V,6.57,-14.1,-45.0
HIP 80079,245.15909758,-24.16928427,4.55,A4II/III,2.77,-4.23,-14.71
HIP 80112,245.29717718,-25.59275259,2.9,B1III,4.44,-10.03,-18.03
HIP 80161,245.45308916,69.10941712,5.26,K2III,11.09,-18.48,-10.59
HIP 80170,245.48018203,19.15302185,3.74,A9III,16.69,-47.44,44.61
HIP 80179,245.51850007,1.02892219,4.82,F0V,36.56,-156.01,48.09
HIP 80181,245.52454222,30.89173424,4.86,K0III,17.76,-97.35,107.68
HIP 80197,245.58925615,33.79914473,5.2,M2III,5.87,5.52,-38.25
HIP 80208,245.61669217,-49.57229123,5.32,B6IV,5.86,-12.32,-26.01
HIP 80212,245.62114131,-43.91202357,5.89,G2Ib,3.13,-8.44,-11.32
HIP 80214,245.62175969,33.70335685,5.4,K5III,5.98,-5.22,50.03
HIP 80227,245.66212496,-2.07985224,6.24,B9V,8.01,-7.82,-7.36
HIP 80247,245.7353487,32.33303005,6.41,A4Vn,6.33,22.17,-7.14
HIP 80309,245.9466244,61.69637867,5.67,G8III,7.91,-29.54,33.99
HIP 80324,245.98635397,-33.19932914,6.45,A0V+...,8.56,-10.65,-27.49
HIP 80331,245.99794523,61.51407536,2.73,G8III,37.18,-16.98,56.68
HIP 80337,246.00514651,-39.19298857,5.37,G3/G5V,77.69,72.64,3.41
HIP 80343,246.02582204,-20.03721137,4.48,K0III,18.32,-21.48,-47.53
HIP 80351,246.04511352,6.94817146,5.83,A2sp...,9.55,4.57,14.72
HIP 80375,246.10552808,55.2050456,5.75,A2svar...,8.9,11.87,20.67
HIP 80390,246.13235569,-37.56597007,5.42,B8V,6.97,-14.06,-30.44
HIP 80399,246.16552568,-29.70446361,5.4,G0,31.82,69.27,-82.06
HIP 80421,246.22557137,-45.34946169,6.32,A2/A3V,10.92,21.4,-15.18
HIP 80455,246.34229561,-63.12523806,6.14,A1V,7.61,-19.16,8.72
HIP 80460,246.35069083,37.39407872,5.53,A5V,12.73,2.63,0.18
HIP 80463,246.35387324,14.03341514,4.57,B9p Cr,13.87,39.39,-59.89
HIP 80473,246.39633811,-23.44711764,4.57,B2V,8.27,-5.61,-25.04
HIP 80480,246.43136816,78.96360053,5.55,F0V,23.61,-113.04,104.23
HIP 80514,246.54756086,11.40746123,6.11,G8III,9.11,-48.05,13.02
HIP 80558,246.70859435,2.34798373,6.06,G8III,6.99,20.93,-16.42
HIP 80569,246.75599294,-18.45619698,4.22,B2Vne,6.67,-5.58,-22.22
HIP 80582,246.79603256,-47.5547359,4.46,B4V,8.16,-13.72,-20.63
HIP 80610,246.8844464,2.87065873,6.35,K5,5.96,6.39,-10.38
HIP 80620,246.93107061,-7.59755617,5.24,M2 comp,6.43,-0.95,-153.41
HIP 80628,246.95094563,-8.37170055,4.62,A3m,26.67,-67.26,-12.6
HIP 80645,246.98864198,-64.05800515,5.28,F4IV,24.75,52.71,26.08
HIP 80650,246.99605488,68.76805491,4.94,A0III,6.64,-24.53,33.82
HIP 80672,247.06024024,-37.17981606,5.79,K1IIICN...,10.22,15.06,-26.9
HIP 80675,247.06326516,-58.59970914,5.67,B9III,4.8,-22.18,-35.34
HIP 80682,247.08820161,67.04401224,6.45,M0,4.73,-20.61,-5.17
HIP 80686,247.11583852,-70.08467012,4.9,F9V,82.61,199.89,110.77
HIP 80693,247.14157201,0.66516717,5.41,K4IIIp,7.72,6.97,-67.95
HIP 80704,247.1605205,41.88169065,4.83,M6III:var,9.03,29.15,-5.51
HIP 80708,247.17646594,0.05509353,6.46,K5,10.89,-61.7,-98.11
HIP 80710,247.18088709,51.40772092,6.31,G9III,8.33,34.22,7.09
HIP 80719,247.20411533,-8.12867261,6.49,F2V,21.55,-55.59,-69.96
Antares (α Sco),247.35194804,-26.43194608,1.06,M1Ib + B2.5V,5.4,-10.16,-23.21
HIP 80782,247.42637688,-46.24321937,5.35,B1.5Iap,2.73,-3.42,-3.81
HIP 80788,247.43842678,-57.75631746,6.09,G8Ib,2.13,-2.41,-2.3
HIP 80793,247.44542879,-14.5508975,5.66,G5III/IV,12.18,33.75,7.57
HIP 80809,247.52532738,48.96122756,6.44,A1V,9.0,-48.37,-56.48
HIP 80815,247.55199128,-25.11515935,4.79,B3V,8.3,-3.42,-26.52
HIP 80816,247.55525697,21.4896485,2.78,G8III,22.07,-98.43,-14.49
HIP 80840,247.62506733,-7.51445768,6.46,A7Ib,1.74,2.51,2.67
HIP 80843,247.64001746,20.47934589,5.24,G8p,4.3,-89.48,-64.94
HIP 80850,247.66283125,77.44585077,6.35,K1III,8.0,-103.74,272.94
HIP 80874,247.70572277,-61.63348127,5.19,K0II/IIICN.,4.87,-11.39,-8.99
HIP 80883,247.72850509,1.98410056,3.82,A2V,19.63,-31.37,-73.0
HIP 80888,247.76162298,35.22510682,6.25,K5,3.26,-9.01,-16.75
HIP 80894,247.78497886,-16.61264015,4.29,G8/K0III,15.53,-44.57,-38.04
HIP 80898,247.80599042,22.19543891,5.76,K5III,3.52,-10.21,7.76
HIP 80910,247.84528782,-26.53755183,6.07,K1III,14.48,-28.16,-37.56
HIP 80911,247.84558957,-34.70432087,4.24,B2III-IV,4.37,-11.51,-18.56
HIP 80920,247.8679179,72.61220286,6.27,K2III,7.45,-36.92,55.72
HIP 80945,247.92404718,-41.81714208,5.31,B1Ia,0.38,-3.45,-1.06
HIP 80953,247.94681111,45.59818403,5.61,A4Vn,14.48,-7.89,39.89
HIP 80975,248.03411079,-21.46647783,4.45,Ap,18.66,20.21,36.23
HIP 80991,248.10689767,60.82334694,5.92,A2V,9.72,20.65,-9.79
HIP 81007,248.14865065,5.52122134,5.63,B9.5III,10.12,15.55,-0.41
HIP 81008,248.15165942,11.48823391,4.84,K4III,10.29,-178.38,-79.16
HIP 81065,248.36443409,-78.89695917,3.86,K0IV SB,20.44,-125.68,-77.59
HIP 81122,248.52091772,-44.04530868,4.86,B0Ia,0.7,0.52,-2.53
HIP 81126,248.52578863,42.43689565,4.2,B9Vvar,10.79,-9.03,59.8
HIP 81141,248.58070589,-70.98806509,5.5,K1IIICN...,3.46,-16.37,-13.31
HIP 81198,248.78238513,-45.24421531,6.43,K2/K3III,5.31,-30.49,-62.06
HIP 81231,248.8595556,17.05734541,6.42,A2V,6.17,-8.26,-1.4
HIP 81252,248.93654572,-65.49532908,5.5,G8/K0III,9.94,33.92,-28.75
HIP 81266,248.97066423,-28.21596156,2.82,B0V,7.59,-8.59,-22.5
HIP 81289,249.04671628,46.61332505,5.83,G8II,3.71,-11.23,3.31
HIP 81290,249.04763676,52.89997858,5.53,B9.5Vn,8.16,-12.94,28.67
HIP 81292,249.05721668,52.92435554,5.07,B9V,8.22,-12.28,27.38
HIP 81300,249.08826456,-2.32383592,5.77,K2V,102.27,455.22,-307.63
HIP 81304,249.09358718,-35.25535553,4.18,K5III,9.63,14.72,12.14
HIP 81305,249.09402476,-42.85885401,5.46,O9Ia,1.07,-4.34,-3.04
HIP 81337,249.17895487,15.49752881,6.36,B9sp...,7.47,-14.74,-30.35
HIP 81358,249.22911407,63.07303811,6.17,K5,6.7,4.25,-88.13
HIP 81377,249.28970847,-10.5671518,2.54,O9.5V,7.12,13.07,25.44
HIP 81404,249.39068306,5.27755599,6.48,K0,7.62,-7.77,-12.5
HIP 81425,249.45012563,13.68718619,6.3,F5III-IV,14.39,-32.06,-62.3
HIP 81428,249.470033,78.91856343,6.33,G9III,7.87,-24.2,42.49
HIP 81437,249.50191391,56.01538883,5.28,K1III,12.6,6.08,62.1
HIP 81440,249.50649344,-6.53799188,6.05,A0pe...,7.92,-7.45,-9.23
HIP 81472,249.60958867,-43.39837584,5.83,B2.5IV,4.75,-11.68,-20.6
HIP 81497,249.68703338,48.92827739,4.86,M2.5III,8.67,-48.1,26.81
HIP 81499,249.69885606,-8.61858536,6.44,K5,3.7,2.82,-10.16
HIP 81507,249.71961792,-60.99031813,6.16,B8Vn,6.07,-3.66,-34.41
HIP 81523,249.77181329,-37.21726333,5.93,B9.5V+...,7.51,-11.77,-43.93
HIP 81580,249.91301157,-9.55423266,6.33,F3V,23.02,11.28,-146.76
HIP 81632,250.1437836,-20.40871834,6.25,K0III,7.69,15.83,28.4
HIP 81641,250.16119601,4.21981484,5.77,A1V,10.76,-0.23,-10.7
HIP 81650,250.18495232,-51.47857638,6.3,A9V,20.48,12.43,130.1
HIP 81657,250.21006109,-60.44626468,6.17,F2III-IV,32.5,58.29,-72.99
HIP 81659,250.21399582,12.39505668,6.08,A3Vn,9.38,-30.61,-5.51
HIP 81660,250.22966425,64.58908555,4.84,K1p,4.79,-0.04,-16.18
HIP 81663,250.23506622,-8.30962635,6.47,K0,6.53,-11.23,-0.71
HIP 81670,250.25251666,24.85869984,6.07,K2,7.26,-34.48,2.02
HIP 81687,250.29805122,-1.0002837,6.25,A7III,21.22,20.31,-11.49
HIP 81691,250.31975652,1.24548334,6.4,K0,4.25,-13.36,-16.04
HIP 81693,250.32282132,31.60188695,2.81,F9IV,92.63,-462.58,345.05
HIP 81702,250.33506617,-48.76296994,5.57,O5,-1.86,-1.14,5.49
HIP 81710,250.34637667,-68.2960944,5.89,B7IV,4.74,-14.06,-11.79
HIP 81724,250.39331786,-17.74216462,4.91,G8II/III,8.34,-21.66,-0.92
HIP 81728,250.40089052,-24.4679393,6.07,A7III,12.44,-54.7,-9.49
HIP 81729,250.40291009,26.91698945,5.92,F2III,23.35,0.89,-44.83
HIP 81733,250.41761484,-49.65154575,5.62,B1II,1.0,-2.79,-2.74
HIP 81734,250.42725289,1.18110145,5.74,F2.7III-IV,19.7,-101.96,53.42
HIP 81741,250.43956303,-33.14562113,5.84,G1II,11.16,-58.83,-56.81
HIP 81754,250.473642,-19.92447879,5.55,F3V,23.5,28.16,41.95
HIP 81800,250.61538018,49.93670286,6.48,F8V,34.0,133.43,-107.77
HIP 81803,250.62127741,-37.07914846,6.47,G3III,8.41,-22.13,-84.23
HIP 81823,250.7017491,-62.55390958,6.23,K3III,2.22,-1.12,-8.71
HIP 81833,250.72391068,38.92246103,3.48,G8III-IV,29.11,35.58,-84.98
HIP 81840,250.74334035,55.68992369,6.18,A2p...,11.04,55.8,80.28
HIP 81847,250.76485909,-46.07028333,6.22,F5Iab,-0.2,-0.39,-3.89
HIP 81852,250.7725818,-77.51657182,4.23,K0III,20.69,-282.83,-355.03
HIP 81854,250.77557016,77.51347098,5.99,F4V,27.78,56.38,206.46
HIP 81873,250.84213946,-67.43231072,6.02,A0Vn,10.7,15.6,-31.1
HIP 81891,250.91137378,-32.10588875,6.46,B8V,4.16,-9.4,-23.03
HIP 81903,250.94043203,-41.11914006,6.21,A4V,7.58,-31.28,-26.4
HIP 81904,250.94834906,-38.15624103,6.05,B9II/III,4.64,-9.72,-43.2
HIP 81911,250.96557908,34.03866333,6.02,F2.5III-IV,18.19,-72.92,57.56
HIP 81914,250.97535885,-41.11329362,6.14,B6/B7V,6.72,-10.75,-20.67
HIP 81966,251.16564097,-53.15228963,5.96,G8III,4.74,-10.74,-9.66
HIP 81972,251.1775089,-40.83962254,5.64,B3V,6.62,-11.52,-21.63
HIP 81992,251.25086797,-28.50965621,5.99,A3IV,4.32,-28.2,-0.47
HIP 82012,251.29917503,43.21729222,6.07,K4III,5.11,-8.63,-50.54
HIP 82020,251.3241238,56.78168723,4.84,F2V,37.41,26.31,69.96
HIP 82028,251.34377167,15.74541189,5.6,M3III,6.31,24.04,-50.64
HIP 82037,251.37365324,1.02014536,6.02,B9.5III,6.84,-3.84,6.63
HIP 82073,251.45788751,8.58257816,5.15,K5III,9.3,-2.86,15.67
HIP 82080,251.49233961,82.03725071,4.21,G5IIIvar,9.41,19.54,4.67
HIP 82091,251.52656503,-46.53191768,6.47,A1V,7.28,-3.28,-32.42
HIP 82110,251.5884478,-58.50356849,5.74,B2IV-V,3.89,-2.22,-10.78
HIP 82129,251.66672526,-67.10965828,5.1,Ap,5.21,-15.2,-13.34
HIP 82135,251.69988126,-39.37689836,5.48,K0III,8.83,-17.66,-26.16
HIP 82162,251.79066579,2.06456336,6.07,A3V,6.62,-11.0,-15.19
HIP 82171,251.83193375,-58.34139234,5.55,B0Iab,1.56,-5.77,-20.09
HIP 82172,251.83227018,42.23897955,5.86,M4IIIa,4.39,2.29,-25.31
HIP 82216,251.94346342,5.24684013,5.22,B9p (Cr),7.09,-21.75,-38.74
HIP 82241,252.0369784,13.59033775,6.38,G5III,4.8,12.73,-17.33
HIP 82259,252.11243757,-14.90939987,6.03,A0IV/V,7.3,-17.12,-8.79
HIP 82273,252.16610742,-69.02763503,1.91,K2IIb-IIIa,7.85,17.85,-32.92
HIP 82321,252.3091638,45.9834478,4.82,A2p...,18.62,22.78,-51.37
HIP 82339,252.36528942,-15.66800077,6.18,A3V,13.47,1.04,12.77
HIP 82350,252.39447601,13.2611997,5.91,A1V,11.34,-29.03,-24.26
HIP 82355,252.41905893,43.43045963,6.18,K0IV,5.38,-10.62,-9.36
HIP 82363,252.44629764,-59.04131648,3.77,K5III,10.41,39.59,-25.28
HIP 82369,252.45822137,-10.78280069,4.64,F7IV,27.04,93.7,-81.94
HIP 82396,252.54268738,-34.29260982,2.29,K2IIIb,49.85,-611.83,-255.87
HIP 82402,252.58062783,7.24770528,5.48,A3m,17.3,51.83,-8.98
HIP 82405,252.59270693,-2.65424668,6.32,F1III-IV,16.71,2.37,-44.91
HIP 82418,252.65036131,-50.04493814,6.45,A5+...,13.28,-6.35,-3.14
HIP 82419,252.65062571,41.8963468,6.29,K3III:,8.05,-71.17,63.03
HIP 82422,252.66234241,29.80654506,5.73,M1III,3.53,-5.54,-2.99
HIP 82426,252.67972265,32.55355943,6.16,K0III,10.36,24.12,44.65
HIP 82453,252.7501592,-37.5144812,6.1,B8II/III,3.82,-6.44,-12.6
HIP 82480,252.85391115,1.21598136,5.51,A2Vs,9.45,-17.2,-14.02
HIP 82493,252.89050874,-41.23053288,5.23,O9e,0.48,0.55,-0.44
HIP 82504,252.93856397,24.65641963,5.03,K2II-III,4.3,10.3,5.45
HIP 82514,252.96766195,-38.04732717,3.0,B1.5IV + B,3.97,-8.84,-21.6
HIP 82517,252.97451958,-65.37542484,6.12,B8II/III,3.44,-1.17,-13.38
HIP 82539,253.07409716,-67.68151371,6.33,K2III,8.64,-52.82,-49.2
HIP 82543,253.08020506,-41.85451309,6.36,WN...,-0.93,-2.26,-0.37
HIP 82545,253.08397295,-38.01747781,3.56,B2IV,6.31,-12.92,-23.8
HIP 82554,253.11426283,-40.72310509,6.35,B9p Si,5.54,-9.27,-19.9
HIP 82587,253.24216797,31.70171538,5.34,F0V,33.3,-91.15,-17.1
HIP 82611,253.32330049,47.41649815,5.99,K2III,5.34,-40.83,93.55
HIP 82621,253.35523754,-20.41548861,5.86,G5IV,35.73,-58.05,-27.26
HIP 82650,253.42682079,-43.05089096,5.95,M3II/III,2.81,-15.13,-31.8
HIP 82669,253.49522453,-41.99432103,6.28,B1Ia,-0.58,-0.21,-2.33
HIP 82671,253.49886366,-42.36201968,4.7,B1Iae,-1.13,-0.48,-2.17
HIP 82672,253.50168481,-57.90920925,5.91,M0III,4.74,-40.8,-122.49
HIP 82673,253.50209743,10.16544339,4.39,B8V,13.95,-53.75,-34.68
HIP 82676,253.50765901,-41.80638305,5.46,B0.5Ia,0.55,-1.75,-2.47
HIP 82691,253.54192541,-41.82503271,6.07,O7e,-1.37,0.42,-2.86
HIP 82693,253.54416698,-1.61210963,6.25,F0V,13.7,9.62,-80.15
HIP 82716,253.61225569,-42.4788755,5.84,F5Ib-II,-0.27,0.57,-6.33
HIP 82723,253.63147503,-49.71078963,6.49,K1II,2.32,0.24,-4.45
HIP 82729,253.64627156,-42.36075916,3.62,K4III,21.67,-126.55,-227.77
HIP 82730,253.6487981,-6.15392897,5.23,K2III,13.14,-30.23,-21.86
HIP 82731,253.64974943,-30.587337,6.34,A5IIIm...,5.17,29.45,-1.45
HIP 82764,253.7297302,20.95848435,5.39,G8III,12.8,56.33,1.5
HIP 82775,253.74377203,-41.15085448,5.78,O8Iab+...,0.34,-0.16,-1.36
HIP 82780,253.75895431,25.73072818,6.06,G5III,7.14,20.13,-19.42
HIP 82783,253.76387657,-42.09082407,6.3,O9Ia,-0.15,-0.68,-2.72
HIP 82798,253.81653725,13.61999289,6.35,F5II,12.72,37.01,-34.06
HIP 82802,253.84265772,18.43318381,5.35,K4III,9.19,-114.79,11.85
HIP 82806,253.85282694,-63.26962566,5.99,A0III,7.27,7.66,-13.72
HIP 82855,253.99059176,-33.50688932,6.29,K5III,5.61,14.49,6.5
HIP 82860,254.00566477,65.13467204,4.88,F6Vvar,66.28,238.05,50.84
HIP 82861,254.00747514,-16.8063382,6.33,K0/K1III/IV,24.72,81.8,30.96
HIP 82868,254.03687484,-50.67476677,6.3,B3Vnpe,4.34,-10.21,-9.55
HIP 82880,254.06973909,73.12791647,6.29,F0V,10.27,-0.88,-20.48
HIP 82898,254.10548137,65.03904488,6.4,F1V,14.9,-34.43,32.72
HIP 82902,254.12000822,-52.28364331,5.94,A0III,10.35,-35.74,-42.44
HIP 82911,254.14990852,-40.82345259,6.18,B0.5Ia,-0.86,0.3,-0.17
HIP 82925,254.20015918,-23.15032178,5.57,A0V,8.99,-2.29,-9.89
HIP 82944,254.25443644,-71.11155701,6.46,A5IV/V,1.96,-8.47,-35.91
HIP 82951,254.26663364,-19.53983923,6.27,B7/8III,4.78,-18.97,-7.04
HIP 82960,254.29655015,-33.2594689,5.48,K5III,4.5,5.93,-9.61
HIP 82979,254.35833565,-10.96315727,6.15,G8III-IV,13.0,0.28,-88.88
HIP 82987,254.37933698,25.35280257,6.27,G5III:,5.87,8.05,15.85
HIP 82989,254.38370142,13.88394324,6.38,K0V,16.29,-81.01,69.73
HIP 83000,254.41779418,9.37505626,3.19,K2IIIvar,37.99,-293.03,-9.7
HIP 83007,254.42626311,24.38130868,6.35,K0III,6.72,6.48,-20.08
HIP 83013,254.45910609,42.51255034,6.36,K3III,6.0,-10.23,-41.0
HIP 83057,254.57478718,-50.64109176,5.53,B9IV,6.23,-10.2,-38.25
HIP 83081,254.65512817,-55.99005508,3.12,K5III,5.68,-18.31,-35.29
HIP 83090,254.67317572,-14.86961006,6.48,F3IV/V,20.67,-2.07,-25.14
HIP 83100,254.71772463,-37.62041528,6.05,A3III,12.13,10.23,-38.08
HIP 83114,254.76072549,69.18634733,6.41,K0,11.46,-0.18,-40.64
HIP 83138,254.83987304,56.68850477,6.04,K1III:,10.99,-52.85,36.63
HIP 83150,254.89159236,-69.26813178,5.79,Ap Si,3.32,-13.94,-13.12
HIP 83153,254.89602773,-53.16049005,4.06,K4III,10.72,1.12,21.53
HIP 83176,254.99043286,-25.09216189,5.88,M1/M2III,6.76,2.68,-15.0
HIP 83187,255.02619645,-54.59700158,5.64,A3V,19.74,-7.69,-73.04
HIP 83196,255.03949377,-24.98893659,5.74,F3V,30.05,49.14,-54.89
HIP 83207,255.07252582,30.92633926,3.92,A0V,20.04,-47.68,26.89
HIP 83216,255.11239709,-48.64756342,5.98,G5IV,8.39,-16.98,-80.41
HIP 83235,255.15413916,-35.9339762,5.95,K2IIICN...,11.18,-8.01,-64.36
HIP 83254,255.24225416,22.6321519,5.69,K3III,1.07,-8.7,-23.29
HIP 83255,255.24350817,-86.36429709,6.05,A2V,5.45,8.21,0.0
HIP 83262,255.26510631,-4.22245426,4.82,K4III,8.11,-40.28,-77.92
HIP 83269,255.27927895,-56.55501465,6.4,Ap...,2.76,-2.5,-25.55
HIP 83289,255.32074149,60.6486584,6.16,K1III,9.24,-45.35,39.36
HIP 83308,255.38769941,14.94971947,6.27,B9p CrEu,5.92,5.82,-1.13
HIP 83313,255.40149728,33.56826922,5.27,A3IV,11.05,2.46,0.25
HIP 83317,255.41700268,75.29766654,6.17,F0IVn,22.26,14.16,-69.58
HIP 83321,255.44317436,-51.13091716,6.43,A7V,10.08,-10.88,-44.83
HIP 83323,255.44746025,-58.95822634,6.26,B2IVne,1.43,-2.65,-7.58
HIP 83331,255.46363788,-18.88549646,6.28,K1III,7.24,-30.48,-17.16
HIP 83336,255.46937192,-32.14340148,5.03,B8V,6.64,-9.64,-48.35
HIP 83342,255.49566563,8.45066223,6.33,A4V,8.6,26.8,2.64
HIP 83359,255.56573264,64.60065516,6.11,G5V,9.05,-20.32,34.34
HIP 83365,255.57121184,31.88406501,6.41,K0,9.74,27.83,22.62
HIP 83367,255.57775223,25.50537839,5.76,G7III:,8.84,55.19,99.25
HIP 83430,255.78273333,14.0921003,4.97,M3III,7.97,25.96,-63.21
HIP 83431,255.78628886,-53.23662642,5.27,F6V,37.97,1.16,-165.1
HIP 83462,255.87580951,35.41415358,6.19,M4III,4.7,29.0,-43.17
HIP 83478,255.91381185,13.60542885,5.91,A1V,12.38,-21.43,-33.96
HIP 83481,255.92368071,-47.16058422,6.07,A2/A3V,5.26,-0.3,5.28
HIP 83491,255.96197569,-38.1524875,5.91,F3V,15.61,90.49,-34.72
HIP 83493,255.969473,19.69049258,6.35,A...,2.92,-22.94,8.55
HIP 83494,255.97341989,34.7902371,6.08,A5V,18.5,-60.78,-6.13
HIP 83499,255.98654601,-37.84415453,6.48,O5f,-0.21,1.9,4.71
HIP 83504,255.99178693,13.56773647,6.06,K1III,9.66,22.66,-130.21
HIP 83535,256.10302112,-57.71210729,5.73,B5IV,4.51,-3.54,-24.38
HIP 83556,256.14043478,-68.27864298,6.47,M3/M4III,2.6,-7.94,-21.06
HIP 83565,256.17224125,19.59910193,6.19,B9.5V,5.43,13.6,1.44
HIP 83567,256.18887255,-20.49464339,6.29,B7IV/V,8.21,-5.42,-24.64
HIP 83574,256.20562945,-34.12292247,4.83,B2Iab,1.22,1.98,-3.2
HIP 83575,256.20727778,48.80413179,6.11,K1III,9.87,26.77,-71.48
HIP 83593,256.27058505,43.81223885,6.45,A3IV,6.94,3.3,-0.11
HIP 83594,256.27246159,-45.50204313,6.28,A2V,10.22,-27.02,-34.53
HIP 83601,256.32011831,0.70337361,6.0,F9V,49.06,-15.67,-335.11
HIP 83608,256.3340928,54.46986308,4.91,F5,37.08,-66.0,73.86
HIP 83613,256.34441753,12.74085469,4.89,A4IV,22.68,50.63,-11.02
HIP 83635,256.38440349,-0.8920654,5.63,B1V,4.26,4.34,-1.91
HIP 83650,256.45193881,-44.10510266,6.18,A4III,15.16,11.4,25.04
HIP 83677,256.54017278,9.7338552,6.38,K5,5.4,7.84,5.37
HIP 83684,256.54919394,-21.56440204,6.29,A1m...,10.17,-7.57,-74.51
HIP 83688,256.55427907,10.45386241,6.38,G8III-IV,8.56,37.35,6.4
HIP 83692,256.57545246,22.08424707,5.56,K4III,9.11,-97.78,-38.65
HIP 83693,256.58414643,-37.22753062,5.98,A2IV,7.73,-7.95,-24.42
HIP 83706,256.61819932,-35.45103893,6.15,O9.5Iab,2.73,2.38,-3.03
HIP 83738,256.72057683,-1.65611713,6.34,A9V,11.38,34.88,-28.15
HIP 83740,256.7217787,-26.51299082,6.26,B8/B9II,2.52,-2.72,-12.71
HIP 83816,256.94461556,40.51613969,6.34,A2IV,6.82,-37.0,-35.26
HIP 83834,257.00290075,31.20623662,6.44,K2,3.19,-3.13,-19.36
HIP 83838,257.00867045,35.93521504,5.41,A5m,18.55,-24.25,-17.05
HIP 83853,257.05690056,-1.07937767,6.06,A3V,12.0,-10.55,-40.37
HIP 83854,257.06188469,-17.60896664,5.98,K0III,8.13,4.62,-34.99
HIP 83857,257.07117476,50.84220964,6.46,A1V,4.73,-7.66,25.66
HIP 83895,257.19677111,65.71463676,3.17,B6III,9.6,-20.76,19.15
HIP 83896,257.19810689,-30.40356872,5.93,Fm,12.21,-11.89,-66.39
HIP 83906,257.22729747,-3.8826068,6.35,G8IV-V,28.26,-54.85,-158.21
HIP 83947,257.38867303,40.77701519,5.07,K3III,11.73,-43.78,7.37
HIP 83962,257.44965775,-10.5230375,5.43,F5IV,24.79,54.71,-108.57
HIP 83984,257.52616256,-61.67544103,6.37,B8II/III,2.25,-2.75,-6.35
HIP 84012,257.59442659,-15.72514757,2.43,A2.5Va,38.77,41.16,97.65
HIP 84021,257.62768928,52.40879075,6.3,B9V,7.69,-14.6,-8.75
HIP 84033,257.67646022,-44.5575511,5.06,G8/K0III+..,10.87,-33.25,-69.11
HIP 84054,257.76321245,24.23762081,6.2,A8V,11.41,-11.66,30.27
HIP 84105,257.91114525,-48.87338828,5.94,M1/M2III,3.93,5.94,-4.36
HIP 84108,257.91773133,49.74631151,6.12,A5III,10.33,19.31,18.7
HIP 84113,257.93841699,7.89472891,6.34,K0III,8.11,33.07,13.56
HIP 84143,258.038233,-43.23849039,3.32,F3p,45.56,22.01,-287.41
HIP 84150,258.06756446,-39.50677484,5.66,A0/A1V,15.46,-13.81,-71.78
HIP 84151,258.06896779,-38.82241917,6.3,K1IIICN...,8.82,17.46,-47.61
HIP 84158,258.08269833,-70.72089238,6.21,K1IVCN...,14.3,49.04,-78.16
HIP 84175,258.10444671,-27.76200634,6.12,B9Vn...,5.97,-8.01,-48.38
HIP 84177,258.11585728,10.58522897,5.32,M2III,4.2,6.06,-25.22
HIP 84183,258.1356641,62.87422062,5.54,F0IV,24.01,15.91,48.03
HIP 84226,258.2439872,-32.4383273,5.95,B1Ib,0.87,1.98,-1.99
HIP 84248,258.32546891,-67.19637197,5.87,K0III-IV,9.98,-156.26,-90.1
HIP 84311,258.55585391,-56.88851206,6.08,M1/2II/III+A,2.54,4.22,-5.91
HIP 84332,258.61523157,-39.76664573,6.42,K0Ia,-0.6,-1.76,-1.6
HIP 84345,258.66192687,14.39025314,2.78,M5IIvar,8.53,-6.71,32.78
HIP 84379,258.75801735,24.83958739,3.12,A3IVv SB,41.55,-21.14,-157.68
HIP 84380,258.76189282,36.80915527,3.16,K3IIvar,8.89,-27.35,2.7
HIP 84401,258.83019699,-33.54841317,5.6,O9,0.73,0.1,-2.98
HIP 84402,258.8345646,-14.58412556,5.98,K1III,10.63,-18.86,-5.88
HIP 84405,258.83869698,-26.60004896,4.33,K2:III:,167.08,-473.69,-1143.93
HIP 84425,258.90032398,-38.59295116,5.95,G0V,32.6,-169.82,-388.8
HIP 84431,258.92290165,23.74270442,5.99,K2III,4.37,-41.52,23.17
HIP 84445,258.96400223,-30.21062099,6.2,B9/B9.5V,8.81,-14.43,-45.27
HIP 84478,259.05698088,-26.54341625,6.33,K5V,167.56,-479.71,-1123.37
HIP 84479,259.05939112,2.18624365,6.17,A2V,5.54,11.32,-17.03
HIP 84489,259.09034067,-35.74946511,6.09,F6V,31.03,-111.08,-342.47
HIP 84496,259.12270011,60.6705795,6.32,K1.5IIIb,6.76,-40.83,14.43
HIP 84500,259.13216019,1.21058377,5.89,B5Vnn,5.38,-4.39,-15.73
HIP 84510,259.14874621,-74.53288068,6.24,A0V,10.06,-23.89,-52.4
HIP 84514,259.15294004,-0.44514192,4.72,K2III,14.97,-33.09,-63.92
HIP 84524,259.17813721,-6.2449569,6.08,K0,8.01,-8.86,-7.58
HIP 84535,259.23858572,89.03771546,6.31,M1III,3.72,-23.03,-3.07
HIP 84551,259.26547645,-32.66270528,5.53,F6V,19.8,-99.18,-55.48
HIP 84556,259.27308305,-44.77858705,6.46,B0.5Iab:,-0.69,1.55,-3.48
HIP 84573,259.33154372,33.10011419,4.8,B1.5Vp,3.77,-3.68,-5.74
HIP 84599,259.3994005,23.09063832,6.25,K2,1.83,-2.93,-4.78
HIP 84606,259.41785775,37.29134328,4.64,A2V,18.34,-42.74,63.76
HIP 84626,259.50298647,-24.28688289,5.14,K:...,8.98,-59.49,-7.69
HIP 84631,259.52055177,17.31791351,6.0,A1V,8.12,11.87,-11.12
HIP 84649,259.58029693,-16.31190245,6.28,M0/M1III,4.05,1.44,10.45
HIP 84650,259.58546532,-32.55308889,6.36,B5III,2.59,-2.16,-7.39
HIP 84656,259.59700051,38.81121445,5.97,G7III:,10.2,-12.39,74.11
HIP 84671,259.65410656,10.86471277,5.03,K4II-III,4.72,8.08,-97.65
HIP 84690,259.6993281,-44.12970725,5.76,B9V,9.62,-11.78,-16.14
HIP 84691,259.7020634,28.82298375,5.68,K0III,10.24,47.98,-6.63
HIP 84709,259.73483426,-34.98957161,5.91,K4V,143.45,1149.24,-90.8
HIP 84720,259.76230946,-46.6365001,5.47,M0V,113.81,1035.25,109.22
HIP 84731,259.80212875,-59.69459145,5.93,K2IIICN...,1.59,-1.74,-8.39
HIP 84759,259.87712119,-50.06368383,6.27,F2III,17.95,7.16,-32.33
HIP 84769,259.90436303,80.13639898,5.74,K5III,3.29,18.49,0.16
HIP 84780,259.94370698,2.13948284,6.43,M5III,5.44,23.85,23.26
HIP 84792,259.97230144,-17.75647881,6.03,A0V,8.74,-3.16,-26.6
HIP 84801,259.99803077,-5.91703822,6.31,G9V,18.74,45.42,-193.58
HIP 84821,260.04094409,25.53764398,5.36,A3III,6.49,13.13,-16.91
HIP 84833,260.07860691,18.05721601,5.01,M2III,6.9,8.99,-55.69
HIP 84835,260.08811224,46.24068047,5.51,M0III,5.66,-29.83,40.92
HIP 84855,260.13998009,48.18879904,6.36,F6Vawvar,24.96,207.18,-3.35
HIP 84862,260.16447313,32.47027246,5.38,G0V,69.48,135.4,-1040.55
HIP 84880,260.2068148,-12.846882,4.32,A0/A1V,16.86,42.75,2.72
HIP 84883,260.21916423,-10.69635486,6.46,F1III+...,21.19,51.86,-22.61
HIP 84887,260.2259101,24.49943984,5.13,A2V,7.05,-19.36,-1.91
HIP 84893,260.25087615,-21.11243499,4.39,F2/F3V,57.48,262.01,-204.74
HIP 84934,260.38013023,28.75809921,6.37,G0III,6.09,12.16,0.8
HIP 84938,260.38935959,16.73126622,6.35,M2III,4.39,-6.46,-15.5
HIP 84947,260.42326204,-24.90600939,6.36,K3III,5.07,-34.21,-38.49
HIP 84949,260.43172028,39.97480822,5.55,F9Vn...,15.53,5.67,-65.62
HIP 84950,260.43895966,53.42042212,5.69,K5III,5.52,18.54,2.6
HIP 84969,260.49806157,-67.7706496,4.76,K1III,10.46,-37.1,-7.78
HIP 84970,260.50243371,-24.99948797,3.27,B2IV,5.79,-8.84,-23.64
HIP 84979,260.52449572,-70.12317887,5.39,B8/B9Vn...,2.85,-1.73,-12.04
HIP 85019,260.65793288,-35.91093287,6.42,F8V,27.03,88.18,96.2
HIP 85020,260.66340872,-37.80463731,6.33,B4Ia+...,-1.15,-1.48,0.13
HIP 85042,260.71358055,-2.38791454,6.28,G5IV,51.39,49.94,-107.54
HIP 85048,260.72806023,-37.22069314,5.91,K1III,7.75,19.96,-38.37
HIP 85049,260.73011706,-58.0102893,5.86,G8Ib/II,4.15,-5.59,-15.56
HIP 85068,260.77963562,-56.52555632,5.76,G8/K0III,7.98,7.48,3.75
HIP 85079,260.817004,-47.4681538,5.21,B2IIIne,4.52,-6.66,-17.63
HIP 85084,260.83996212,-28.14276032,5.3,K4/K5III,5.44,0.37,-29.26
HIP 85112,260.92072033,37.14592396,4.15,B9.5III,8.12,-38.58,9.19
HIP 85139,260.99005723,8.85258733,5.77,K1III,3.03,4.22,-6.91
HIP 85147,261.00448429,-62.86413165,5.69,B2IV,1.99,0.66,-8.95
HIP 85149,261.00942844,38.58269551,6.48,F8IV,6.04,-12.32,35.78
HIP 85157,261.02756159,22.96037466,5.7,F0IV,23.37,-43.53,-36.77
HIP 85162,261.05455256,-44.1625017,5.1,B7III,4.31,-6.87,-30.41
HIP 85169,261.07831712,-60.6737692,5.76,B8Ib/II,4.62,0.52,-12.29
HIP 85181,261.11305613,36.9518207,6.25,G5III+...,4.77,-25.17,44.63
HIP 85185,261.13137304,16.30107639,5.75,A3V,7.55,12.58,-28.83
HIP 85187,261.14081507,15.60602165,6.34,B9V,6.7,6.94,10.98
HIP 85195,261.15429357,-18.44574264,6.34,B8V,4.69,14.72,-7.98
HIP 85207,261.17516721,-21.44141348,5.82,K0III,10.81,-14.94,-27.0
HIP 85235,261.25375612,67.30669599,6.44,K0V,78.14,-531.0,3.65
HIP 85237,261.26111805,-34.69600968,6.14,Ap...,6.45,-2.0,-18.88
HIP 85242,261.27594197,-24.24371231,6.17,K0III,7.68,21.64,11.9
HIP 85258,261.32498828,-55.52982397,2.84,K3Ib-II,5.41,-8.23,-24.71
HIP 85267,261.34858274,-56.37768824,3.31,B1Ib,2.87,-0.77,-15.85
HIP 85268,261.35059537,52.79080663,6.46,G0,36.8,-90.9,-50.59
HIP 85290,261.4223484,60.04834069,5.65,A1Vn,9.58,-8.1,23.57
HIP 85302,261.4765552,16.91753762,6.09,M4III,5.0,-13.95,16.44
HIP 85307,261.49100049,-1.65190384,6.44,F3V,16.19,61.73,52.24
HIP 85312,261.50012163,-50.63353205,5.19,K1III,8.19,15.8,9.18
HIP 85313,261.5035957,26.87868518,6.38,A5IV,4.82,7.88,20.28
HIP 85317,261.52019525,58.65186189,6.49,A4V,9.15,-8.81,13.74
HIP 85333,261.57920731,7.59566929,6.01,A0...,3.95,0.02,-7.82
HIP 85340,261.59257241,-24.17502346,4.16,A3IV:m,38.96,-1.97,-117.69
HIP 85355,261.62866503,4.14034239,4.34,K3IIvar,2.78,1.25,7.09
HIP 85365,261.65806271,-5.08649188,4.53,F3V,33.28,-91.53,-42.75
HIP 85379,261.68434277,48.26007218,5.83,A4V,8.98,0.22,-3.02
HIP 85382,261.69235534,34.69569698,5.94,A0V,11.63,-27.61,43.04
HIP 85385,261.70469683,20.08093784,5.52,B5V,6.94,0.16,16.11
HIP 85389,261.71659776,-45.84296289,5.28,B8V,5.44,-6.43,-27.58
HIP 85391,261.73043254,-25.94339733,6.42,B9.5/A0V,7.71,-9.67,-26.79
HIP 85393,261.73477483,-51.94878604,6.17,B8/B9V,6.59,15.04,-13.52
HIP 85397,261.75884919,-12.51233441,6.2,F7V,22.08,41.02,-63.37
HIP 85405,261.79118923,-15.85333977,6.48,K0II/III,6.99,-6.12,-8.45
HIP 85409,261.80191959,-50.6303656,5.9,B9II,1.95,3.04,-1.93
HIP 85423,261.8386001,-29.86669942,4.28,F3III,29.26,14.38,-137.41
HIP 85442,261.90648805,-29.7244896,5.98,B9.5IV,5.44,-8.1,-31.72
HIP 85450,261.93362195,8.44214144,6.42,M4III,3.96,13.08,-42.11
HIP 85470,261.99006555,-52.29702909,5.72,K2III,10.44,-15.57,-57.04
HIP 85474,262.00994813,-8.2080587,6.37,F5IV,10.97,-84.75,-129.61
HIP 85480,262.03282619,-63.03618478,6.22,B7/B8V,4.17,-9.86,-22.72
HIP 85520,262.16213171,-55.16966503,5.93,G8II/III,3.63,3.08,-8.76
HIP 85537,262.20705273,0.33057703,5.41,A8V,15.86,-64.73,19.86
HIP 85543,262.2337058,-36.7782678,5.98,K0III,5.12,-3.09,-5.04
HIP 85549,262.25360309,-43.97389932,6.3,B5III,2.15,-3.5,-8.06
HIP 85589,262.35665611,-38.51694348,6.38,A1V,9.83,22.92,9.59
HIP 85622,262.44736311,-5.91932263,6.36,K0III,13.88,-33.13,-64.4
HIP 85666,262.59436211,11.92398112,6.47,A1V,10.55,11.67,14.06
HIP 85667,262.59946496,-1.06250365,5.31,G8IV-V,60.8,-126.64,-172.0
HIP 85670,262.60823708,52.30135901,2.79,G2II,9.02,-15.59,11.57
HIP 85688,262.66753462,38.88217133,6.43,F6III,3.29,1.19,12.52
HIP 85692,262.6815006,57.87685725,6.22,K2III,2.82,12.32,-13.83
HIP 85693,262.68457505,26.1106045,4.41,K3IIIvar,8.88,18.39,16.78
HIP 85696,262.69099501,-37.29574016,2.7,B2IV,6.29,-4.19,-29.14
HIP 85699,262.69570753,86.96802383,5.78,A2m,20.88,56.09,9.68
HIP 85715,262.73071285,31.15810073,5.63,G8III,8.65,3.81,15.59
HIP 85727,262.77490395,-60.68360667,3.6,B8V,17.42,-53.65,-99.37
HIP 85749,262.83893822,2.72446012,5.57,G8III,8.75,-19.25,19.22
HIP 85751,262.84701749,-56.92095404,5.99,B7II/III,1.52,-0.85,-4.16
HIP 85755,262.85396193,-23.96258036,4.78,A0V,7.65,4.91,-25.9
HIP 85760,262.8644714,-80.85902834,5.83,M3III,4.02,-2.27,-43.34
HIP 85783,262.9348963,-26.26965423,6.05,B9II/III,7.47,-2.83,-22.57
HIP 85786,262.94735241,-33.70308126,6.43,K2III,8.13,-7.68,-31.45
HIP 85788,262.95456928,-46.0367764,6.04,F8/G0Ib,1.62,2.53,-2.62
HIP 85790,262.95655998,28.40743646,5.66,A1V,11.86,7.46,25.64
HIP 85792,262.96050661,-49.87598159,2.84,B2Vne,13.46,-31.27,-67.15
HIP 85805,262.9912082,68.13470186,5.07,K0III,15.02,-13.56,132.7
HIP 85819,263.04340826,55.18411077,4.89,Am...,32.96,148.53,54.24
HIP 85822,263.05373826,86.58632924,4.35,A1Vn,17.85,10.54,53.97
HIP 85826,263.06199676,11.93000748,6.42,B9.5V,6.59,2.69,16.32
HIP 85829,263.06616249,55.17280674,4.86,Am,32.64,143.71,62.46
HIP 85839,263.10264642,-34.27932379,6.16,F2IV,9.55,-11.58,-33.39
HIP 85888,263.28045982,41.24359953,5.72,K1III:,8.62,-67.5,-62.08
HIP 85889,263.28077941,-41.17305756,5.84,B9Ib/II,3.32,2.43,-3.6
HIP 85912,263.3451751,19.25689917,5.65,F6V,27.26,-29.48,-91.32
HIP 85922,263.37445668,-5.74457168,5.61,A5V,20.66,-42.2,-95.38
HIP 85923,263.38167294,57.55870857,6.15,A5V+...,4.32,6.64,5.08
HIP 85927,263.40219373,-37.10374835,1.62,B1.5IV+...,4.64,-8.9,-29.95
HIP 85930,263.41413313,16.31770553,5.68,K0III:,10.2,-5.67,-62.67
HIP 85934,263.42819351,14.84177698,6.36,M4IIIa,4.53,22.09,-73.53
HIP 85975,263.57037807,-48.52688385,6.32,G6/G8III,6.93,-33.37,39.62
HIP 85998,263.65287832,9.58672378,5.8,A2V,9.54,6.63,-9.77
HIP 86011,263.67704498,-32.58165772,5.69,O5/6(e),0.96,3.68,-1.68
HIP 86019,263.69312162,-11.24200693,5.54,B8Vn,8.65,3.02,3.24
HIP 86032,263.73335321,12.56057584,2.08,A5III,69.84,110.08,-222.61
HIP 86036,263.74687828,61.8758315,5.23,G0V,70.98,277.38,-525.62
HIP 86060,263.82708859,-22.04380131,6.47,Ap Si,3.69,-3.25,-8.45
HIP 86064,263.83296419,-53.35288403,6.09,B9III,3.04,-6.28,-18.27
HIP 86088,263.89584304,-59.84609702,6.26,B5II/III,2.33,-4.26,-7.29
HIP 86092,263.91504719,-46.50559076,4.56,A0V,8.46,-25.13,-38.32
HIP 86096,263.92651408,37.30158659,6.13,G9III,7.67,9.44,3.0
HIP 86098,263.92947954,-37.4397919,6.48,A0V,9.64,-9.17,-35.55
HIP 86118,263.99818491,20.99627817,6.11,A7IV,8.5,6.71,-15.06
HIP 86130,264.03375242,28.18501951,6.4,K5,7.77,1.7,29.56
HIP 86153,264.08926229,27.56680721,6.37,M1II,3.38,-4.59,-69.36
HIP 86170,264.13686148,-38.63486521,4.26,G8/K0III/IV,22.64,-18.47,-182.29
HIP 86178,264.15302243,30.78519255,6.04,A5V,15.07,30.58,-5.66
HIP 86182,264.15677461,48.58547866,5.35,K1III,9.91,31.75,64.13
HIP 86184,264.16679686,69.57125889,6.33,F9V,23.53,-53.74,-217.54
HIP 86201,264.23787472,68.75718933,4.77,F5V,42.62,1.34,321.05
HIP 86219,264.2868215,72.45575693,5.87,G9III,10.17,24.06,15.34
HIP 86228,264.32969072,-42.99782155,1.86,F1II,11.99,6.06,-0.95
HIP 86246,264.36215923,-38.06635738,6.26,G2Ib,1.15,0.16,-2.76
HIP 86248,264.3637993,-50.05948478,5.89,K0III-IV,9.43,0.84,-89.48
HIP 86254,264.37957747,24.3099689,5.76,A2Vn,13.59,-6.19,9.29
HIP 86263,264.39677181,-15.39840835,3.54,F0IIIp,30.93,-39.3,-61.27
HIP 86266,264.40085142,-15.57103656,5.94,F0IV,1.22,0.99,-0.64
HIP 86284,264.46133236,-8.11872126,4.58,B8II-IIIMNp,5.94,-11.7,-20.38
HIP 86305,264.52319296,-54.50007025,5.25,A7V,23.71,-49.68,-149.54
HIP 86311,264.53518901,-42.88020256,6.09,B8V,4.71,-4.66,-29.62
HIP 86313,264.53963734,-10.92624683,5.74,K0III,7.67,-14.4,-8.61
HIP 86352,264.68695573,-21.91262453,6.19,G6III/IV,9.66,-33.94,-13.69
HIP 86373,264.74111526,13.32915582,6.12,F6III,10.68,-20.6,43.51
HIP 86391,264.78532668,2.02810485,6.25,F4IV...,8.42,45.38,-22.53
HIP 86414,264.86621847,46.00632216,3.82,B3V SB,6.58,-7.17,3.97
HIP 86462,264.98968601,31.2024431,6.05,M2III,6.12,-9.41,11.15
HIP 86476,265.0497773,-2.15227627,6.08,K2.5Ib,5.99,-6.55,-10.32
HIP 86486,265.09888468,-49.41515481,4.76,F3IV,45.72,104.28,-177.67
HIP 86501,265.15631676,43.47052764,6.36,K2,8.41,54.62,56.79
HIP 86506,265.17178162,31.28766077,6.3,K0III,8.09,-59.41,-75.11
HIP 86510,265.18570532,-67.85412144,6.48,G8III,8.6,-43.14,-20.85
HIP 86527,265.24394821,-32.21444835,6.01,K3III + (G),2.13,-2.03,-6.55
HIP 86537,265.27290643,24.51312096,6.37,K1III+...,4.88,-18.35,54.84
HIP 86546,265.29582024,15.17838782,6.34,A1V,7.76,-7.69,-4.83
HIP 86552,265.31763202,-46.92181116,5.78,A0V,4.94,10.77,-7.68
HIP 86561,265.34085523,51.81818247,6.0,K0III:,9.83,-28.54,-0.27
HIP 86565,265.35381884,-12.87517268,4.24,A2Va,19.41,-72.16,-55.22
HIP 86575,265.38468625,6.31316423,5.97,G7III,2.63,-2.97,-3.22
HIP 86614,265.4846127,72.14949916,4.57,F5IV-V,45.38,26.6,-269.77
HIP 86620,265.49182676,72.15757591,5.81,G0V,44.8,34.97,-273.61
HIP 86623,265.49432602,15.95217942,5.54,F4Vw,28.15,-6.99,103.01
HIP 86628,265.51507361,-50.51066693,6.28,M3III,2.2,2.19,-15.02
HIP 86667,265.61832228,24.56431006,5.56,K4III,8.92,-55.19,-103.84
HIP 86670,265.62199908,-39.02992092,2.39,B1.5III,7.03,-6.49,-25.55
HIP 86698,265.71288389,-36.94550742,5.53,K5III,6.02,8.42,-23.5
HIP 86713,265.77325256,44.08423552,6.38,K4III,2.67,-42.39,34.71
HIP 86716,265.77860253,-33.05127544,6.44,M1III,1.22,-2.98,-5.48
HIP 86725,265.82377433,-27.88397195,6.4,F0III/IV,1.11,4.04,-3.72
HIP 86731,265.84016161,24.32764591,5.73,G2IIIb,26.13,-116.66,72.26
HIP 86732,265.8417558,14.29509983,6.22,F5II,8.78,1.24,28.02
HIP 86736,265.85772897,-21.68308566,4.86,F6/F7V,57.0,-97.93,-44.57
HIP 86742,265.86823714,4.56691684,2.76,K2III,39.78,-40.67,158.8
HIP 86768,265.94593637,-7.07958249,6.3,B1.5V,2.34,-7.12,-10.39
HIP 86769,265.95188377,-13.50842917,6.36,F0V,23.43,-71.14,-110.93
HIP 86782,265.99651272,53.80175482,5.75,A2V,7.9,13.32,-16.35
HIP 86796,266.0363211,-51.83358836,5.12,G5V,65.46,-15.06,-191.17
HIP 86809,266.07186946,14.41003119,6.18,A3m,6.93,-3.69,14.62
HIP 86831,266.14203543,2.57940751,6.16,A1IV-V,7.09,7.21,13.64
HIP 86847,266.17502411,-42.72930009,5.87,A2/A3IV/V,12.12,5.18,-0.97
HIP 86871,266.232683,-57.54551015,5.97,G8III,8.03,18.09,-12.25
HIP 86925,266.41763106,31.50468387,6.22,A0Ib,0.8,4.56,-2.27
HIP 86929,266.43334347,-64.7237345,3.61,K1III,8.79,-11.08,-56.37
HIP 86974,266.61549553,27.72249917,3.42,G5IV,119.05,-291.42,-750.0
HIP 87042,266.78039682,-38.11209711,6.41,A0V,8.55,-3.36,-27.6
HIP 87044,266.78349746,17.69704078,5.61,A1V,8.86,11.07,-11.19
HIP 87045,266.7835254,47.61222292,6.47,A2Vs,7.6,-13.94,6.63
HIP 87072,266.89011276,-27.83076255,4.53,F7II,3.03,-3.62,-10.67
HIP 87073,266.89617137,-40.12698197,2.99,F3Ia,1.82,0.44,-6.4
HIP 87074,266.90330267,-14.72578118,5.93,B9V,6.39,-22.19,-17.58
HIP 87099,266.93999971,-22.47776778,6.18,G3/G5Ib,1.8,1.49,-9.45
HIP 87108,266.97322515,2.70745875,3.75,A0V,34.42,-23.15,-75.12
HIP 87150,267.08430782,3.80419752,6.22,B9.5V,1.32,14.59,7.04
HIP 87158,267.10313561,20.56542749,5.69,G5IV,13.04,25.03,5.52
HIP 87163,267.11598733,-26.97493164,6.31,B3Vn,2.87,-1.17,-5.48
HIP 87174,267.15868334,-55.4018266,6.09,A9IV,19.58,-21.39,34.56
HIP 87192,267.19949521,19.25499439,6.13,A1V,5.33,-8.84,9.13
HIP 87194,267.20478791,25.62296216,5.09,K2III,15.94,-3.67,-38.51
HIP 87212,267.26805764,50.78054478,5.02,A2V,15.03,-51.89,218.15
HIP 87220,267.2936388,-31.70318435,4.79,B8Ib/II,5.37,4.22,-7.89
HIP 87224,267.3293655,1.96122606,6.44,K0III,9.54,-7.4,77.12
HIP 87234,267.36223704,76.96227797,5.02,F6IV-Vs,31.13,37.33,247.98
HIP 87261,267.4643802,-37.04337105,3.19,K0/K1III,25.71,42.09,27.77
HIP 87264,267.47086372,-61.71465892,6.41,B9IV,4.73,5.47,-18.75
HIP 87293,267.54208678,78.30651595,6.25,K5,3.66,3.3,9.56
HIP 87294,267.5462917,-40.09042823,4.78,A6Ib,0.88,3.63,-2.73
HIP 87308,267.59529976,29.32202669,5.51,K1III,12.23,30.88,47.88
HIP 87314,267.61829297,-53.61238082,5.68,B2V + B3V,3.96,2.43,-10.42
HIP 87335,267.68170518,11.94662907,6.19,K1III-IV,6.41,-9.0,-33.26
HIP 87341,267.70155128,22.31638065,6.14,A9V,10.25,16.75,-20.73
HIP 87379,267.79596178,-53.1302703,6.09,B9.5III/IV,6.42,15.79,0.65
HIP 87390,267.88572115,-40.77232768,5.94,M2III,4.42,-51.34,-55.0
HIP 87393,267.89779898,-60.16401809,5.78,K0III,8.79,-0.14,-15.69
HIP 87404,267.93562958,-45.60068694,6.09,G6III,4.78,11.16,-7.98
HIP 87427,267.99360355,15.32627417,6.43,K0III,7.4,-6.88,40.23
HIP 87428,267.99769952,-1.2368115,6.33,K0,7.33,-3.25,2.44
HIP 87434,268.00368246,46.64385563,6.37,K0III,9.31,30.21,-115.78
HIP 87445,268.01970821,39.98196397,6.01,K4III,4.67,-12.64,51.5
HIP 87460,268.05691299,-34.79918358,5.88,B6Ib,3.93,3.29,-5.35
HIP 87472,268.08233216,-34.41683044,5.84,G8/K0III,4.38,3.35,-4.86
HIP 87491,268.14776351,1.30504981,5.91,K5III,9.3,-32.72,-14.91
HIP 87495,268.16126597,-6.14356506,6.18,G3Ibv SB,1.14,-0.7,-5.09
HIP 87516,268.20509107,-34.11482109,6.05,K1III,4.68,2.37,-4.83
HIP 87523,268.21863448,-41.99605927,6.19,F8V,30.55,141.81,-190.53
HIP 87532,268.23999275,-35.62418307,6.03,F2V,15.57,9.28,-54.04
HIP 87540,268.26463725,-10.8994888,6.17,K1III:,11.94,43.55,-30.22
HIP 87558,268.3094164,6.10125423,5.77,F4IV-V,31.87,-127.82,69.89
HIP 87563,268.32509092,40.00783707,5.17,K3III,8.97,7.85,50.36
HIP 87564,268.32590763,-65.48844303,6.48,K0/K1III,6.28,-22.87,-64.85
HIP 87567,268.33157778,-34.73079237,6.14,B4III,3.95,1.65,-8.07
HIP 87569,268.34779437,-34.89510976,5.58,K3III,3.09,2.38,-6.15
HIP 87585,268.38178961,56.87245216,3.73,K2III,29.26,93.65,78.44
HIP 87616,268.47821519,-34.75270986,6.0,B9IV/V,3.23,2.45,-4.7
HIP 87624,268.49222234,-34.83104228,6.41,Ap...,3.35,4.33,-4.59
HIP 87655,268.55920521,11.13095438,6.24,F5Vn,14.72,-70.81,-163.11
HIP 87670,268.6114413,75.17121497,6.39,K0,6.81,-12.52,38.11
HIP 87671,268.61300345,-34.46671107,6.1,B9.5/A0III,3.87,1.9,-4.62
HIP 87706,268.72517769,-24.88708859,6.18,O7/O8,-0.4,1.29,-2.65
HIP 87722,268.78345435,-36.47563276,6.05,B9.5III,4.36,2.88,-5.22
HIP 87728,268.79640765,72.00513388,5.43,F2.5II-III,4.51,8.03,-2.92
HIP 87744,268.84840678,55.97109132,6.09,F0IV,17.75,35.7,124.46
HIP 87747,268.85494207,26.04997848,5.47,F2Iavar,1.02,4.39,4.97
HIP 87777,268.96171591,22.46422113,5.62,K3III,6.67,-2.11,-0.17
HIP 87782,268.97900684,-18.80210517,6.48,A1V,8.99,13.03,-20.23
HIP 87808,269.06324389,37.25052158,3.86,K1IIvar,4.87,2.74,7.24
HIP 87812,269.07667921,0.67035571,5.82,B2IV-V,3.93,-3.72,-0.36
HIP 87813,269.07933864,-15.81236072,5.93,A0V,13.11,-9.61,-66.17
HIP 87822,269.10073445,-65.72096439,6.36,F8V,28.92,84.63,-318.58
HIP 87833,269.15157439,51.48895101,2.24,K5III,22.1,-8.52,-23.05
HIP 87836,269.17424596,-28.0653494,5.76,A7III/IV,19.87,31.86,-18.17
HIP 87846,269.19760682,-44.34219871,4.85,K2III,9.39,-3.19,-19.5
HIP 87847,269.19895085,-4.08180189,5.44,G9III,7.66,-5.52,-8.86
HIP 87850,269.20214415,45.35092731,6.22,M6Sv,3.26,15.41,-31.48
HIP 87865,269.23285579,-40.30564844,6.46,K3III,5.66,25.34,2.14
HIP 87866,269.23318538,6.48773401,6.28,B9III,4.79,19.79,-1.65
HIP 87875,269.26792871,0.06668731,5.95,A3V,10.46,20.54,-9.23
HIP 87895,269.30973653,23.99571002,6.32,G2V,35.02,-17.28,73.7
HIP 87910,269.36245797,11.04456794,6.33,A1V,9.36,-9.82,-10.33
HIP 87926,269.42367575,-76.17794609,6.08,K2III,5.48,1.16,-1.34
HIP 87928,269.42807533,-56.89622335,6.26,B4III,2.51,-2.49,-11.71
HIP 87933,269.44096106,29.24792527,3.7,K0III,24.12,82.33,-18.73
HIP 87936,269.44919385,-41.71625842,4.88,M0III,5.96,-1.71,-15.14
HIP 87948,269.49082375,-39.13646688,6.28,A0IV/V,6.35,-8.62,-23.2
HIP 87998,269.62562385,30.18926892,4.41,F2II,4.1,-0.48,3.23
HIP 88012,269.66270935,-28.75907603,5.99,B3II/III,2.45,-0.82,-5.21
HIP 88020,269.67632168,36.28791591,6.03,G5III:,9.42,6.61,-49.09
HIP 88030,269.71794193,45.47615489,6.48,B9sp...,6.99,0.4,26.98
HIP 88038,269.73199696,-36.85840855,5.74,G8III,8.93,12.1,13.51
HIP 88048,269.75665662,-9.77334973,3.32,K0III,21.35,-10.31,-116.12
HIP 88060,269.771999,-30.25300479,5.0,K5/M0III,3.49,2.51,-8.3
HIP 88101,269.90318648,-4.82091169,5.86,K5III,5.9,-2.5,-88.3
HIP 88116,269.94815306,-23.81601126,4.74,B9V,7.47,-5.4,-50.3
HIP 88122,269.98417988,45.50146059,5.69,M0III,5.34,3.89,-34.03
HIP 88125,270.00033368,-20.33949167,6.22,K0III,3.8,1.83,-23.4
HIP 88127,270.01402261,80.00052413,6.11,K2Vvar,19.64,54.58,130.47
HIP 88128,270.01425282,16.75094481,4.67,K0II-III,4.97,-7.53,-10.61
HIP 88136,270.03777781,80.00379394,5.74,K2Vvar,18.84,46.91,124.03
HIP 88148,270.06525642,0.62948791,6.36,A3spe...,8.26,20.25,-2.03
HIP 88149,270.06582324,4.36864674,4.79,B2Ve,4.82,1.78,-12.95
HIP 88172,270.11522556,19.50578365,6.42,B8Vn,2.01,5.2,0.8
HIP 88175,270.12050178,-3.69016112,4.62,F3V,43.11,154.17,-44.43
HIP 88190,270.1515728,33.21373928,6.01,K6III,4.37,-4.12,-23.61
HIP 88192,270.16131466,2.93158759,3.93,B5Ib,2.3,0.41,-8.22
HIP 88213,270.22024348,6.26831149,6.36,B2IV,2.17,0.89,-6.98
HIP 88217,270.23875892,15.09379176,6.28,G5IV,22.2,-50.98,-99.34
HIP 88258,270.34634319,-17.15685222,6.27,K2III,1.76,-1.64,-6.68
HIP 88267,270.37667886,21.59568814,4.26,G5,6.93,7.55,38.79
HIP 88274,270.39253838,-85.21447624,6.45,F4V,14.91,-4.48,-144.72
HIP 88277,270.39953406,33.31121818,6.18,K5III,3.37,22.02,19.54
HIP 88290,270.43828967,1.30510936,4.42,A2Vn,12.31,15.43,-13.61
HIP 88294,270.45126566,-36.37780307,6.3,B7/B8II/III,4.52,-7.38,-24.98
HIP 88298,270.47658742,-22.78029065,5.72,B0Iab...,-0.14,-0.49,-2.95
HIP 88331,270.59604036,20.83364838,5.25,B3IV,3.17,-1.85,-6.91
HIP 88346,270.62564696,22.92324285,6.22,B3Vn,4.83,-2.99,-5.45
HIP 88380,270.71290783,-24.28242475,5.37,F2/F3II/III,2.95,0.69,-17.7
HIP 88404,270.77046145,-8.18025785,4.77,F5V+...,19.22,15.11,-37.61
HIP 88415,270.78697484,48.46423648,6.26,A2V,6.2,21.37,13.43
HIP 88429,270.81068909,19.61315807,6.41,A0V,8.01,-4.4,-0.47
HIP 88469,270.96851862,-24.36072589,5.89,O6,0.66,0.64,-1.71
HIP 88522,271.155655,1.9190071,6.14,B0IIIn,-0.76,-0.06,-6.25
HIP 88528,271.16749339,23.94217079,6.34,F0IV-V,16.12,16.27,-70.55
HIP 88550,271.20995733,-35.90136032,5.98,K2III,9.18,-14.0,-33.55
HIP 88565,271.25339289,41.94605135,6.38,F0V,17.44,-19.75,98.16
HIP 88567,271.2550938,-29.5800762,4.66,G0Ib/II,1.57,4.03,-4.61
HIP 88599,271.36143072,-81.48644851,6.37,K3/K4III,3.53,28.45,-49.29
HIP 88601,271.36338682,2.50243928,4.03,K0V SB,196.62,124.56,-962.66
HIP 88604,271.37553926,21.64661981,6.18,K3III:,7.9,11.94,1.69
HIP 88635,271.45218586,-30.42365007,2.98,K0III,33.94,-55.75,-181.53
HIP 88636,271.4566582,32.23072212,5.72,K0III,4.69,19.1,-19.96
HIP 88657,271.50795297,22.21889206,4.96,M3IIIa+...,5.3,-13.33,-5.26
HIP 88670,271.53083743,-8.32391503,5.84,B8III-IV,5.72,-2.45,-16.72
HIP 88671,271.53100222,-0.4460979,6.32,G8IIp,6.43,-21.49,-12.55
HIP 88675,271.53838778,-51.74388948,6.46,A2III,2.14,3.21,-6.45
HIP 88684,271.56297335,-4.75117796,5.74,K1IV,28.61,142.64,-30.41
HIP 88694,271.59851342,-36.01980798,5.94,G3V,57.58,105.44,7.99
HIP 88714,271.65782832,-50.09145462,3.65,B2Ib,3.22,-8.43,-9.26
HIP 88726,271.70785224,-43.42496169,4.92,A5V,22.79,9.49,-104.72
HIP 88732,271.72280287,50.82259866,6.31,K0III,8.45,4.73,92.23
HIP 88745,271.75669828,30.56186809,5.05,F7V,63.88,-100.93,111.7
HIP 88754,271.77622643,49.71039279,6.32,A2V,4.52,0.6,19.82
HIP 88760,271.79730511,-21.44393246,6.22,B1/B2Ib,0.77,-0.26,-2.15
HIP 88765,271.82647643,8.73379361,4.64,G8III-IV,13.71,9.79,30.24
HIP 88771,271.8375861,9.56365345,3.71,A4IVs,39.4,-61.6,79.71
HIP 88788,271.86974331,43.46203247,5.0,G8III...,8.98,1.94,-58.0
HIP 88794,271.88562824,28.76247025,3.84,B9.5V,9.39,-0.17,7.51
HIP 88815,271.95156071,-64.55003748,6.4,K2/K3III,6.09,-8.33,-57.38
HIP 88816,271.95168241,-17.15430069,5.52,K0III,13.08,-103.48,58.14
HIP 88817,271.9562881,26.09726716,5.79,A3V,19.65,-10.47,29.79
HIP 88818,271.95651031,26.10122114,5.83,A3V,14.27,-1.92,24.37
HIP 88836,272.00961362,36.40171633,5.49,K2III,15.66,-95.0,-186.09
HIP 88839,272.02067917,-28.45701627,4.55,K0IIICNpvar,9.38,24.77,-31.59
HIP 88859,272.12545979,-45.76697281,6.13,B7/B8II,4.0,-2.56,-17.39
HIP 88862,272.14058047,14.28471737,6.34,A5m,6.13,-5.81,-0.48
HIP 88866,272.14496186,-63.66804844,4.33,Am,23.55,17.45,-207.64
HIP 88876,272.1607778,-21.44955654,6.42,A2/A3Iab,1.08,-0.95,-2.33
HIP 88886,272.1895526,20.81457203,4.37,B2IV,2.14,-2.71,-6.2
HIP 88899,272.22024304,20.04528382,5.1,A8III,10.16,8.45,-21.05
HIP 88929,272.292425,30.46919267,6.36,K1III:,7.41,73.52,139.13
HIP 88964,272.39110031,3.99328654,5.71,F2V,19.62,50.07,-4.47
HIP 88972,272.40688326,38.45891534,6.38,K2V,90.11,-316.17,-468.33
HIP 88981,272.43071298,-13.93442721,6.38,K1II,4.87,14.61,-3.34
HIP 89000,272.47502296,3.12029682,5.67,F5V,21.3,13.68,-193.49
HIP 89006,272.48996303,-59.0401754,6.38,K4III,5.08,-25.57,-2.74
HIP 89008,272.49577622,36.46625671,5.57,G8III,7.52,13.14,11.2
HIP 89010,272.49984266,-32.71927087,6.39,K0III,8.94,1.25,-150.02
HIP 89020,272.52418933,-30.72859747,5.53,K1III + (F),9.05,12.57,-28.23
HIP 89023,272.53636926,16.47661734,6.09,B9V+...,2.17,-1.65,-11.42
HIP 89042,272.60941453,-62.00276787,5.47,G0V,56.32,-77.6,234.68
HIP 89047,272.63138418,54.2859522,5.97,K1III,20.0,108.16,246.87
HIP 89065,272.66786991,3.32426855,5.5,K2III,7.91,18.87,-5.34
HIP 89086,272.73060993,-33.80006816,6.13,B2II/III,-0.31,1.13,-0.73
HIP 89096,272.7683641,-47.51304791,6.07,K1III-IV,6.65,-2.92,-29.98
HIP 89099,272.77306755,-41.35902019,5.86,F0Vn,12.13,32.46,-38.3
HIP 89112,272.80740093,-45.95432704,4.52,G5III,7.98,-16.28,-37.26
HIP 89114,272.81161273,-19.84188262,6.33,A2V,8.94,-3.75,-30.85
HIP 89115,272.81567436,-75.89079431,5.86,K3III,12.88,16.71,-294.43
HIP 89153,272.93053328,-23.70116777,4.96,K0III,13.35,7.82,-27.75
HIP 89156,272.93796497,33.44702748,5.98,A3V,4.27,13.52,12.14
HIP 89172,272.97569523,31.4052884,4.96,M3III,5.42,-14.46,25.21
HIP 89234,273.14235762,-73.67177867,5.86,F5V,24.48,-54.84,-262.65
HIP 89246,273.17759517,41.14694669,6.36,K0III,6.85,-10.1,-43.99
HIP 89279,273.27009912,38.77347463,6.04,B9IIIn,5.06,-6.68,7.54
HIP 89290,273.30291529,-41.33609648,5.47,B2.5III,1.97,-3.29,-5.94
HIP 89298,273.3188664,21.88020909,6.14,K4III,0.63,61.39,50.64
HIP 89341,273.44086963,-21.05883031,3.84,B2III:,0.11,1.72,-1.39
HIP 89347,273.46758969,2.39349229,6.43,K2,2.78,-1.39,-11.19
HIP 89348,273.4723271,64.39719935,4.99,F5V,42.56,351.62,36.05
HIP 89369,273.56629234,-21.71310708,5.49,K2III,6.45,-15.0,-23.4
HIP 89370,273.56814899,-63.689541,6.47,K4III,5.31,-26.31,-57.99
HIP 89439,273.80377287,-20.7282667,5.29,B0/1Ia/ab,-0.33,2.9,-1.26
HIP 89440,273.80403819,-20.38796936,5.96,B0.5Ib/II,-0.22,2.83,-1.9
HIP 89448,273.82103715,68.75596485,5.96,K1III:,11.48,17.17,-63.73
HIP 89470,273.87818188,-18.66157177,6.05,Ap Si,0.83,0.53,-2.15
HIP 89474,273.88553064,45.20959588,6.3,G2V,44.08,-76.98,-114.4
HIP 89482,273.91158071,42.15934312,5.56,B7IV,6.04,-2.93,0.95
HIP 89487,273.91942956,-63.05530804,5.58,K0III/IV,11.02,-35.71,-23.95
HIP 89507,273.97247295,-44.20649632,5.45,G8/K0III,12.16,69.29,14.67
HIP 89512,273.99137704,-3.61798359,6.35,A4V,6.91,-0.5,-3.52
HIP 89527,274.02323196,2.37758611,6.1,M4III,4.62,-6.83,-28.61
HIP 89587,274.22121187,-3.00673658,5.99,G3III,9.91,18.11,-273.27
HIP 89597,274.25382686,-51.06824435,6.06,B9V,9.07,0.91,-10.85
HIP 89604,274.27895133,40.93657224,6.12,G9III,9.36,-174.25,63.6
HIP 89605,274.28140609,-56.02331993,5.36,B3IIIpe,4.39,-5.36,-12.99
HIP 89609,274.29845504,-17.37385188,5.81,K2III,3.12,-1.78,-14.18
HIP 89620,274.34860342,-28.28860655,6.36,F8V,33.72,132.39,-151.56
HIP 89622,274.35033079,-28.65202985,6.18,A5V,8.21,10.55,-14.41
HIP 89623,274.35065994,-9.75846509,6.29,A8V,7.58,4.82,-46.41
HIP 89637,274.40103799,-34.10723517,6.03,B3/B4IV/V,3.7,-5.3,-9.31
HIP 89642,274.4072049,-36.76128103,3.1,M2III,21.87,-129.27,-166.61
HIP 89674,274.50398642,-68.22921619,6.32,B9V,4.68,0.44,-16.97
HIP 89677,274.51226775,13.77705548,6.29,B5V,2.93,-2.83,-7.22
HIP 89678,274.51328312,-27.04263452,4.66,K3III,4.66,4.48,-2.76
HIP 89684,274.53214741,18.13168429,6.24,B9V,4.37,-3.17,2.61
HIP 89683,274.53217527,23.29693573,6.45,K5,1.95,11.88,-11.96
HIP 89726,274.66730983,-42.28838505,6.3,B0.5Ia,-0.74,3.77,-5.8
HIP 89772,274.78984693,7.25976189,5.41,K2III,22.24,-45.38,1.96
HIP 89773,274.79447741,24.44604619,5.3,K4II SB,2.55,8.4,5.41
HIP 89805,274.91699348,-63.88589103,6.17,F9V,43.64,38.89,-276.16
HIP 89826,274.96550503,36.06444696,4.33,K2IIIvar,13.71,-16.14,41.32
HIP 89827,274.96696427,29.66638344,6.01,K4III,4.98,-2.46,3.56
HIP 89835,274.98373083,51.34794769,6.3,K1III:,7.95,-36.22,-51.42
HIP 89851,275.03653519,-15.83160305,5.39,K3III,6.93,40.03,-38.66
HIP 89861,275.0745983,21.9614409,4.92,M1III,7.66,17.51,-59.29
HIP 89908,275.18933831,71.33772734,4.22,A0p (Si),11.28,-5.91,35.79
HIP 89918,275.21692548,3.37714467,4.85,G8III,12.11,1.71,8.45
HIP 89920,275.22995361,-37.4876307,6.46,K2II,1.43,-1.66,-7.27
HIP 89925,275.23737263,29.85879387,5.61,A5m,17.36,0.69,54.1
HIP 89931,275.24842337,-29.82803914,2.72,K3III,10.67,29.96,-26.38
HIP 89935,275.25423981,28.86983516,5.12,A7V,11.79,4.01,48.81
HIP 89937,275.25974572,72.73369763,3.55,F7Vvar,124.11,531.08,-351.59
HIP 89943,275.27977872,49.72540851,6.39,K1III,4.88,0.66,23.51
HIP 89962,275.32883578,-2.897122,3.23,K0III-IV,52.81,-547.57,-700.72
HIP 89968,275.34578527,-18.85998365,5.76,F8II,2.52,-2.76,-6.48
HIP 89977,275.36834467,5.43574551,6.14,B3Ve,0.97,-3.12,-8.05
HIP 89980,275.38068395,-24.91527108,6.19,M3III,2.8,4.44,-2.15
HIP 89981,275.38618655,49.12146945,5.02,M2III,4.32,-24.18,51.06
HIP 90012,275.50055387,-28.42995389,6.15,A3III,6.87,6.98,-3.51
HIP 90023,275.53622172,23.28498721,5.41,K5III,4.82,11.61,77.88
HIP 90037,275.57751714,-38.65682498,5.09,K4/K5III,6.48,-42.28,-28.28
HIP 90052,275.64713837,12.02964433,5.99,A2V,6.81,8.9,14.61
HIP 90067,275.70414875,17.82657724,5.25,K3III,7.48,72.52,16.06
HIP 90074,275.72115824,-36.66949254,5.33,B7Ib/II,5.27,-1.69,-25.97
HIP 90083,275.75876704,-10.21892931,6.32,B9.5V,9.51,9.22,-22.24
HIP 90086,275.76223559,16.68803424,6.22,K0,6.58,-11.28,-14.12
HIP 90096,275.80069792,-12.01470763,5.71,B5V,5.33,-8.14,-19.62
HIP 90098,275.80675239,-61.49390506,4.35,M1III SB,7.76,0.53,1.7
HIP 90124,275.870088,-36.23800004,5.52,K0III,10.21,7.61,5.34
HIP 90133,275.90182621,-75.04432557,5.47,A0V,16.59,4.48,20.06
HIP 90135,275.91480755,-8.93451038,4.66,K0III,17.08,51.89,52.29
HIP 90139,275.92402821,21.77034249,3.85,K2III,25.4,195.54,-242.92
HIP 90146,275.94981191,53.30086319,6.35,A3m,9.59,23.59,-10.67
HIP 90156,275.97770388,58.8005852,4.98,A3V,17.31,-37.64,62.08
HIP 90163,275.98864382,38.73917674,6.41,K2,3.8,7.79,13.64
HIP 90174,276.01499107,-3.58304161,6.36,F6III-IV,15.1,-16.78,-47.43
HIP 90182,276.0382524,83.17545653,6.16,A2V,5.95,18.39,-23.4
HIP 90185,276.04310967,-34.3843146,1.79,B9.5III,22.55,-39.61,-124.05
HIP 90191,276.05750733,39.50724983,5.11,A3IVn,7.39,-21.31,-4.56
HIP 90200,276.07600345,-44.1102013,5.24,B2.5Vn,6.22,1.11,-22.55
HIP 90223,276.13795104,-49.65251379,6.45,G2V,35.46,33.03,-150.18
HIP 90238,276.17520437,-7.07587257,6.28,K0,11.62,134.9,-26.17
HIP 90253,276.23835484,-1.57940317,6.15,F1V,7.54,6.05,-4.1
HIP 90256,276.24358491,27.39481834,6.27,A2Vn,8.41,1.65,-14.35
HIP 90260,276.25630334,-30.75640093,5.58,K0III,4.99,-127.97,-69.59
HIP 90289,276.33764809,-20.54160918,4.81,A1/A2V,5.46,8.26,-28.72
HIP 90290,276.34040865,-35.99203084,6.14,K0III,7.07,-34.7,2.24
HIP 90304,276.38178872,-63.02128653,6.13,A3V,14.03,0.57,-101.87
HIP 90313,276.41167222,8.0320244,5.64,G8III-IV+..,4.04,-4.24,-7.39
HIP 90336,276.47752648,-33.94569163,6.3,B7III,3.39,-1.58,-10.88
HIP 90337,276.48014319,14.96628017,6.37,B9V,8.72,-7.6,-19.85
HIP 90342,276.49488169,29.82898959,5.81,A2IV,7.63,23.23,-24.45
HIP 90344,276.49578299,65.56354628,4.82,K2III,10.28,106.52,-27.07
HIP 90414,276.72503769,-48.11710875,5.44,K0/K1III+..,6.16,3.74,-55.09
HIP 90422,276.74345947,-45.96832919,3.49,B3IV,13.08,-16.68,-53.33
HIP 90441,276.80212484,0.19612982,5.2,G0III+...,6.81,-2.64,-8.79
HIP 90476,276.92538623,59.54901845,6.43,K0IV,8.93,45.76,38.51
HIP 90478,276.93233601,-26.63475516,6.31,A7V,12.95,-9.1,-36.94
HIP 90485,276.95618477,-29.81690216,5.9,F8V,27.53,-0.84,15.16
HIP 90487,276.95967451,3.74858969,6.07,K3III,2.38,-1.97,-8.09
HIP 90494,276.98533921,-17.80034975,6.19,B8III/IV,5.75,-2.73,-2.91
HIP 90496,276.99278955,-25.42124732,2.82,K1IIIb,42.2,-44.81,-186.29
HIP 90497,276.99489066,6.19416039,5.71,B8III-IV,4.41,-1.25,-23.26
HIP 90510,277.02571606,-26.75715814,6.28,A3/A4V,12.1,-8.64,-35.91
HIP 90509,277.02644303,-84.38723353,6.49,B8/B9V,5.47,13.15,-9.13
HIP 90541,277.11297477,-38.9955695,5.63,A2m...,6.54,-0.21,-41.67
HIP 90568,277.20723319,-49.07003097,4.1,G8/K0III,25.6,137.9,-229.14
HIP 90595,277.29938301,-14.56580499,4.67,A1IV/V,11.19,3.07,-3.48
HIP 90597,277.30363419,-43.84599218,6.36,G8III,6.37,0.79,21.96
HIP 90606,277.33342045,-80.23255408,5.95,K2III,9.36,-23.34,-63.39
HIP 90637,277.39879328,23.86620645,5.87,B6IV,2.21,0.05,-1.95
HIP 90642,277.42067689,-1.98522563,5.38,K0III,13.81,29.75,-33.81
HIP 90647,277.43734872,77.54706964,5.65,K4III,6.87,1.59,-0.7
HIP 90651,277.44477862,-14.58202326,6.02,Ap,11.46,21.87,15.08
HIP 90662,277.48298947,-47.22051319,5.69,K2III,5.49,29.59,-13.41
HIP 90664,277.48615404,-57.52308279,5.74,K0III,9.12,56.44,-24.91
HIP 90687,277.5493464,-18.72857432,5.63,K0III,11.13,33.67,-90.48
HIP 90692,277.55957304,-5.7241282,6.27,G8II-III,5.63,-2.22,-16.89
HIP 90729,277.67350531,20.81568735,6.49,G8IV,27.92,16.29,-263.84
HIP 90759,277.76229716,-41.91375727,6.02,A3V,12.76,-2.99,-31.45
HIP 90762,277.76861912,16.92860639,5.76,A2V,7.88,-33.04,-20.79
HIP 90763,277.77018839,-32.9890014,5.37,A5V,9.32,-1.48,-46.53
HIP 90797,277.84344394,-62.27819116,4.63,B8III,6.81,-0.96,-45.59
HIP 90804,277.8570535,-10.79579343,5.77,B2V,4.7,1.67,-17.6
HIP 90806,277.85958633,-18.40264541,5.12,B9/B9.5V,15.3,-6.98,-21.43
HIP 90830,277.93931691,-45.9147436,4.92,B6IV,4.1,-3.77,-28.8
HIP 90842,277.98426606,-43.50736445,5.71,K2III,2.62,-1.04,-7.5
HIP 90844,277.98745241,-1.00296614,5.93,A4III,5.72,10.03,-4.63
HIP 90853,278.00810133,-45.7573539,5.07,B3III,2.92,1.26,-11.55
HIP 90858,278.02867924,3.65959509,6.41,A0sp...,2.73,9.22,3.24
HIP 90884,278.08607249,-14.64421705,6.36,A4/A5IV/V,13.51,-3.15,-21.05
HIP 90887,278.08877815,-39.70390941,5.16,A3V,14.83,31.98,-37.62
HIP 90905,278.14384287,57.04561627,4.77,F7Ib,1.13,0.32,-7.09
HIP 90913,278.18050927,-14.8656543,5.47,K3Iab,2.57,0.15,-3.37
HIP 90915,278.19227861,23.61677633,5.88,K5III,4.11,13.32,10.21
HIP 90923,278.20812019,30.55418062,5.47,B8IV,8.92,13.4,11.61
HIP 90930,278.23053953,-73.96538378,5.88,K0III,9.16,6.89,-87.25
HIP 90936,278.25354464,-39.89182658,6.22,F5V,27.72,86.32,-80.29
HIP 90967,278.34464313,-5.91164933,6.36,A0Vn,8.75,-11.04,-28.17
HIP 90969,278.34616671,-38.7200027,6.31,B8,6.67,10.02,-12.51
HIP 90968,278.34638866,-38.72593259,5.67,B9.5,1.9,-0.6,-21.79
HIP 90971,278.34709587,8.26827334,6.42,B8IIIp SiSr:,2.06,-0.86,-9.12
HIP 90981,278.37268558,-58.70853166,6.4,G5IV,19.84,23.92,-104.06
HIP 90982,278.37566714,-42.31245871,4.62,G5III,3.76,32.48,-21.03
HIP 90991,278.41251698,-14.85359142,5.74,A0/A1V,15.42,27.26,-9.49
HIP 91004,278.47286565,-24.03226534,5.49,K3III,0.95,-2.99,-7.1
HIP 91013,278.48624439,52.35350951,5.38,K0III,4.1,-3.26,3.03
HIP 91014,278.4906866,-33.01653262,5.28,B2III/IV,1.46,2.35,-11.19
HIP 91062,278.6297281,-52.89141853,6.21,K2III,5.93,-16.99,-41.99
HIP 91090,278.69787478,10.89200074,6.48,A1V,5.13,6.87,3.78
HIP 91105,278.75984804,-10.97719406,5.12,G8III,11.25,49.1,-5.04
HIP 91117,278.80182442,-8.24330819,3.85,K2III,18.72,-18.98,-314.63
HIP 91118,278.80245637,18.20339202,5.79,A0Vn,4.82,21.25,7.46
HIP 91119,278.80626144,34.45800106,6.1,B5Vn,3.14,2.83,8.41
HIP 91132,278.83880126,-20.84043868,6.49,F0IV/V,10.71,28.68,-1.39
HIP 91139,278.87664511,23.6055287,5.62,G8III,6.7,3.31,0.73
HIP 91142,278.90198202,4.93606108,6.47,A2pvar,9.74,30.7,-29.84
HIP 91159,278.97163554,16.97586994,6.21,G2Vv comp,29.23,49.09,-71.19
HIP 91172,278.99850622,-29.69907952,6.36,K1III,3.08,4.6,-9.93
HIP 91196,279.05518973,65.48851424,6.07,F0V,13.94,20.28,83.43
HIP 91217,279.1159838,9.12281663,5.38,F5III,25.75,-6.29,-133.88
HIP 91235,279.15562439,33.46903738,5.41,B8II-IIIp..,6.25,-9.01,-0.39
HIP 91237,279.16288632,6.67215598,5.43,F3V,31.53,-30.62,-144.29
HIP 91250,279.18971607,43.22184097,6.21,F0V,7.94,21.91,-10.77
Vega (α Lyr),279.23410832,38.78299311,0.03,A0Vvar,128.93,201.02,287.46
HIP 91279,279.28771035,16.19817678,6.31,G8IV,11.14,14.71,48.58
HIP 91315,279.38963009,62.52646287,5.74,A0V,7.66,-8.4,52.56
HIP 91322,279.39981039,-0.30942411,5.76,A2V,5.06,11.74,-19.83
HIP 91347,279.47678201,-21.39756504,5.93,A5IV,10.38,-2.57,-65.66
HIP 91369,279.51866979,-14.00476208,6.49,B8II/III,4.7,-0.63,-7.79
HIP 91373,279.52696572,39.66830549,6.02,M4.5II,2.72,6.69,8.6
HIP 91394,279.59914723,-3.19372155,6.49,F9IV,20.01,6.47,33.59
HIP 91405,279.62798112,-23.5048456,5.78,B8III,7.01,-0.53,-19.6
HIP 91438,279.72269706,-21.05150199,5.85,G5V,77.02,-74.88,-151.87
HIP 91461,279.80946248,-47.90980354,5.84,A3V,9.91,26.39,14.85
HIP 91491,279.88760628,40.93506238,6.25,B9V,4.04,14.79,-1.26
HIP 91494,279.89660339,-43.18577561,5.42,M2III,3.99,-31.47,-42.22
HIP 91499,279.9036492,5.26428186,6.36,F8Ib-II,3.0,1.74,2.02
HIP 91523,279.96499361,7.35870967,6.26,G8III,6.68,-2.13,-45.82
HIP 91525,279.97003869,52.19602352,6.0,A0p...,5.79,5.44,21.39
HIP 91532,280.00166783,-7.79070788,5.82,K4III,6.19,-21.13,-37.3
HIP 91533,280.00805744,30.84938758,6.43,K0,5.62,-13.18,34.23
HIP 91552,280.05077302,38.36717856,6.45,A6m,6.51,19.27,6.81
HIP 91606,280.23499041,62.74933514,6.1,K0III,8.51,9.36,53.87
HIP 91662,280.37789502,-48.09440735,6.47,K3III,7.29,-16.02,-114.52
HIP 91675,280.42210755,31.61759677,6.41,B8V,2.95,8.3,6.31
HIP 91677,280.42691728,-14.56424178,6.4,F2/F3Ib/II,0.71,1.49,-0.78
HIP 91689,280.46504286,-23.83335457,6.22,A3m...,15.71,30.77,-28.05
HIP 91707,280.53369641,34.74631578,6.49,B5V,2.47,-0.17,-3.66
HIP 91723,280.55983879,-81.80807287,6.27,B8V,5.89,14.62,-16.78
HIP 91726,280.56842553,-9.05255357,4.7,F2IIIp d Del,17.44,7.87,2.02
HIP 91733,280.59428923,-64.64297471,6.35,A5V,4.25,-3.22,-28.75
HIP 91751,280.65050619,-7.07363239,6.13,K0.5III,13.43,-6.83,-8.97
HIP 91755,280.65815094,55.53940044,5.03,B9.5p...,8.96,-2.65,23.36
HIP 91781,280.72961269,-19.28412831,6.32,M4III,2.67,-12.59,-33.33
HIP 91792,280.75889095,-71.42772867,4.01,K2III,15.55,1.25,-158.29
HIP 91811,280.79309753,70.79286156,6.28,K2,5.34,5.61,-5.3
HIP 91820,280.8190461,39.30008217,6.45,K5,2.4,-0.7,-6.44
HIP 91843,280.870866,53.87179692,6.18,A2IV,2.72,5.71,-12.3
HIP 91845,280.88016751,-8.27524299,4.88,G8II,6.24,21.29,11.58
HIP 91852,280.90039215,36.55646483,6.04,G8,7.41,21.54,57.61
HIP 91854,280.90549491,-64.55131121,5.76,K0III,7.96,14.53,-46.8
HIP 91875,280.94558795,-38.32331062,5.11,A0/A1V,16.15,1.12,-53.81
HIP 91880,280.96340419,-6.81801161,6.3,F7V,14.36,29.3,-44.08
HIP 91883,280.9650595,31.92691949,5.68,F1III-IV,19.27,-33.0,-126.13
HIP 91901,281.0330475,-36.71823408,6.31,K0III,9.12,23.95,-41.75
HIP 91915,281.07610546,61.04809633,6.02,G7IV,8.95,0.12,19.41
HIP 91918,281.08066463,-35.64192109,4.86,B2V,7.23,1.21,-26.98
HIP 91919,281.08473883,39.66997686,4.67,F1V,20.1,10.55,60.23
HIP 91926,281.09489936,39.61259557,4.59,A8Vn,20.34,5.83,51.83
HIP 91958,281.16785681,23.59009138,6.3,F6V,22.52,16.54,-85.61
HIP 91971,281.19306613,37.60505025,4.34,Am,21.23,29.26,26.57
HIP 91973,281.20079095,37.59456466,5.73,F0IVvar,21.72,19.23,20.65
HIP 91974,281.20667981,-25.01086335,5.82,B8III,4.11,-1.21,-20.86
HIP 91975,281.20805403,2.06007487,5.02,B9V,6.91,8.8,-15.06
HIP 91985,281.23079242,54.89718881,6.26,G5III,3.37,9.77,-1.94
HIP 91989,281.23812444,-39.68617292,5.4,K1/K2III+..,2.47,8.61,-6.29
HIP 92008,281.29791008,-61.09513879,6.04,K3III,3.15,24.25,-23.55
HIP 92016,281.32767265,-21.00154643,6.35,F5/F6V,17.62,26.75,-28.35
HIP 92021,281.34969323,-56.88191929,6.22,K3III,4.76,-41.74,-20.91
HIP 92024,281.36190079,-64.87089771,4.78,A7V,34.21,32.67,-148.72
HIP 92027,281.36814952,5.50012301,5.82,A1V,4.6,15.54,1.96
HIP 92040,281.40858706,79.94250866,6.4,A8V,11.33,12.45,67.6
HIP 92041,281.41397083,-26.9907794,3.17,B8.5III,14.14,51.15,0.45
HIP 92043,281.4155466,20.54712356,4.19,F6V,52.37,-9.25,-335.65
HIP 92056,281.44481933,74.08535352,5.25,K0II-III,9.74,5.13,81.98
HIP 92072,281.48330795,-50.87267791,6.24,B8/B9II,2.66,1.96,-15.2
HIP 92079,281.50479832,-19.60636956,6.34,M2/M3III,4.42,-7.51,5.25
HIP 92088,281.51861708,26.66207055,4.83,K3III,12.96,18.68,24.39
HIP 92098,281.55420304,41.44181072,6.06,B6V,2.67,0.98,-0.14
HIP 92111,281.58578518,-22.39218449,5.37,K5III,2.55,32.04,3.45
HIP 92112,281.59276611,75.43379735,5.37,A1Vn,10.73,-12.19,68.62
HIP 92117,281.61909463,-0.96163956,5.89,A2m,12.62,20.0,-21.79
HIP 92131,281.67230062,18.70596703,6.18,K5,6.09,15.76,-24.69
HIP 92133,281.67949234,52.98797002,5.91,B2.5V,1.5,10.13,-3.99
HIP 92136,281.68051716,-10.12503854,5.69,F2Ib-II,-0.07,0.37,-3.91
HIP 92161,281.75509317,18.18122968,4.34,A5III,35.17,83.74,119.01
HIP 92175,281.79365558,-4.74782871,4.22,G5II...,4.73,-7.71,-15.89
HIP 92202,281.87073367,-5.70507074,5.38,K0Ibpvar,2.32,-44.09,-31.36
HIP 92226,281.93583145,-40.40612167,5.2,G5/G6III,8.3,24.64,-18.57
HIP 92233,281.95501862,-77.86861256,6.39,G2V,23.19,-26.52,149.49
HIP 92243,281.98905393,31.75684463,6.06,B3IVp,3.07,0.1,-3.85
HIP 92254,282.01111795,4.24138735,6.2,K5,3.68,-4.94,14.28
HIP 92269,282.06704599,48.76743801,6.12,A7III,17.81,-18.44,48.7
HIP 92270,282.06827761,23.51476509,6.19,F8V,34.85,25.3,-6.78
HIP 92294,282.15815797,-65.07748945,5.71,A9V,14.45,-38.07,-78.2
HIP 92296,282.16453153,-6.00438915,6.49,A2,6.19,8.29,31.96
HIP 92301,282.18921391,-18.60115618,6.46,A1V + K1III,4.1,1.34,2.61
HIP 92308,282.21029394,-43.67999681,5.46,A2Vn,9.4,24.39,-20.84
HIP 92312,282.22240149,19.32877145,5.89,A1V,11.63,15.96,-21.0
HIP 92367,282.36367328,-45.81023948,5.8,G6IV,7.59,74.9,57.31
HIP 92382,282.39582542,-43.4340401,5.6,B9IV,5.37,-2.88,-25.39
HIP 92386,282.40493577,0.83623568,6.24,A1V,5.67,13.75,-15.77
HIP 92390,282.41711408,-20.32474038,5.22,K2III,4.35,-1.82,34.7
HIP 92391,282.42064627,-5.91283415,5.99,K2Ib,2.19,0.23,-11.69
HIP 92394,282.43198464,-72.99571254,6.04,B9.5IV/V,4.43,2.07,-4.11
HIP 92398,282.44130295,32.81283298,5.93,B3IV,3.23,1.87,-5.19
HIP 92405,282.47052043,32.55108873,5.22,A3V,13.7,-11.76,-12.76
HIP 92420,282.51997462,33.36267788,3.52,A8:V comp SB,3.7,1.1,-4.46
HIP 92456,282.62988811,-13.57224271,6.48,K1II/III,1.99,-5.41,-8.02
HIP 92475,282.68977943,10.9763769,6.37,K5III+...,1.75,7.51,6.35
HIP 92480,282.71042311,-22.16210451,6.29,F2IV,13.31,-17.1,-35.31
HIP 92488,282.74377104,-9.77410171,5.82,F2Ib,2.16,6.33,2.54
HIP 92512,282.80002755,59.38828895,4.63,K0II-III SB,10.12,77.56,25.43
HIP 92524,282.84232175,-3.3178048,6.08,F2III,11.8,0.6,-21.29
HIP 92549,282.89583932,52.97452091,5.51,G9IVa,38.32,-65.14,245.24
HIP 92550,282.89954454,28.78365926,6.22,K1II-III,2.04,0.93,4.73
HIP 92551,282.9021706,36.53909869,6.1,B6IV,2.91,-5.19,-2.84
HIP 92593,283.00802921,13.96566731,6.19,B8Vnn,4.08,-5.65,-8.32
HIP 92599,283.03022057,41.38324734,6.28,B9p Si,2.67,-4.18,-1.52
HIP 92608,283.04977293,-41.70912112,6.47,K3III,4.78,-8.87,-30.45
HIP 92609,283.05431892,-62.18756062,4.22,B2II-III,1.8,-1.33,-13.53
HIP 92614,283.06846943,21.42516648,5.43,B9p...,7.1,-7.25,-10.12
HIP 92630,283.11335813,-46.59511945,5.51,M0III,3.41,29.04,0.14
HIP 92635,283.11798729,-26.65062176,6.28,G8/K0III,8.44,-3.25,-60.99
HIP 92643,283.15435467,-29.37956282,6.12,K1III,6.61,0.17,-46.64
HIP 92646,283.16502568,-52.10713766,5.18,G8/K0III,11.13,38.43,-95.69
HIP 92669,283.24957133,-46.58635607,6.17,A1IV/V,4.06,4.59,11.16
HIP 92674,283.25748147,-9.57555831,6.27,A7Vn,9.83,22.5,15.5
HIP 92676,283.25984231,-48.36072714,6.17,A2V,11.26,-17.27,-76.36
HIP 92687,283.30000134,-51.931408,6.3,B4III,1.78,1.21,-12.16
HIP 92689,283.30642219,50.70828894,4.92,G8III,9.67,4.54,-27.75
HIP 92717,283.3883129,75.78732295,6.33,A1V,3.72,9.25,20.08
HIP 92728,283.43149392,36.97172755,5.58,B2.5V,3.02,1.49,-2.6
HIP 92731,283.44286073,57.48659538,6.24,K5III:,5.17,21.46,-15.6
HIP 92747,283.50037663,-21.35979587,5.68,G8/K0II,1.88,2.02,-20.25
HIP 92761,283.54239695,-22.7448202,4.86,K1II,1.76,2.95,-5.7
HIP 92768,283.55521736,27.90970126,5.64,K4III,8.04,-7.54,-71.21
HIP 92782,283.59902616,71.29708956,4.82,K0III,9.47,48.59,42.11
HIP 92791,283.62620294,36.89860518,4.22,M4IIvar,3.63,-6.73,3.26
HIP 92814,283.67964704,-15.60302217,5.08,B3II,1.96,-2.38,-5.64
HIP 92818,283.68700483,22.64507357,4.57,G4III+...,6.71,6.4,1.03
HIP 92822,283.69653895,48.85972353,5.84,F3III,18.89,-49.54,-132.66
HIP 92824,283.69853501,-87.60551487,5.29,K3III,13.06,-36.69,-135.22
HIP 92831,283.71740921,41.60272814,5.46,G8III,12.19,-1.37,-2.3
HIP 92833,283.71883669,33.96858048,5.99,G8III+...,2.45,-5.6,-1.78
HIP 92845,283.77946681,-22.67125323,5.0,K1Ib/II,12.07,110.34,-30.79
HIP 92855,283.81631956,-26.29659428,2.05,B2.5V,14.54,13.87,-52.65
HIP 92862,283.8336882,43.9458926,4.08,M5IIIvar,9.33,19.94,80.6
HIP 92866,283.84813605,-37.38660171,6.48,K1III,7.69,7.62,-0.55
HIP 92872,283.86434313,6.61550576,5.58,G9III,11.14,6.02,-88.83
HIP 92882,283.87925799,-16.37618751,5.56,F5/F6IV/V,31.24,-26.33,-183.97
HIP 92931,284.00280341,-23.17371793,5.91,B6III,3.66,-1.7,-13.69
HIP 92937,284.02562647,18.10579902,5.69,K1III,11.84,-47.38,-160.08
HIP 92946,284.05483475,4.20352956,4.62,A5V,24.73,37.69,26.98
HIP 92951,284.06088696,4.20205672,4.98,A5Vn,22.84,52.42,31.17
HIP 92953,284.07071918,-42.71060161,5.35,G6III-IV,10.52,-27.03,-30.48
HIP 92963,284.09442308,-1.79981538,6.2,B9III,6.21,-2.93,-19.71
HIP 92968,284.10665456,2.47120367,6.14,G8III,6.23,12.82,-5.61
HIP 92969,284.10725292,65.25815397,5.62,G8III,10.39,-15.79,-28.94
HIP 92972,284.11346159,-31.68900191,6.45,K2III,4.46,8.8,-9.48
HIP 92989,284.16871114,-37.34318339,5.36,B3V,7.67,8.79,-23.68
HIP 92997,284.18783092,57.81499531,5.67,K1III,11.4,-26.37,-59.39
HIP 93012,284.22791532,-62.80191774,6.47,K3III,2.87,3.41,5.45
HIP 93015,284.23766942,-67.23353511,4.4,F5Ib-II:,6.0,-7.83,16.65
HIP 93017,284.25612303,32.90162351,5.2,G0V,66.76,202.85,-143.97
HIP 93026,284.26514217,-5.84621426,4.83,K1III,15.77,60.77,-40.9
HIP 93049,284.30963032,-43.9169453,6.27,B9V,4.58,-0.13,-27.6
HIP 93051,284.31913909,2.5353768,5.56,B9IIIp...,2.96,-4.7,-12.53
HIP 93057,284.33532364,-20.65633439,5.02,B9.5Ib,0.65,-1.58,-4.75
HIP 93068,284.36858877,58.22491647,6.47,A2V,8.59,16.42,45.04
HIP 93074,284.39330316,-39.82328561,6.29,A5IV/V,16.21,2.49,37.17
HIP 93085,284.43241556,-21.10662433,3.52,G8/K0II/III,8.76,34.91,-12.33
HIP 93104,284.50792438,38.26618277,5.89,B7IV,6.32,-5.25,2.13
HIP 93117,284.54178857,-83.42216671,6.35,B9/B9.5V,5.84,16.9,-13.03
HIP 93124,284.56144717,17.36093633,5.33,F8Ib,1.32,0.08,-9.98
HIP 93134,284.58879917,-31.035856,6.09,K3III,7.47,-46.95,-48.81
HIP 93138,284.59879391,6.24018925,6.22,F5IV,17.64,-9.4,-107.16
HIP 93140,284.60345583,-22.52952554,6.14,A1V,12.79,1.36,13.4
HIP 93148,284.61564682,-52.93860748,4.85,A0V,6.14,11.53,-8.81
HIP 93163,284.65247792,-60.20062859,5.14,K1III-IV,6.32,-125.01,32.47
HIP 93174,284.68114151,-37.10708855,4.83,F3IV/V,33.43,-132.25,-110.45
HIP 93177,284.69411182,40.67919507,6.2,B3V,3.44,1.51,-0.35
HIP 93179,284.69551472,13.90677273,5.91,F0spe...,13.45,0.94,-51.42
HIP 93194,284.73593568,32.68955312,3.25,B9III,5.14,-2.76,1.77
HIP 93197,284.74748756,50.80912581,6.32,G8III,7.54,0.53,7.15
HIP 93203,284.77387015,13.62254853,5.27,F8V,20.99,19.49,-124.92
HIP 93209,284.79569312,-39.53463573,6.49,B9.5V,6.71,-3.83,-31.53
HIP 93210,284.80121716,39.2173241,6.43,B5IV,3.97,-0.16,-1.17
HIP 93225,284.84917715,-12.84046242,5.51,B4V,6.34,-1.05,-22.44
HIP 93234,284.86158095,-18.56638766,6.37,G5/G6II,3.93,-0.62,-18.62
HIP 93238,284.87197851,-70.4683674,6.49,A8V,9.3,-3.89,-117.69
HIP 93244,284.90578844,15.06847757,4.02,K2III,21.22,-52.68,-73.81
HIP 93256,284.93928575,26.23043204,5.26,K2III,9.36,85.85,-11.33
HIP 93270,284.99216447,22.81449194,6.28,M4III,4.31,-16.17,9.52
HIP 93279,285.00342257,32.14549051,4.94,K3III,2.12,6.13,9.75
HIP 93287,285.01477683,-66.65351408,5.98,K0III,7.43,12.33,-42.6
HIP 93299,285.05696213,50.53345884,5.39,B2.5IV,5.23,7.05,3.15
HIP 93315,285.10324474,-24.9422712,6.35,K0III,4.03,55.54,41.2
HIP 93340,285.18111302,55.65831944,5.51,G5IIbCN...,6.59,-11.73,-7.36
HIP 93354,285.22998992,33.80215041,6.04,K0III:,8.24,5.64,3.11
HIP 93371,285.26792264,-37.06150446,6.44,B9.5IV:,12.92,-4.72,-20.88
HIP 93374,285.27262462,19.30961261,6.47,K1III,7.14,8.07,-3.19
HIP 93393,285.32232152,26.29143333,5.69,B5V,4.68,-0.74,-9.1
HIP 93408,285.3598321,46.93502175,5.0,A7V,25.54,13.58,-86.1
HIP 93418,285.38966244,-15.28261438,6.31,K0III,5.83,-5.29,-1.25
HIP 93423,285.40724237,-22.69536606,6.25,K3III,2.14,3.9,0.65
HIP 93429,285.42017236,-5.73901832,4.02,K1IIIvar,21.95,-24.15,-39.73
HIP 93437,285.45153751,33.62125983,6.39,B5IV,2.94,0.4,-1.0
HIP 93443,285.4559296,22.26437745,6.44,A4V,7.88,12.57,14.4
HIP 93466,285.52933604,52.2611374,6.35,G8III:...,5.08,-7.47,-32.73
HIP 93470,285.53540308,-41.91047978,6.21,A0V,9.25,30.51,-10.21
HIP 93488,285.5898381,8.37352914,6.25,K2III,3.84,9.69,3.96
HIP 93498,285.61537869,-24.84639516,5.63,K2III,11.81,-22.9,-177.32
HIP 93506,285.65301428,-29.88011429,2.6,A3IV,36.61,-14.1,3.66
HIP 93523,285.71923778,19.66101428,6.11,K1III,2.12,6.31,-1.53
HIP 93526,285.7270496,-3.69900363,5.4,A1V,6.53,11.33,6.98
HIP 93537,285.76584773,-19.24565829,5.96,K0II/III,2.2,2.63,-11.42
HIP 93542,285.77846922,-42.09499443,4.74,A0Vn,17.75,55.74,-45.33
HIP 93543,285.77912298,-19.10301593,6.37,F5V,12.3,12.62,-3.52
HIP 93552,285.82369335,-38.25318227,5.73,F2III/IV,15.47,13.31,14.51
HIP 93574,285.87367886,-68.7555329,5.89,F8V,17.65,-20.83,-4.46
HIP 93580,285.88432906,1.81893472,5.82,A4V,18.12,23.71,-68.65
HIP 93624,285.98967365,-51.01824471,5.93,K0/K1III,11.17,40.42,-147.68
HIP 93629,286.00416655,-57.95997203,6.3,G6II/III,5.77,16.33,4.01
HIP 93666,286.10063233,-5.68484308,6.48,C5II,2.7,6.15,0.07
HIP 93667,286.10439624,-31.04703255,5.49,A0V,5.97,2.95,-19.17
HIP 93683,286.17055765,-21.74135451,3.76,K0III,23.49,76.26,-58.08
HIP 93713,286.22987335,53.39660317,5.4,A0Vn,9.34,-4.15,21.02
HIP 93717,286.24024804,-4.03135505,5.4,K1III,10.04,20.76,-26.73
HIP 93718,286.24093053,31.74425746,5.63,M0III,5.38,75.55,-76.41
HIP 93720,286.24280008,30.73344797,6.07,M2III,4.39,21.82,-21.53
HIP 93733,286.2910239,49.92315319,6.45,K3III,5.59,-7.37,5.44
HIP 93747,286.3525518,13.86370983,2.99,A0Vn,39.18,-7.04,-95.31
HIP 93763,286.4215809,-15.66039343,5.93,B8IIIsp...,3.75,0.74,-10.36
HIP 93770,286.44637945,29.9217018,6.32,M0III,2.49,-4.33,-11.4
HIP 93805,286.56229139,-4.88233456,3.43,B9Vn,26.05,-19.68,-90.37
HIP 93815,286.58301929,-52.34063012,5.17,F7V,19.07,30.63,-115.2
HIP 93825,286.60433158,-37.06275714,4.23,F7IV-V,55.89,96.93,-279.67
HIP 93843,286.65701713,28.6283896,5.53,F0III,24.5,75.83,84.43
HIP 93845,286.65983699,24.25075812,5.78,A4III,9.82,58.3,14.37
HIP 93855,286.71715788,-16.22923584,6.0,B7V,3.65,-1.28,-16.61
HIP 93858,286.71918034,-37.80976697,6.15,G8V,58.24,-187.66,-366.77
HIP 93860,286.72839567,-50.32306734,6.29,B9V,6.27,-3.0,-31.65
HIP 93862,286.73164713,-48.29911462,5.95,A0V,9.33,12.7,-12.3
HIP 93864,286.73517629,-27.66981416,3.32,K1/K2III,27.09,-50.79,-250.51
HIP 93867,286.74418054,11.07130501,5.07,B8III,6.43,-0.27,-31.47
HIP 93887,286.78469618,-18.7381278,6.28,B8V,4.5,-2.0,-17.7
HIP 93903,286.82553958,36.10016754,5.25,B6IV,3.92,-0.64,-4.28
HIP 93917,286.85623123,32.50166027,5.2,F0V,24.64,123.23,32.08
HIP 93925,286.87850541,-28.63678162,6.05,K3III,3.56,-0.03,-7.67
HIP 93966,286.98867463,16.85412507,6.08,G5V,47.72,65.61,-304.46
HIP 93975,287.01456055,21.69874452,6.22,F3V,22.83,45.27,75.28
HIP 93993,287.06066188,-24.65734762,6.3,B9.5V,4.85,6.07,-8.86
HIP 93996,287.06958032,-19.29028615,5.56,B2V,2.13,5.27,-1.14
HIP 94005,287.08722077,-40.4966376,4.57,K1III,18.67,48.05,-26.84
HIP 94013,287.10785255,52.42586424,5.88,K1IV,14.24,-100.41,-54.95
HIP 94054,287.21777649,-55.72014436,6.44,K1IV,8.04,58.45,-115.62
HIP 94068,287.24965607,6.07339716,5.23,F0III-IV,22.96,-9.02,-78.34
HIP 94083,287.29061868,76.56079335,5.11,A9V,36.64,51.63,-119.8
HIP 94114,287.36782635,-37.90423953,4.11,A0/A1V,25.15,85.73,-96.65
HIP 94130,287.41566407,-39.82718505,6.44,K0III,9.32,-4.88,-21.7
HIP 94140,287.44083917,65.97844349,6.26,A0V,10.15,3.95,28.69
HIP 94141,287.44097404,-21.02352534,2.88,F2II/III,7.41,-1.17,-36.83
HIP 94144,287.4505509,-19.80345573,6.11,K1III,8.32,24.01,-82.87
HIP 94149,287.46497041,-0.42809819,6.34,B5Vn,3.73,2.67,-6.34
HIP 94150,287.46925968,-68.42434424,5.31,G8/K0III/IV,27.13,154.94,-42.59
HIP 94157,287.4902249,-41.89222924,5.86,B5V,3.99,-0.17,-11.02
HIP 94160,287.50730185,-39.34070677,4.1,K0II/IIICN.,6.42,5.89,-36.78
HIP 94243,287.75794348,-39.00468219,6.34,B7II/III,1.24,-0.25,-9.45
HIP 94272,287.82835331,-29.50224142,6.28,B8/B9V,6.5,14.64,-21.15
HIP 94280,287.8464799,40.42915794,6.2,A3V,6.92,8.81,-25.75
HIP 94290,287.87900681,26.73594891,6.35,F5V,23.2,33.02,-31.94
HIP 94302,287.91883762,56.85909594,5.13,G8III,9.57,48.09,48.0
HIP 94311,287.94171276,31.2834636,5.93,B9p Si,3.33,-3.17,-3.16
HIP 94336,288.02173147,49.85423807,5.85,G4V+...,40.16,-205.02,624.33
HIP 94372,288.1167467,-21.65832764,6.39,K0III,7.13,31.83,-22.34
HIP 94376,288.13814581,67.66131695,3.07,G9III,32.54,94.49,92.3
HIP 94382,288.15301833,21.55456041,6.02,A2Vn,3.24,14.51,4.79
HIP 94385,288.16959861,-7.93950077,5.35,B3V,2.68,12.69,-7.06
HIP 94398,288.19207229,-50.48631735,6.12,G8III,7.13,44.73,-42.12
HIP 94434,288.306957,-25.90676384,5.79,K2III,1.54,-2.11,-9.21
HIP 94437,288.31464939,-12.28250973,5.51,K3III,5.77,12.51,-30.44
HIP 94477,288.42791464,2.2937137,5.14,B8II-III,5.09,5.78,-2.58
HIP 94478,288.4334249,5.51563787,6.47,A3V,5.45,7.51,-13.44
HIP 94481,288.43953645,39.14596968,4.43,B2.5IV,3.13,-1.59,-0.61
HIP 94490,288.47985288,57.70525514,5.0,K2III,20.14,-17.1,-63.15
HIP 94556,288.6646739,-45.19343079,5.91,G8III,11.03,48.12,-39.61
HIP 94598,288.76120242,20.20315025,6.03,G8III,4.5,4.02,-11.2
HIP 94620,288.82224652,21.23209944,5.65,A4V,10.26,36.38,7.82
HIP 94623,288.82992834,50.07111826,6.27,G8III,9.52,-6.87,3.79
HIP 94624,288.8337071,15.08367864,5.58,G8II-III,5.32,1.04,-11.17
HIP 94630,288.8534831,30.52644519,5.88,M0III,2.37,35.18,-26.23
HIP 94643,288.88498822,-25.25660677,4.86,K0/K1III+..,9.89,47.56,-31.16
HIP 94645,288.88814331,-24.17910471,6.25,F8V,36.97,114.78,-101.81
HIP 94648,288.8887238,73.35521457,4.45,K3III,21.73,-116.6,104.25
HIP 94646,288.88904113,18.51632809,6.46,M2III,3.04,-10.49,10.06
HIP 94685,288.99786092,27.92630021,6.18,F6Ib-II,1.94,5.08,0.7
HIP 94703,289.05433156,21.39044277,4.76,B4IV,3.58,0.73,-6.12
HIP 94712,289.09059981,-45.46606262,5.38,K3III,6.11,-2.03,12.08
HIP 94713,289.09206426,38.13372778,4.35,K0II,4.24,-0.49,1.23
HIP 94720,289.11159428,14.54461509,5.65,B9.5V,8.77,9.15,0.22
HIP 94724,289.11916883,-69.19075492,6.25,A6IV/V,5.27,7.0,-28.72
HIP 94727,289.12926242,4.83482079,5.59,A3IV,5.97,14.77,-10.42
HIP 94755,289.21414473,46.99839321,6.02,F6IV:,23.57,-10.1,291.8
HIP 94770,289.25219158,-65.2276441,6.42,B8/B9V,4.66,-4.02,-24.0
HIP 94779,289.27545794,53.36816064,3.8,K0III,26.48,60.22,122.93
HIP 94789,289.30091657,-66.66103756,5.52,A4IV/V,11.0,8.89,-4.33
HIP 94820,289.40868994,-18.95288215,4.88,K0III,6.09,-10.05,-10.64
HIP 94827,289.43181365,23.02554904,5.46,B0.5IV,1.7,1.49,-3.69
HIP 94833,289.45076722,2.03179581,6.19,A1Vn,11.84,2.7,-28.2
HIP 94834,289.45416014,11.59539126,5.28,F0IV,7.72,0.25,12.62
HIP 94858,289.54065361,-53.38688837,6.36,F7V,21.94,24.65,-81.41
HIP 94885,289.63537019,1.08508548,5.1,K2II-IIIvar,8.56,11.24,17.87
HIP 94890,289.65771814,49.569347,6.32,K1III,7.89,21.18,44.91
HIP 94913,289.7122248,0.33900138,6.4,K0II-III:..,6.68,16.97,9.21
HIP 94916,289.7197982,9.61816161,6.31,G9III,6.31,2.86,-37.46
HIP 94929,289.75062622,-15.5358858,6.09,K4III,6.31,-88.85,-281.33
HIP 94932,289.75478526,37.44531278,6.25,A0III,4.92,5.56,13.75
HIP 94974,289.90175662,54.37605672,6.23,A1V,7.25,16.51,-28.46
HIP 94981,289.9126806,37.33098454,6.29,G8V,39.64,-62.18,-183.08
HIP 94982,289.91393971,12.37463918,5.53,F0III,9.39,4.28,16.69
HIP 94986,289.91662081,-35.42142487,5.59,B4III,1.77,7.04,-11.14
HIP 95002,289.97100182,11.53491074,6.03,A2V,11.71,42.44,22.14
HIP 95038,290.06668355,57.64511743,5.91,M1III,3.7,28.34,4.94
HIP 95066,290.13682588,-5.41587489,4.98,G8III-IV...,21.17,113.42,44.83
HIP 95067,290.13771445,35.18595454,6.3,B9V,4.49,5.54,1.2
HIP 95073,290.14867994,-0.89216854,5.46,B9III,6.4,5.63,3.1
HIP 95077,290.15898277,-22.40260314,5.59,A6:m...,17.52,-10.44,27.94
HIP 95081,290.16696656,65.7144303,4.6,A2IIIs,14.52,14.09,41.61
HIP 95149,290.37374869,-34.98322276,6.48,G1/G2V,47.95,78.88,-108.93
HIP 95154,290.39806052,76.55959765,6.22,C5II,1.75,-7.21,-0.79
HIP 95159,290.40463261,-19.23441785,6.25,B5III,4.8,0.8,-11.46
HIP 95167,290.41767071,79.60289362,6.06,A3V,10.56,22.75,-26.33
HIP 95168,290.41823037,-17.84725155,3.92,F0III/IV,26.79,-26.95,22.24
HIP 95176,290.43175842,-15.95500233,4.52,F2p,1.95,1.79,-6.27
HIP 95188,290.46180286,-18.30816237,5.84,K0III,9.09,102.34,-92.96
HIP 95211,290.53988002,-42.01595158,6.33,K1III,10.14,-55.83,-30.83
HIP 95222,290.58962436,-0.25227829,5.81,G8III:,8.98,60.43,-27.28
HIP 95235,290.63896106,33.51823541,6.09,K0III,9.63,3.44,-29.87
HIP 95239,290.65699853,-51.2312628,6.42,F0V,14.06,83.07,-5.4
HIP 95241,290.65952718,-44.45891013,3.96,B9V,8.62,7.31,-22.43
HIP 95253,290.70144198,9.91288991,6.34,F6V,27.99,8.18,107.08
HIP 95260,290.71202082,26.2624297,5.22,B6III,8.1,-1.73,-10.93
HIP 95261,290.71325245,-54.42372882,5.03,A0Vn,20.98,25.57,-83.03
HIP 95281,290.76850134,-7.40056318,6.31,K0,6.61,15.11,-21.45
HIP 95294,290.8044192,-44.79964788,4.27,F2III,23.52,92.78,-53.73
HIP 95319,290.89148075,33.22157011,6.37,G8V,64.54,82.04,162.92
HIP 95340,290.94553232,20.26435487,6.4,B9.5V,2.88,3.07,0.42
HIP 95347,290.97146411,-40.61564629,3.96,B8V,19.2,32.67,-120.81
HIP 95352,290.98536934,43.3882371,5.85,G6.5IIIa,8.06,16.3,-27.36
HIP 95369,291.0229734,-68.37107984,6.33,K2III,4.82,-20.76,-0.77
HIP 95370,291.02521109,36.45190293,6.44,K1III,9.05,5.59,78.49
HIP 95372,291.03154901,29.6213112,4.99,B3IV,4.21,10.57,10.85
HIP 95396,291.08939541,-43.7220596,6.13,M1/M2III,5.63,26.19,-1.56
HIP 95398,291.09198653,16.93775593,6.27,A2III-IV,9.18,-5.95,-14.08
HIP 95408,291.12571955,-27.86590574,6.03,B2Vnn,2.48,11.07,-16.26
HIP 95447,291.2407096,11.94285122,5.17,G8IVvar,66.01,721.27,643.6
HIP 95456,291.26687908,-29.30920884,5.91,K3III,12.07,-13.12,-61.77
HIP 95477,291.31854426,-24.50844892,5.02,A4IV/V,14.78,63.61,-51.9
HIP 95485,291.33984203,-13.89726417,5.72,K2III,4.51,52.85,55.2
HIP 95487,291.34331486,20.27176831,6.31,A0V,8.16,-5.87,-17.08
HIP 95492,291.35779819,24.91430832,6.19,F7V,36.05,-177.2,-631.08
HIP 95498,291.3689314,19.79853912,5.14,K0III,13.78,96.65,-71.49
HIP 95503,291.37363116,-23.96242415,5.45,K3III,6.45,-18.24,-13.36
HIP 95501,291.37396941,3.11457923,3.36,F0IV,65.05,253.06,80.67
HIP 95556,291.53801621,36.31786478,5.17,B9sp...,4.99,4.22,12.95
HIP 95557,291.5459647,-15.05325005,5.71,B7IV,3.78,17.43,-0.55
HIP 95560,291.55518356,20.09782036,5.6,A0V,14.94,3.36,-36.13
HIP 95564,291.57972363,-21.77668185,5.57,K1/K2III,5.86,36.16,-4.55
HIP 95572,291.60052721,13.02365808,5.76,F6III,17.96,14.1,59.03
HIP 95576,291.61023591,62.55705286,6.38,K5III,4.78,31.86,37.8
HIP 95582,291.61952782,19.89161003,5.84,M0III,7.17,0.64,-48.14
HIP 95585,291.62954029,0.33857566,4.64,F2Ib,0.28,-0.86,-2.3
HIP 95619,291.73529268,-29.74310537,5.66,B8/B9V,14.47,17.55,-49.32
HIP 95656,291.85821062,52.32050263,5.73,A1V,9.02,-13.16,-27.58
HIP 95664,291.89126683,14.28249131,6.31,B4III,3.91,7.07,-4.29
HIP 95673,291.9016515,37.94120774,6.3,B3Ve,1.58,-0.9,-4.46
HIP 95690,291.95051131,-54.32529723,5.7,K4III,5.63,-5.7,10.26
HIP 95732,292.08665305,2.9300672,5.84,B6III,3.18,2.66,-15.24
HIP 95771,292.17671261,24.66516482,4.44,M0 comp,11.0,-126.45,-106.99
HIP 95785,292.23782315,24.76868131,5.82,K0III,6.74,8.61,17.03
HIP 95793,292.25411887,1.95052861,5.79,A0V,16.95,-0.51,-33.35
HIP 95812,292.32508068,0.24610506,6.25,K2,5.41,12.46,-10.38
HIP 95818,292.33706776,20.27977762,6.34,B5Vn,4.29,2.95,-16.89
HIP 95820,292.3390041,-7.04406367,6.37,F5-G1I-II,2.05,-0.33,-9.4
HIP 95822,292.34218384,14.59607671,5.57,K0III,11.38,50.77,-23.72
HIP 95823,292.34904557,-43.44491571,5.7,Am,17.42,93.03,-114.9
HIP 95853,292.42641389,51.72946747,3.76,A5Vn,26.63,20.92,128.12
HIP 95865,292.46738503,-26.9855106,5.46,K1/K2III,12.85,22.16,-42.97
HIP 95866,292.46910889,-55.44159258,6.14,K0/K1III,9.07,23.83,-66.49
HIP 95898,292.54389021,2.90407568,6.08,K5Ib,1.96,2.26,-1.2
HIP 95929,292.63797828,3.44440006,6.09,A0sh,3.39,13.17,1.39
HIP 95932,292.6440517,-55.11002087,6.29,F5V,27.25,38.71,-13.3
HIP 95937,292.66593316,-2.78886135,5.03,M1IIIvar,6.49,23.06,-10.53
HIP 95947,292.68035529,27.9596948,3.05,K3II+...,8.46,-7.09,-5.63
HIP 95951,292.68915293,27.9652789,5.12,B8V,8.67,-1.95,-0.98
HIP 95953,292.69512816,36.22853276,6.26,B9.5III,4.3,0.69,-12.03
HIP 95965,292.72515764,-21.31218388,6.11,A2V,2.64,15.13,-22.03
HIP 95978,292.75121058,70.98925874,6.06,K2,5.23,-10.91,32.98
HIP 95999,292.79559581,-68.43388713,5.98,K4/K5III,3.13,17.19,-13.42
HIP 96003,292.80649013,55.73188011,6.37,K2II-IIIcomp,3.1,-2.67,-18.19
HIP 96014,292.83066458,50.30659451,5.55,K1III,7.01,-30.6,45.82
HIP 96016,292.84005924,26.61710997,5.89,K0III-IV,16.87,11.33,25.23
HIP 96052,292.94300436,34.45297707,4.74,B3IV,5.2,1.06,-3.58
HIP 96095,293.0587964,-44.54646647,6.48,F6V,23.85,-138.41,32.77
HIP 96100,293.08577692,69.66540172,4.67,K0V,173.41,598.43,-1738.81
HIP 96141,293.22412548,-53.18560103,5.76,Am,8.05,32.87,-6.87
HIP 96164,293.29193749,60.15867782,6.3,K4III,2.71,3.94,5.29
HIP 96178,293.34014279,-45.27168903,5.59,A0p,7.47,-16.24,-24.46
HIP 96198,293.42335027,49.26234659,6.0,M4.5III,2.23,3.04,-11.47
HIP 96204,293.44180953,5.46576513,6.35,M8V,3.8,-5.11,-23.67
HIP 96229,293.52178228,7.37931918,4.45,K3III,29.5,212.76,-155.39
HIP 96234,293.53534254,-40.03463308,5.89,A5IV-III,7.49,4.44,-2.12
HIP 96258,293.58233594,51.23707706,5.71,F7V,39.08,31.72,-188.14
HIP 96275,293.64536654,19.77339742,5.0,B8IIIn,5.36,13.41,2.22
HIP 96288,293.67190527,42.41258465,5.34,A2V,6.37,2.56,-31.28
HIP 96297,293.69306823,63.43417949,6.47,K2,6.05,10.18,-3.26
HIP 96302,293.71216081,29.46291111,5.39,A0V+...,6.06,15.14,17.81
HIP 96316,293.75513896,52.5021014,6.39,K0,8.92,1.47,-34.13
HIP 96327,293.78022188,-10.56043644,5.12,G8III,7.34,6.87,-3.04
HIP 96341,293.80414074,-48.09911061,4.88,G9III,8.19,-7.04,-37.43
HIP 96351,293.85469016,2.91347598,6.37,F6IV,23.79,11.26,53.24
HIP 96356,293.87413266,-7.46018539,6.32,K0,9.18,22.84,-40.04
HIP 96365,293.88943308,-12.25306622,6.27,K0III,9.41,-7.74,-19.87
HIP 96387,293.95125591,36.9445432,6.03,B8Vn,4.42,3.92,-1.69
HIP 96396,293.9831185,50.23852891,6.47,G9III,5.35,-2.16,36.65
HIP 96406,294.00687266,-24.71901737,5.64,A1m...,11.23,6.08,-26.37
HIP 96417,294.03479104,22.58578091,6.33,B9sp...,5.71,3.42,-7.23
HIP 96428,294.06532485,14.39117275,6.37,K0II-III,9.22,13.6,-42.21
HIP 96440,294.1085904,-18.85289016,6.13,F0V,13.6,21.35,-12.87
HIP 96441,294.11059344,50.22046347,4.49,F4V,53.78,-8.15,262.98
HIP 96459,294.15856119,44.69518822,5.17,K0III,24.64,-94.61,-103.78
HIP 96465,294.17662107,-24.88356664,4.59,B8/B9V,17.24,68.7,-23.19
HIP 96468,294.18031892,-1.28655047,4.36,B5III,10.61,1.89,-20.75
HIP 96481,294.21852927,11.27319815,5.98,G0Ib,2.86,9.16,3.21
HIP 96483,294.2227024,-7.02747069,4.93,B0.5III,2.24,1.29,-2.69
HIP 96496,294.26389422,-18.23101861,5.66,K0III,7.37,10.54,-13.78
HIP 96503,294.29007444,29.33371247,6.43,B5V,3.73,0.94,-5.15
HIP 96516,294.32243004,16.46276921,5.67,G8IIIvar,6.89,17.24,13.7
HIP 96536,294.39365282,-14.30144432,5.46,F7V,32.36,-104.36,-146.68
HIP 96546,294.42008887,35.0225612,6.44,K5,1.95,-7.6,-10.23
HIP 96556,294.44690167,-4.64750966,5.45,F3IV,31.14,104.78,-53.59
HIP 96572,294.48617077,49.2840624,6.47,G6V,6.48,36.44,145.53
HIP 96607,294.60800087,-57.98318819,6.19,K0III,6.77,30.83,-62.79
HIP 96620,294.67144862,54.973395,5.89,F6Vasv,25.12,35.41,163.89
HIP 96630,294.70412852,3.38152187,6.36,B3III,-0.33,1.3,0.22
HIP 96665,294.79850093,5.39778241,5.18,B3V + B3V,4.78,2.08,-3.78
HIP 96683,294.84418456,30.1532335,4.68,G8III-IV...,13.0,1.95,36.07
HIP 96688,294.85556676,16.57113626,6.37,M0Iab-Ib SB,1.42,0.29,-6.41
HIP 96693,294.86027686,42.81821158,5.41,B9III,4.76,23.75,27.26
HIP 96706,294.89386216,45.9573801,6.25,K0III,8.1,11.67,24.31
HIP 96721,294.92415705,-45.27856526,6.24,Am,10.05,-24.76,6.13
HIP 96724,294.93718392,33.97890836,6.1,A3IV,6.88,-3.62,12.23
HIP 96729,294.95606457,-23.42761,6.33,A0V,8.03,7.98,-37.17
HIP 96734,294.96721053,-66.68540741,6.37,A0Vn,9.72,35.16,-40.34
HIP 96757,295.02409394,18.01393839,4.39,G0II,6.89,15.09,-19.72
HIP 96760,295.02977888,-23.42905463,5.97,K0III,7.86,29.69,-12.77
HIP 96771,295.05496723,60.50713097,6.49,A5V,8.33,3.27,-6.93
HIP 96781,295.07767996,-54.41776164,6.24,K0III,8.82,76.43,-11.84
HIP 96805,295.17145181,43.07782614,6.17,M2III,2.33,1.99,-0.78
HIP 96807,295.18047034,-0.6212928,5.64,A3IV,11.44,12.59,24.51
HIP 96808,295.18058838,-16.29314555,5.3,K1III,13.31,69.65,-50.2
HIP 96825,295.20880618,45.5246494,5.06,F5II,20.51,84.06,120.38
HIP 96837,295.26222378,17.47612356,4.39,G8II,6.99,9.06,-33.9
HIP 96840,295.27303453,13.81570826,5.98,B5V,1.98,0.0,-10.95
HIP 96856,295.31103737,22.45278133,6.43,K0Iab:,2.26,0.38,-3.45
HIP 96882,295.40518256,-65.8542392,6.08,M0III,4.33,14.47,-71.82
HIP 96895,295.45453769,50.52544635,5.99,G2V,46.25,-147.75,-158.85
HIP 96901,295.46706651,50.51792062,6.25,G5V,46.7,-135.15,-163.53
HIP 96907,295.49010781,40.25405313,6.22,A6V,12.0,-12.77,37.43
HIP 96917,295.51207344,-9.1934491,6.31,K2,9.75,43.67,-84.44
HIP 96919,295.51722804,55.46331472,6.42,M5IIIa,4.25,12.97,-38.29
HIP 96931,295.55338688,12.19328167,6.33,B9III,4.53,0.01,-8.44
HIP 96950,295.6295525,-16.12397392,5.06,F3IV/V,18.67,67.78,-9.23
HIP 96957,295.64169697,11.8266084,5.28,F3V:+...,4.34,3.43,-10.49
HIP 96977,295.68585235,32.42674436,5.93,A5III,1.45,2.1,-1.21
HIP 97028,295.78998146,30.67788039,6.08,A1V,9.68,2.53,4.3
HIP 97029,295.79483942,38.67171285,6.37,K0,2.26,6.9,0.3
HIP 97033,295.80949004,58.01675205,6.29,G0V,22.23,128.3,-55.56
HIP 97063,295.88936752,-15.46965541,5.49,F5V,27.26,135.55,-185.17
HIP 97067,295.90673775,-37.53872252,6.14,B8IV/V,3.82,1.04,-17.44
HIP 97070,295.91455272,57.04265606,6.28,K2III,12.88,3.44,23.61
HIP 97077,295.92882357,25.77187257,5.5,G8III,9.15,11.6,23.05
HIP 97081,295.93784116,41.77308397,5.86,M0III,5.17,19.09,10.07
HIP 97087,295.9643626,34.16271463,6.04,B8III,3.62,6.39,3.95
HIP 97091,295.98322359,27.13540609,6.27,B7V + G1:III,0.75,0.73,-3.35
HIP 97118,296.06896508,37.35426967,4.89,G8III,11.7,72.58,35.14
HIP 97122,296.0766734,69.33711857,5.9,A2III,7.37,8.78,-22.17
HIP 97139,296.14246074,13.30280916,6.25,B9III-IV,4.03,1.78,-10.82
HIP 97142,296.15904371,34.41415588,6.39,M1III,3.93,3.64,3.35
HIP 97144,296.17197869,8.72658032,6.43,K0,8.2,37.3,-17.5
HIP 97151,296.20455325,40.71686361,6.36,M3III,3.6,-68.01,-24.79
HIP 97165,296.24350878,45.13069195,2.86,B9.5III,19.07,43.22,48.44
HIP 97228,296.4152175,36.09100655,6.38,B9.5V,1.73,2.23,6.59
HIP 97229,296.41631572,7.61315784,5.89,A3IV,18.48,53.84,0.1
HIP 97242,296.4639491,35.01276709,6.14,A2V+...,7.68,11.57,-6.43
HIP 97244,296.46764026,-2.88344929,6.47,B3III,3.0,-2.71,-1.49
HIP 97260,296.50506632,-31.90853854,5.51,B8III,5.98,1.49,-13.52
HIP 97278,296.56487567,10.61326869,2.72,K3II,7.08,15.72,-3.08
HIP 97290,296.59091351,-19.76089482,4.87,K0III,15.92,-128.89,-89.81
HIP 97295,296.6065996,33.72868813,5.0,F5,47.94,23.05,-448.66
HIP 97307,296.64598291,32.88860483,6.18,K2,8.89,-37.42,-5.85
HIP 97326,296.68607234,68.438002,6.34,F0III,6.21,7.43,-1.66
HIP 97365,296.84693842,18.53425912,3.68,M2II + B6,7.28,-4.58,11.1
HIP 97372,296.86185855,47.90765516,6.14,M2III,2.65,-21.34,-37.66
HIP 97376,296.86573441,38.40761671,5.83,B8Vn,6.67,4.45,-1.16
HIP 97402,296.95207186,25.38411181,6.0,K0II-III,8.16,67.54,-21.98
HIP 97421,297.00459018,-56.36227755,5.33,A9Vn,19.19,92.4,-137.4
HIP 97423,297.01253704,-13.70355495,6.11,A6:IIIm...,16.0,25.57,-24.95
HIP 97433,297.04255658,70.26783533,3.84,G8III,22.4,80.18,39.02
HIP 97454,297.12714544,10.69411398,6.44,F8Ib-II,1.85,-2.29,-5.82
HIP 97473,297.17520021,11.81592014,5.75,F2V:+...,5.72,15.95,-9.79
HIP 97484,297.20905254,-12.31936853,6.47,K5III,1.99,-0.48,-21.53
HIP 97485,297.21083513,33.43729726,6.42,B0.5Ibvar,1.47,-3.64,-5.74
HIP 97491,297.22947412,-52.88799211,6.27,K1III,4.15,15.47,-47.93
HIP 97496,297.24437005,19.14197806,5.01,A3V,9.99,17.91,26.47
HIP 97499,297.25910696,-10.87071152,6.0,K5III,11.42,30.84,-21.34
HIP 97515,297.29803947,-28.78873269,6.04,F3V,21.95,119.95,-98.62
HIP 97534,297.35538694,-72.50341408,5.39,A4III,24.08,6.91,14.67
HIP 97538,297.36457758,38.71017237,6.12,G6III,4.68,7.63,-9.43
HIP 97569,297.47257971,-66.813093,6.44,K4III,3.03,-0.55,9.84
HIP 97572,297.47799734,28.43968047,6.45,B5V,1.92,1.71,-2.43
HIP 97573,297.48252498,27.08517105,6.46,G8III,6.86,8.86,4.57
HIP 97598,297.55855107,-47.55736033,5.91,M1III,2.92,8.52,-12.99
HIP 97607,297.57283311,7.90242825,6.49,B2.5IVe,2.1,-1.08,-3.96
HIP 97611,297.5906345,-61.06113281,6.21,B5V,3.63,3.39,5.37
HIP 97630,297.64161019,38.72216211,5.18,M2IIIa,5.08,12.65,105.85
HIP 97634,297.65553824,40.599778,5.68,B1III,1.27,-2.19,-7.67
HIP 97635,297.65722388,52.98816657,5.03,K3IIIvar,16.96,-10.28,-67.99
HIP 97646,297.68657002,-59.19363715,5.41,A0IV,12.55,23.09,-12.21
Altair (α Aql),297.6945086,8.86738491,0.76,A7IV-V,194.44,536.82,385.54
HIP 97650,297.69501255,-10.76358902,5.38,F0V,37.86,-32.35,31.84
HIP 97651,297.69528937,37.82631382,6.13,M3III,0.96,4.84,4.4
HIP 97674,297.75456049,-65.60470281,6.04,F2III-IV,16.67,99.7,-158.12
HIP 97675,297.75625098,10.4160539,5.12,F8V,51.57,240.09,-134.51
HIP 97679,297.76705681,22.61008676,4.9,B2.5V,5.27,23.35,-16.65
HIP 97687,297.79625917,-2.46088946,6.12,K5III,5.72,-7.72,-41.26
HIP 97697,297.82386363,9.62994013,6.25,A1m,8.58,7.38,-21.73
HIP 97700,297.83069652,47.37719407,6.22,F2V,15.14,14.06,17.41
HIP 97709,297.86184303,4.08864671,6.47,K0...,-0.37,-5.62,-6.14
HIP 97749,297.96079231,-39.87433805,5.32,A0p,9.62,19.12,-12.05
HIP 97757,297.996132,47.02734867,5.6,O9.5Ia,0.22,-2.76,-3.99
HIP 97765,298.00664208,24.99217156,5.54,A1Iab,1.83,-0.15,-3.93
HIP 97767,298.01518068,11.62913862,6.16,G0V,36.15,-345.23,-333.26
HIP 97774,298.02988134,47.93181856,5.91,B2III,1.32,-6.25,-9.81
HIP 97783,298.0500211,-19.04486185,5.88,K0III,10.46,-2.46,-53.25
HIP 97789,298.06835372,36.43228438,6.13,K4III,4.41,12.72,4.41
HIP 97796,298.09068778,18.67190024,6.24,O8e,0.23,-0.17,-10.45
HIP 97804,298.11818257,1.00567827,3.87,F6Ibv SB,2.78,6.94,-7.3
HIP 97816,298.15709206,-54.97103652,5.76,G8/K0III,9.21,20.52,4.41
HIP 97845,298.25521888,47.80773842,6.3,B0.5IIIn,1.08,-7.31,-7.64
HIP 97849,298.27660773,-14.60308038,6.47,A1V,8.58,-0.77,-50.4
HIP 97870,298.32237872,57.52346329,5.14,B5V,5.11,5.96,7.64
HIP 97871,298.32801307,-3.11449682,5.63,A5pvar,11.79,21.64,13.62
HIP 97886,298.36533677,24.07952568,4.57,B9.5III,9.08,22.78,36.29
HIP 97892,298.39741251,59.70852496,6.06,A3V,9.61,42.12,55.57
HIP 97928,298.53446904,-8.57416489,5.76,K5III,8.27,7.87,-18.97
HIP 97938,298.56175736,8.46165027,4.71,K0III,15.96,101.43,-81.28
HIP 97944,298.57426614,-23.9400745,6.22,K3/K4V,70.34,-122.67,-409.86
HIP 97961,298.62942212,24.31939041,5.56,A0III,6.9,23.52,-0.79
HIP 97966,298.65686507,-8.22722614,5.7,B7Vn,9.74,8.11,-25.71
HIP 97967,298.65858512,-8.2369743,6.49,B8V,9.02,4.02,-30.2
HIP 97970,298.66743028,7.14035304,6.14,A2V,12.38,29.12,-0.01
HIP 97971,298.66854596,-61.170815,6.21,A3V,10.72,-8.12,9.36
HIP 97980,298.68655124,0.27365959,5.6,A0III,9.45,42.37,-13.2
HIP 97985,298.70101118,36.99565531,5.79,Fp,2.12,11.16,8.54
HIP 98012,298.77129973,-33.04624883,6.47,K2/K3III,2.59,-12.62,-1.27
HIP 98032,298.81532954,-41.8684135,4.12,K0III,17.24,23.37,51.6
HIP 98036,298.82819233,6.40793334,3.71,G8IVvar,72.95,46.35,-481.32
HIP 98038,298.83121009,-6.73463769,6.49,F2V,11.67,16.21,-58.74
HIP 98044,298.84184872,58.25037613,6.1,G9III,7.06,20.19,-75.18
HIP 98055,298.90759282,52.43902327,4.91,A4Vn,11.3,-36.62,-31.02
HIP 98066,298.95927101,-26.29968718,4.7,G3/G5III,42.03,203.96,74.4
HIP 98068,298.96567172,38.48670392,4.95,B5IV,2.71,1.46,0.6
HIP 98073,298.98078459,58.84601982,4.98,K5II-III,3.55,-9.0,-20.86
HIP 98085,299.005264,16.6348159,5.71,G5Ibv SB,0.76,1.0,-6.89
HIP 98086,299.00675249,-81.34983861,6.39,K3/K4III,4.7,20.03,-0.71
HIP 98103,299.05930285,11.42370978,5.28,A1IV,15.84,32.4,4.57
HIP 98110,299.07665069,35.08349079,3.89,K0IIIvar,23.4,-34.0,-27.6
HIP 98111,299.07925317,56.68697532,6.16,A4Vn,11.67,29.32,17.06
HIP 98143,299.18392884,36.25059928,6.03,B5IV,2.93,1.21,-0.18
HIP 98146,299.18818099,50.90249691,6.46,A1V,9.31,10.01,10.63
HIP 98162,299.23677038,-27.1698625,4.54,K3III,2.7,9.6,-14.95
HIP 98174,299.27618092,-58.90131541,5.24,B9.5IV,10.81,23.55,-14.87
HIP 98194,299.30776056,40.36782505,5.46,B5V,2.13,7.08,-0.47
HIP 98234,299.43932749,16.78911537,5.54,B9III,8.06,11.52,19.66
HIP 98253,299.48382616,42.26079538,6.44,A3V,2.57,-5.25,-10.19
HIP 98258,299.48758471,-15.49126255,5.01,A2V,11.18,17.83,-93.66
HIP 98308,299.61974056,63.53420204,6.15,A3V,7.58,0.77,-27.64
HIP 98320,299.64314255,38.10569103,6.33,B5IV,1.85,3.63,0.83
HIP 98325,299.65816165,30.98367174,5.51,B9Vn,5.99,33.23,-2.6
HIP 98332,299.67157464,-69.16371251,5.74,Am,14.08,69.18,-100.6
HIP 98333,299.67409575,70.36680747,6.32,G8III,7.74,40.45,58.1
HIP 98337,299.68911516,19.49209287,3.51,K5III,11.9,64.37,22.58
HIP 98346,299.72052643,-68.76240414,6.38,A2V,9.56,36.46,-73.83
HIP 98351,299.73486767,-30.5382381,6.27,K1III,15.22,86.05,-59.89
HIP 98353,299.7382347,-26.19582739,4.84,G8II/III,9.58,34.5,24.74
HIP 98375,299.79409487,23.10127381,5.68,F0,20.66,-70.78,3.07
HIP 98379,299.81390745,52.05568515,6.14,B5III,4.24,9.33,2.63
HIP 98383,299.83506255,45.77258164,5.92,A5III,6.91,11.54,-16.72
HIP 98385,299.84430859,1.37753175,6.17,G8III,4.24,16.51,67.66
HIP 98401,299.90289138,76.48153707,6.2,M3III,6.21,-26.86,-59.51
HIP 98412,299.93405965,-35.27624433,4.37,B2.5IV,5.28,6.02,-25.15
HIP 98416,299.94787255,-9.95728408,5.87,F8V,40.75,-246.73,-392.36
HIP 98421,299.96366659,-34.69763103,5.3,A4/A5IV,20.81,108.71,-69.13
HIP 98425,299.97997979,37.04288602,5.15,B3IV,2.07,0.41,-0.24
HIP 98438,300.01378061,17.51654077,5.33,M4IIIa,4.37,1.73,-12.22
HIP 98458,300.06399327,26.18790438,6.49,G8II,2.21,1.42,-7.01
HIP 98461,300.06632739,-37.70171669,5.95,G8/K0III,10.33,19.54,-1.15
HIP 98470,300.08399517,-33.7027487,5.65,F7V,47.9,130.79,-289.3
HIP 98478,300.09627712,-66.94888773,5.75,K0IV,15.09,-3.67,-194.28
HIP 98482,300.10582208,-49.35093932,6.18,K0III,10.8,-76.61,-2.94
HIP 98485,300.11028267,-43.04333151,6.11,M0III,2.96,22.07,12.32
HIP 98495,300.14747226,-72.91018443,3.97,A0V,30.73,80.54,-131.34
HIP 98512,300.20134846,-45.1129325,5.8,A8III,9.07,3.39,5.82
HIP 98526,300.24571281,8.5577688,5.9,K5III,3.63,11.14,-13.96
HIP 98543,300.27504217,27.75356392,4.66,A4III,14.67,57.99,3.76
HIP 98563,300.31365859,37.09887283,6.23,K0III,3.25,40.81,50.92
HIP 98571,300.33978531,50.10467998,5.06,K1II-III,7.6,16.31,6.14
HIP 98575,300.3493383,-22.73727899,6.01,K0III,10.42,9.86,-11.6
HIP 98579,300.36149409,-40.81423965,6.31,A2/A3V,11.65,27.68,-39.78
HIP 98583,300.36888221,64.82100457,5.22,M1III,5.78,10.01,-12.45
HIP 98609,300.43627799,24.80042535,5.88,B4V,4.85,6.72,-0.78
HIP 98608,300.43634274,-59.37582804,4.95,M6III,7.52,19.73,-26.89
HIP 98624,300.46835033,-66.94379223,5.32,K2IVCN...,13.91,38.48,-71.53
HIP 98633,300.49407171,-13.63724241,5.69,A1IV,10.54,38.87,10.41
HIP 98636,300.50572521,24.93787365,5.23,F2III,15.43,89.69,69.73
HIP 98658,300.58399922,64.63439179,6.27,G7III:,9.72,41.93,11.18
HIP 98688,300.66441367,-27.70987972,4.43,M4III,7.28,32.28,14.35
HIP 98701,300.70335846,31.95880063,6.39,K1III,2.89,11.37,12.76
HIP 98702,300.7043634,67.87344872,4.51,K3III,8.02,16.43,47.8
HIP 98738,300.81830316,18.50104063,5.99,K3Iab:,3.84,11.41,-19.67
HIP 98754,300.875053,16.03127337,5.73,B9MNp...,5.12,5.05,-7.73
HIP 98761,300.88921406,-37.94049103,4.77,K4III,8.05,64.71,-85.44
HIP 98767,300.90394052,29.89807932,5.73,G6IV+...,62.92,683.32,-524.06
HIP 98772,300.91170802,22.94109632,6.45,K2,6.35,-18.84,-15.74
HIP 98785,300.93472579,-22.59565192,6.44,F7V,17.38,-38.45,23.36
HIP 98819,301.02693796,17.07116105,5.8,G1V,56.6,-394.07,-406.42
HIP 98823,301.03461172,7.27793427,5.51,K0III,6.19,14.24,12.97
HIP 98842,301.08151239,-32.05626941,4.99,K1III/IV,10.05,43.01,-10.78
HIP 98844,301.09647111,-0.70902114,5.67,K4III,5.6,-2.21,-118.27
HIP 98858,301.11994393,48.22966326,6.16,A2IV,5.63,10.92,0.51
HIP 98863,301.15073631,32.21862467,5.62,B1.5Ia comp,0.24,-2.8,-11.12
HIP 98872,301.18547823,63.89011646,6.24,A2II-III,12.74,2.98,37.47
HIP 98890,301.22255255,68.02718293,6.32,M3IIIa,2.92,-12.12,-9.82
HIP 98910,301.2725629,-11.59937704,6.38,F1III,2.56,-0.57,-14.98
HIP 98915,301.27802072,51.83932191,6.14,M1IIIa,4.4,34.34,31.21
HIP 98920,301.28947757,19.99087704,5.09,K2III,20.17,30.61,79.65
HIP 98921,301.28994567,38.47818576,6.18,G5IV,52.99,263.35,111.57
HIP 98946,301.33959613,56.34122669,6.19,F4V,19.14,-0.37,80.22
HIP 98954,301.36052502,15.50036919,6.37,M2  comp,4.35,34.33,17.62
HIP 98959,301.3811952,-67.31925724,6.07,G2V,56.45,844.55,-674.69
HIP 98962,301.38635475,61.99524822,5.4,K3III,18.78,123.82,70.6
HIP 99024,301.55080882,-4.07812491,6.47,K0,9.57,51.59,-34.88
HIP 99026,301.55682854,53.16506746,5.81,F5V,27.43,212.85,255.21
HIP 99031,301.59137234,35.97353894,5.38,K0IV,41.34,-224.43,-440.57
HIP 99080,301.72249122,23.61442409,5.08,B3V,6.68,15.18,0.45
HIP 99120,301.84653576,-52.88080972,4.93,M1II,2.6,-12.72,6.88
HIP 99137,301.89613313,-55.0161003,6.26,F8V,43.08,19.16,36.22
HIP 99145,301.92266944,34.42292025,6.12,B5Ib,1.62,1.21,-6.07
HIP 99158,301.9597506,9.39976375,6.43,F3V,23.12,46.58,28.37
HIP 99171,302.00731244,-0.67802026,5.97,K1IV,20.89,116.6,-67.94
HIP 99176,302.02708254,16.66437317,6.39,M3III,0.77,4.33,7.14
HIP 99188,302.03988388,-52.5777484,6.47,G3V,17.3,-23.62,-19.32
HIP 99200,302.08533425,-66.35467601,6.45,K5III,2.85,-9.15,-6.35
HIP 99221,302.13028361,-10.06251198,6.18,B9.5III,6.22,6.13,-34.03
HIP 99234,302.15948837,10.7258712,6.34,B3IV,1.77,3.83,-1.81
HIP 99240,302.17441713,-66.17932101,3.55,G5IV-Vvar,163.73,1210.29,-1130.34
HIP 99255,302.22215174,77.71136178,4.38,B9III,9.97,11.11,23.72
HIP 99270,302.26588449,-47.06777265,6.46,K5III,6.12,41.75,-64.67
HIP 99294,302.34320542,56.02687302,6.49,K0,2.63,-10.73,-18.39
HIP 99303,302.35673642,36.83959003,4.93,B2.5V,3.79,3.15,12.96
HIP 99404,302.63968695,26.90413736,5.51,A3III,7.77,18.29,12.92
HIP 99445,302.76469664,21.13450274,6.24,K0,6.34,23.15,31.2
HIP 99453,302.78089426,-57.52415476,6.36,A1V,7.21,12.17,-34.76
HIP 99457,302.79198547,-8.84233932,6.39,B1V,0.03,1.39,-2.07
HIP 99461,302.79836763,-36.09738423,5.32,K2V,165.24,456.89,-1574.91
HIP 99473,302.82610327,-0.82147569,3.24,B9.5III,11.36,35.48,6.05
HIP 99479,302.83758369,21.87496544,6.24,B1Ib,0.11,-4.71,-11.81
HIP 99500,302.89476753,62.07834754,5.7,F5V,20.54,137.31,80.09
HIP 99518,302.94989008,26.80901561,5.51,K3II-III,2.02,1.41,-10.37
HIP 99529,302.9912627,-12.39235779,6.34,K0III,6.75,-6.85,-18.6
HIP 99531,303.00291076,26.47883104,5.91,B7Ve...,2.86,4.48,-10.08
HIP 99570,303.09940397,-42.77981808,6.2,K2III,9.48,-18.07,-100.81
HIP 99572,303.10731366,-12.61702214,5.84,F5V,35.65,193.25,-195.6
HIP 99579,303.13221351,51.46360234,6.01,K1III:,7.91,-14.99,-15.31
HIP 99585,303.14634666,0.8671023,6.25,A0,5.41,2.1,-19.81
HIP 99624,303.26843803,-0.33079848,6.47,K5,2.08,-13.81,1.05
HIP 99631,303.30778095,-1.00926621,5.44,K5III,3.67,24.87,-30.06
HIP 99639,303.32517496,46.81567038,4.8,A5IIIn,4.55,13.39,1.93
HIP 99655,303.34917142,56.56752223,4.28,A3IV-Vn,21.41,60.85,82.26
HIP 99663,303.3648718,60.6404332,5.81,K5III,5.49,39.03,55.82
HIP 99666,303.38492057,-47.7131298,6.47,K2III,7.26,-5.87,-42.8
HIP 99675,303.40792782,46.74132417,3.8,K2II+...,2.41,4.2,1.87
HIP 99685,303.42839988,43.37900332,6.13,K4III,4.42,-3.11,3.96
HIP 99719,303.52030039,36.60489439,6.47,A0V,3.23,10.39,-5.6
HIP 99738,303.56050449,28.69486353,5.19,A7IVn,9.97,12.18,-19.01
HIP 99742,303.56910667,15.19746767,4.94,A2V,21.24,55.69,57.98
HIP 99747,303.57919847,-52.44564171,5.65,K4III,3.56,20.8,-52.67
HIP 99762,303.61232254,-63.41586405,6.09,F0IV,13.88,-39.21,30.8
HIP 99770,303.63326032,36.8061354,4.93,A2V,24.37,69.22,68.67
HIP 99824,303.81621226,25.59196924,4.79,B3V,2.72,6.9,-5.02
HIP 99825,303.8190747,-27.03253576,5.73,K3V,113.33,1241.35,-181.46
HIP 99841,303.84913091,33.7293702,5.7,K0III,10.86,-31.88,-117.82
HIP 99848,303.8679927,47.7142053,3.96,K3Ib-II comp,2.94,3.88,1.2
HIP 99853,303.87598846,23.50892242,5.18,G2Ib SB,0.75,2.66,-6.89
HIP 99870,303.93015311,50.23286626,6.36,A2Vn,9.19,15.52,15.09
HIP 99874,303.94232258,27.8142285,4.5,K3III,9.94,-34.37,5.77
HIP 99878,303.96077438,-30.0052966,6.3,K4III,2.84,33.81,7.7
HIP 99889,304.00252971,45.57965867,5.87,F5V:,28.97,9.25,-54.94
HIP 99893,304.01429331,38.89808634,6.28,A1V,7.96,-1.07,-30.71
HIP 99894,304.02511695,4.58091965,6.44,G5,14.84,-40.72,-51.16
HIP 99913,304.08242795,21.59876279,6.11,K1III,10.95,8.1,-25.73
HIP 99918,304.09500616,-12.33707716,6.3,B9IV,6.19,6.75,-17.13
HIP 99920,304.0983736,-36.4535361,6.3,M4III,3.83,1.66,-15.9
HIP 99929,304.11730319,37.0563971,6.47,B6III,2.86,2.56,-0.81
HIP 99951,304.19615246,24.67114227,5.3,G8III,6.91,14.41,-16.71
HIP 99968,304.23034999,40.3650796,5.27,K5II,3.26,2.01,-1.89
HIP 100016,304.37106233,42.72206321,6.32,K4II:,1.73,2.72,-1.33
HIP 100017,304.37763542,66.85296587,5.91,G3V,56.92,468.52,296.81
HIP 100018,304.38140202,29.14750941,6.24,G9III,8.88,-9.15,22.1
HIP 100027,304.41190045,-12.50821403,4.3,G3Ib,4.75,22.24,0.75
HIP 100044,304.44668519,38.0329471,4.77,B2pe,0.52,-3.53,-6.88
HIP 100062,304.50573017,-21.80990013,5.86,G8III,9.55,35.39,-24.74
HIP 100064,304.5134103,-12.54485877,3.58,G6/G8III,30.01,61.78,2.85
HIP 100069,304.52912505,40.73209817,5.83,O9V,2.1,-2.51,-6.53
HIP 100097,304.6031586,55.3971705,5.76,A2Vs,11.21,-7.58,-31.19
HIP 100108,304.61927485,36.9997539,5.58,A2V,16.76,40.35,20.06
HIP 100122,304.66279104,34.98278431,5.14,F5Ib,1.63,0.1,-3.81
HIP 100142,304.70696744,46.32221345,6.46,B2V,1.23,-4.42,-7.89
HIP 100151,304.73319265,-47.71076925,6.28,M1III,4.83,12.31,-2.0
HIP 100155,304.73974671,39.00420342,6.35,K5Ib,1.36,-2.12,-8.08
HIP 100165,304.76254422,-63.23056312,6.27,K0III,7.32,-8.78,-74.36
HIP 100184,304.8236872,-47.57984541,6.13,F5V,33.91,190.87,-182.5
HIP 100195,304.84833016,-19.1185068,5.28,K2III,4.68,7.96,-10.9
HIP 100208,304.87210564,13.21681049,6.2,M1III,4.12,-14.89,-18.28
HIP 100221,304.90290698,62.25741351,5.71,B9V,8.62,16.74,24.16
HIP 100232,304.93016868,-1.07859255,6.05,K0,8.04,41.59,32.39
HIP 100250,304.98351514,46.83730538,6.49,B9p Si,2.67,-1.61,5.78
HIP 100256,305.0007967,13.54810109,5.96,A5m,11.09,-2.65,-4.03
HIP 100261,305.02493212,68.8802532,5.59,M5III,4.79,18.02,26.44
HIP 100268,305.06342626,39.40328172,6.22,A1V,9.18,-5.11,-22.79
HIP 100274,305.08552482,14.56924214,6.17,G8III,5.93,-3.19,6.18
HIP 100276,305.0891524,17.79300261,5.82,K5III,6.83,16.32,-30.88
HIP 100295,305.12766031,53.59568983,6.23,K5,2.0,2.17,-2.02
HIP 100300,305.13460168,-55.05080338,6.27,M0/M1III,4.02,11.56,-32.4
HIP 100310,305.16586145,-12.75904403,4.77,B9IV,11.98,15.71,-14.63
HIP 100325,305.19384449,-14.78489327,6.09,B9.5III/IV,10.4,42.64,0.37
HIP 100332,305.21612805,-35.67372299,6.46,K3III,7.35,36.35,19.26
HIP 100345,305.25269347,-14.78140119,3.05,A5:n,9.48,48.42,14.0
HIP 100357,305.29798654,63.98008727,5.69,K5III,4.45,6.14,14.52
HIP 100379,305.36858807,-66.74969742,6.49,F6V,22.72,-140.22,3.15
HIP 100412,305.42233711,-49.99880746,6.26,G2IV-V,30.84,-359.84,-250.36
HIP 100434,305.51272943,41.132146,6.38,G5II+...,2.1,2.44,-3.67
HIP 100435,305.51428968,24.44611603,5.5,B8IIIn,1.81,1.92,-6.89
HIP 100437,305.52227775,45.79489737,5.58,K0IIIvar,7.86,25.06,39.7
HIP 100453,305.55708346,40.2566815,2.23,F8Ib,2.14,2.43,-0.93
HIP 100469,305.61449749,-42.04934895,5.6,A0V,13.35,32.94,-81.98
HIP 100486,305.65547104,31.26502064,6.09,K2,5.37,-8.47,-22.64
HIP 100501,305.68872891,41.02613288,5.95,M0III,3.81,1.26,-49.66
HIP 100511,305.7180075,14.55111452,6.16,F8V,38.27,79.02,-6.87
HIP 100515,305.73120017,42.98343905,6.2,K0IIIvar,9.86,55.72,42.82
HIP 100524,305.75322975,-9.65467053,6.29,G5II-III,7.49,27.04,-16.28
HIP 100541,305.79462251,5.34307747,5.3,G8III-IV,13.23,-26.89,-37.12
HIP 100574,305.9348554,37.47644822,5.87,B2Vne,3.65,5.09,0.17
HIP 100587,305.96498335,32.19018607,4.43,K3III,12.77,35.71,-5.81
HIP 100591,305.97161225,-42.42290463,5.64,A3V,8.8,-11.08,14.99
HIP 100651,306.13481758,53.55190298,6.49,B9.5III,2.23,8.31,12.62
HIP 100664,306.15622323,1.06839246,6.14,B9V,3.88,7.93,5.49
HIP 100672,306.17397508,1.36861212,6.41,K5,3.77,5.66,-20.1
HIP 100697,306.22834017,-83.31063455,6.15,A2/A3m...,12.95,23.65,7.54
HIP 100714,306.27084638,59.60012111,6.44,A3III,3.44,1.95,-9.68
HIP 100738,306.36175161,-28.66327932,5.86,G8II/III,6.03,11.73,4.05
HIP 100751,306.41187347,-56.73488071,1.94,B2IV,17.8,7.71,-86.15
HIP 100754,306.4188495,21.40966274,5.68,G6III,6.0,8.88,-8.67
HIP 100758,306.42719925,-2.80028034,6.1,K1III:,4.57,-4.95,-40.0
HIP 100762,306.43376134,10.05609372,6.32,K5IIIvar,3.72,20.98,-38.88
HIP 100764,306.45003566,-40.79597302,6.08,K3III,9.25,-105.35,-86.76
HIP 100779,306.5047852,19.86544804,6.45,K0III,4.83,31.26,18.93
HIP 100781,306.50659436,13.91167933,6.35,K5,4.0,25.12,-27.49
HIP 100807,306.59646487,17.31557189,6.23,K0,4.01,4.49,-5.45
HIP 100808,306.597765,56.63867785,6.38,B9V,5.96,10.0,8.35
HIP 100852,306.72140299,-37.402627,6.24,K1IV,25.21,-255.06,-114.25
HIP 100859,306.7591909,49.38322449,5.73,F0V:,26.56,68.79,58.48
HIP 100866,306.78238806,34.32907395,6.39,F1II,1.32,1.47,-1.8
HIP 100876,306.80912244,20.47650539,6.44,K0,1.97,0.51,-8.32
HIP 100881,306.83001454,-18.21169433,5.08,B4V,4.9,10.32,-10.87
HIP 100907,306.89281213,38.44052275,5.63,A3V,12.07,-22.98,-78.6
HIP 100953,307.03131529,8.43740668,6.23,G9III,9.99,40.75,16.94
HIP 100965,307.06022697,81.42266925,5.38,G9III,7.15,33.72,16.19
HIP 100969,307.06986982,2.93715202,6.2,G8III,7.15,38.93,3.7
HIP 100977,307.10370567,-3.35774231,6.12,B9V,5.85,27.29,-21.22
HIP 101011,307.18160334,-15.74149651,6.41,G8III,5.28,8.09,-1.15
HIP 101017,307.19473436,-35.5958129,6.09,B8II/III,5.2,1.69,-20.76
HIP 101027,307.21509857,-17.81366828,4.77,F3V,33.04,-15.79,-7.66
HIP 101044,307.26174083,83.62546296,6.19,A4m,11.77,23.43,-19.05
HIP 101067,307.33495238,36.45473284,5.9,A1Ib,1.93,2.58,-1.58
HIP 101076,307.348879,30.36855661,4.01,F5II,4.3,6.87,-0.64
HIP 101084,307.36294172,56.06817898,5.89,B9Vn,3.64,4.57,4.63
HIP 101082,307.36380725,81.09073843,5.96,K0III+...,15.88,67.05,221.67
HIP 101090,307.38056519,-22.39149166,6.13,K5III,6.14,8.23,-30.91
HIP 101093,307.39511383,62.99413722,4.21,A7III,24.04,45.0,-13.31
HIP 101101,307.41232775,-2.8854763,4.91,K2III,17.08,71.88,-22.39
HIP 101123,307.47454931,-18.58298474,5.94,A1V,13.65,25.56,-79.45
HIP 101133,307.49947843,45.92819432,6.43,K2+...,7.86,80.51,148.93
HIP 101134,307.50299582,72.53176245,6.23,K4III:,4.78,-0.29,-24.44
HIP 101138,307.51471567,48.95155039,4.94,B2.5IV,3.75,10.01,7.64
HIP 101160,307.57479631,10.89591574,6.03,A1sh,5.76,19.25,3.52
HIP 101211,307.73663,-29.11265034,6.35,A5V,5.49,18.53,-6.31
HIP 101213,307.74206375,20.60600552,6.21,A1m,9.43,96.14,58.5
HIP 101214,307.74678964,36.93584939,6.21,F5Iab,2.06,-0.2,-4.18
HIP 101221,307.7680461,-15.05605156,6.1,K1/K2III+..,10.25,-39.47,-47.97
HIP 101243,307.82836858,49.2203733,5.44,M2III,8.07,8.79,-31.28
HIP 101245,307.83796767,52.30937218,6.2,K0III,9.37,40.61,63.27
HIP 101260,307.87666197,74.95465942,5.18,A0p...,7.82,6.36,-16.47
HIP 101268,307.9011204,34.33050116,6.47,F2,22.18,-6.61,-52.64
HIP 101285,307.94383104,56.77987434,6.14,K5III,3.97,-14.82,-6.5
HIP 101300,307.99244679,25.80502621,6.37,Am,12.33,41.31,-20.03
HIP 101339,308.08498217,2.13280461,6.47,K2,2.88,29.89,1.24
HIP 101345,308.097973,-9.85364143,5.66,G3V,41.26,307.59,106.07
HIP 101384,308.21813716,-24.94372528,6.35,A0V,9.31,5.27,-42.89
HIP 101421,308.30318657,11.30333217,4.03,B6III,9.09,10.75,-28.54
HIP 101427,308.3233866,-80.96482633,5.76,G6/G8II,6.19,8.35,-14.88
HIP 101474,308.47578431,35.25086482,4.61,K2Ib comp,3.51,-2.26,-5.35
HIP 101475,308.47848189,46.69386159,5.78,B9sp...,6.78,9.66,1.82
HIP 101477,308.47942959,-44.51596141,5.12,K0III,15.1,11.17,-35.67
HIP 101483,308.48748693,13.02720146,5.39,A3IVs,18.85,76.49,21.89
HIP 101489,308.49967349,4.89868547,6.42,K0,5.24,4.79,-8.79
HIP 101505,308.54157887,20.98519665,6.49,B3IV,2.21,6.76,-4.72
HIP 101507,308.54856618,-13.72126202,6.11,G0V,30.45,69.24,70.39
HIP 101552,308.69742531,-30.47341857,6.42,B8V,5.5,12.67,-21.9
HIP 101556,308.71002522,51.85423447,6.19,A9II,0.45,-3.14,-5.37
HIP 101558,308.73109205,-38.08986196,6.45,A5m...,14.94,18.62,-11.54
HIP 101570,308.77641961,-71.18880857,6.41,K2III,4.05,-38.53,12.3
HIP 101589,308.82711738,14.67418482,4.64,A3V,14.36,45.08,11.71
HIP 101608,308.88419228,-16.52581187,6.19,A5II/III,13.9,84.05,-27.61
HIP 101612,308.89486744,-60.58129819,4.75,F1III,36.27,70.15,-185.58
HIP 101623,308.94923064,-44.33764333,6.36,K1III,7.94,-9.85,15.37
HIP 101626,308.96528696,-69.61047763,6.09,K2III,3.93,30.71,-44.55
HIP 101641,309.03467615,25.88261861,6.4,A5III,4.65,23.61,11.96
HIP 101684,309.15969219,-63.12076434,6.34,F2V,17.05,10.18,-81.64
HIP 101692,309.18177937,-2.54991814,4.91,K5II,1.48,9.09,-16.05
HIP 101716,309.26942755,26.46197499,5.59,B9V,10.68,16.27,-11.39
HIP 101746,309.32657723,0.09700261,6.21,B8IIIp,5.07,5.25,-10.11
HIP 101756,309.34822512,38.32877208,6.21,K0III,9.93,13.77,-43.95
HIP 101765,309.38238346,31.57254134,6.32,B8IIIn,4.16,8.98,-0.63
HIP 101769,309.38695734,14.59520289,3.64,F5IV,33.49,118.28,-47.65
HIP 101772,309.39162365,-47.29166239,3.11,K0III,32.21,49.2,66.07
HIP 101773,309.39683225,-61.52974415,4.86,Fm delta Del,16.73,59.15,-71.7
HIP 101800,309.45456696,11.37769664,5.42,A2V,18.4,40.01,-8.51
HIP 101808,309.46742044,-25.10918309,6.38,A9V,19.86,72.85,-15.41
HIP 101810,309.4779433,18.26843117,6.22,M6III,9.16,36.23,61.18
HIP 101843,309.5775207,-81.28897011,5.89,K5III,5.13,0.6,-38.24
HIP 101847,309.58447294,-1.10507951,4.31,G8III SB,8.5,15.66,-17.01
HIP 101867,309.63038481,21.20117964,4.81,A0V,15.27,74.38,-2.48
HIP 101868,309.63295107,24.11597742,5.06,B5IV,6.61,9.99,-7.8
HIP 101870,309.64578512,23.68050731,5.91,K0II-III+..,1.65,4.09,-5.32
HIP 101882,309.68326968,13.31512567,5.69,K3Ib,2.5,2.66,-0.39
HIP 101899,309.74806489,30.33442469,5.68,K2III,8.44,-27.45,-65.54
HIP 101900,309.75078432,56.00494916,6.45,F2Vn,7.68,-5.51,-40.81
HIP 101909,309.7707025,15.83823558,5.99,B3V,2.51,-2.33,-15.14
HIP 101911,309.77443055,-4.92950491,6.46,K0,13.93,-1.68,4.5
HIP 101916,309.7816354,10.08615196,5.07,G5IV+...,33.27,323.58,21.07
HIP 101919,309.79428967,21.81740583,6.08,A0III,3.52,30.19,15.86
HIP 101921,309.80519224,-2.41298335,6.23,B7IIIn,2.65,8.02,3.31
HIP 101923,309.81798449,-14.95471233,5.24,B7III,1.86,2.58,-19.66
HIP 101936,309.8534644,0.4864919,5.15,K1III,13.33,103.0,-19.44
HIP 101949,309.88879736,40.57965647,6.07,B6IIIp Mn,3.63,6.67,0.84
HIP 101958,309.90939395,15.9120527,3.77,B9V,13.55,54.14,7.91
HIP 101965,309.96549309,-62.90759808,6.22,K1III,7.66,32.33,-83.92
HIP 101966,309.96603077,11.24944743,6.39,F8IV:,30.31,47.44,83.05
HIP 101983,310.00944347,-60.54750937,5.11,F8V,41.33,312.88,-568.99
HIP 101984,310.01232708,-18.1386063,5.15,M1III,4.32,-22.73,-21.63
HIP 101986,310.01339893,43.4590163,5.97,K2III,6.93,-69.45,-56.74
HIP 101997,310.04765218,-23.77498736,6.36,G8/K0V,68.28,500.83,460.76
HIP 102011,310.07448978,60.50481311,6.02,F6IV,30.12,13.73,185.72
HIP 102014,310.08255226,-33.43193038,5.47,K1III,13.64,22.87,35.93
HIP 102026,310.13566467,-16.12435941,5.79,K0III,9.9,-68.21,73.94
HIP 102033,310.15110122,29.8054475,6.02,A2V,12.2,20.61,43.05
HIP 102040,310.18777967,19.93477741,6.43,G5V,47.65,119.13,312.24
HIP 102057,310.2317212,-42.39671643,6.25,G6III,6.98,15.08,11.05
HIP 102066,310.26058373,32.30731586,5.53,G8IIb,4.05,2.86,-11.79
HIP 102080,310.3175567,14.58287886,6.01,K4III:,6.68,-8.52,0.39
HIP 102092,310.34826007,-31.59814237,5.75,M1III,7.78,110.84,-60.44
HIP 102094,310.35106663,-25.99985039,6.29,K2III,5.06,9.39,-25.13
HIP 102096,310.35261383,-42.13369967,6.28,M3II,3.49,48.91,-33.19
Deneb (α Cyg),310.3579727,45.28033423,1.25,A2Ia,1.01,1.56,1.55
HIP 102155,310.48540748,41.71687197,5.68,B8II-III,3.13,4.07,1.12
HIP 102157,310.48776281,-66.76062542,5.14,B8Vvar,3.88,8.89,-23.23
HIP 102158,310.49231374,17.5213842,6.24,G8III,7.54,16.52,43.1
HIP 102162,310.51050472,-76.18056892,5.99,F4III-IV,9.68,190.83,-9.43
HIP 102177,310.55261149,50.34002067,5.41,B2V,3.53,1.14,3.71
HIP 102208,310.64624921,82.53110584,5.75,A0V,9.11,30.77,21.68
HIP 102216,310.66538279,60.60136196,6.17,A2IV,4.5,-3.84,-18.9
HIP 102230,310.7206132,-39.55880998,6.3,K1III,2.48,17.76,-8.11
HIP 102253,310.79576497,66.65736293,5.59,A8V,23.49,25.11,34.71
HIP 102258,310.80702339,57.11400468,6.34,B2III,0.52,-2.34,-3.38
HIP 102276,310.85082082,35.5878093,6.48,G8Ib,1.47,-6.01,-3.28
HIP 102281,310.86477381,15.07468224,4.43,A7IIIp d Del,16.03,-19.61,-41.74
HIP 102333,311.00911122,-51.92084051,4.51,A6:var,41.38,155.49,-53.64
HIP 102358,311.09183699,56.48840856,5.91,M3III,3.38,9.84,-1.6
HIP 102388,311.21884679,25.27104823,4.92,K2III,8.94,-27.74,-177.6
HIP 102395,311.2398153,-66.20323826,3.42,A5IV,23.71,-42.4,10.57
HIP 102422,311.32195263,61.83679404,3.41,K0IV,69.73,86.08,817.89
HIP 102431,311.33831928,57.58029799,4.52,F8IV-V,36.87,-62.95,-235.56
HIP 102453,311.41566302,30.7196568,4.22,K0III,15.84,-8.01,24.04
HIP 102485,311.52402547,-25.27051682,4.13,F5V,68.16,-51.38,-156.66
HIP 102487,311.54155712,-21.51399111,5.91,A1V,12.09,23.45,-17.01
HIP 102488,311.55180091,33.96945334,2.48,K0III,45.26,356.16,330.28
HIP 102496,311.57740846,-36.12002528,6.49,F3/F5V,14.42,40.22,-52.07
HIP 102497,311.58346515,-39.19918925,5.48,B8/B9V,10.19,42.68,-30.14
HIP 102499,311.58868245,52.99555137,6.34,K0,7.52,-81.51,-104.52
HIP 102530,311.66085551,46.53172772,6.3,A3V,7.89,-16.16,-14.75
HIP 102531,311.66194885,16.12462394,5.15,A2Ia+...,31.69,-6.1,-201.74
HIP 102532,311.66465833,16.12477326,4.27,K1IV,32.14,-25.88,-196.27
HIP 102561,311.76488906,-2.48685951,6.28,K2,4.14,-19.81,-21.53
HIP 102571,311.79468503,34.37410329,4.93,K3IIIvar,8.18,39.26,8.24
HIP 102585,311.83652247,45.57998871,6.41,K3III,2.49,4.22,-22.39
HIP 102589,311.85219564,36.49073658,4.53,B6IV,3.71,14.93,-8.2
HIP 102599,311.88981878,80.55235152,5.36,K1III,8.12,-28.02,-36.91
HIP 102618,311.91888574,-9.49568988,3.78,A1V,14.21,31.89,-35.32
HIP 102624,311.93432462,-5.02760303,4.43,M3IIIvar,7.33,-3.3,-40.24
HIP 102631,311.9493986,3.30644316,6.38,A0Vn,6.98,37.66,9.71
HIP 102633,311.95136711,6.00824104,5.57,A0V,6.35,8.81,-13.01
HIP 102635,311.95539218,47.83191224,5.6,K5III,6.06,-8.68,-17.58
HIP 102642,311.9703881,52.40757941,6.29,K0V:,23.88,71.97,-169.67
HIP 102670,312.07648948,-44.1967022,6.47,K1IV,5.58,94.9,-53.31
HIP 102693,312.12083153,-43.98827127,5.11,F1IV,24.35,175.78,-112.17
HIP 102712,312.17807122,51.91032519,6.26,B8np,4.12,6.42,2.39
HIP 102724,312.23455583,46.11414081,4.81,B3Ia,1.45,-2.92,-2.62
HIP 102770,312.3218893,-0.56327506,6.24,M3,3.46,-26.76,-25.36
HIP 102771,312.32247907,64.04226879,6.45,B0.5V,1.27,-3.97,-4.81
HIP 102772,312.32335608,-25.78119469,5.86,B8II,3.58,12.83,-18.62
HIP 102773,312.32614627,-68.77640032,5.41,K0III,10.7,-64.57,-49.78
HIP 102780,312.33559192,-18.03577344,6.2,K3III,2.9,0.2,-33.47
HIP 102790,312.3705384,-46.22689249,4.9,K5III,8.06,37.85,27.28
HIP 102805,312.40723273,12.54489131,6.01,F5V,33.81,54.06,97.46
HIP 102819,312.451019,7.8641548,6.32,A1Vs,6.3,26.21,12.43
HIP 102827,312.47767395,46.66132783,6.33,B4V,3.55,4.53,3.85
HIP 102831,312.49199793,-33.7796732,4.89,G8III,8.57,3.71,-20.19
HIP 102833,312.49613207,5.54455718,6.2,K0,6.58,43.16,1.02
HIP 102843,312.52013154,44.0589822,5.06,A4me...,23.67,122.68,132.3
HIP 102891,312.67375681,-12.54472977,5.87,K1III,13.06,127.05,-72.39
HIP 102901,312.69647274,-32.05445023,6.42,K5III,4.69,-8.32,-63.27
HIP 102916,312.75317995,-37.91328991,5.52,K3III,5.2,-6.71,-17.22
HIP 102945,312.85705076,-5.6266358,5.99,F5IV-V,16.97,95.77,1.25
HIP 102949,312.86764739,28.25051868,5.66,F5Ib,1.95,3.92,-5.48
HIP 102950,312.87520805,-51.60816692,5.06,K1II/III,5.75,-0.24,-4.95
HIP 102962,312.91001311,-62.42921513,5.67,A2,13.67,83.04,-49.38
HIP 102978,312.95540084,-26.91912642,4.12,K4III,5.19,-7.97,-2.54
HIP 102989,312.99481827,-33.17796029,6.06,A1IV,4.93,7.09,-5.62
HIP 102993,313.00162315,32.84891554,6.42,B3III,1.67,0.24,-8.66
HIP 103004,313.0321898,27.09712771,4.56,G8III,15.06,-72.33,-60.95
HIP 103005,313.03622144,-5.50704421,5.55,B9III,4.33,1.26,-6.2
HIP 103045,313.16335749,-8.98323782,4.73,A3m,21.01,47.06,-32.91
HIP 103071,313.25459112,-23.78305045,6.32,K0III,13.33,84.08,-62.7
HIP 103077,313.27321911,-11.57376168,6.38,G1V,22.17,40.45,42.26
HIP 103079,313.28071316,29.64925374,6.36,K2,7.64,-4.78,-64.56
HIP 103089,313.31143866,44.38726652,4.8,B5V,6.51,11.27,-2.44
HIP 103094,313.32732775,45.18168341,5.48,K0II,4.38,8.6,-4.43
HIP 103103,313.35390569,-30.7189092,6.35,K1III,6.14,34.13,-18.37
HIP 103127,313.41730078,-39.80962825,5.34,K2III,7.92,44.22,-97.24
HIP 103145,313.47461043,33.43780855,5.47,K5III,5.35,-20.6,34.02
HIP 103154,313.49321699,-6.88940714,6.44,F1IV,14.18,26.15,-22.32
HIP 103168,313.52740209,-27.92519765,6.41,M1III,3.41,-11.68,-17.16
HIP 103200,313.64015502,28.05763154,5.03,K4III,4.41,0.12,-4.17
HIP 103206,313.64623925,-50.7273023,6.23,B5IV,2.1,10.75,-15.93
HIP 103219,313.68448128,75.92546706,5.99,G5III,7.51,30.92,42.29
HIP 103226,313.69938483,-17.92285285,5.78,K0III,8.25,-58.88,-17.03
HIP 103227,313.70241509,-58.4540947,3.67,K0III,5.41,21.06,-24.75
HIP 103294,313.90282903,13.72156383,5.19,K0III,6.88,18.36,-11.5
HIP 103298,313.91063822,12.56850687,5.54,A4V,16.35,31.23,21.1
HIP 103301,313.91934351,4.53269568,6.04,G6III-IV,9.02,60.96,11.26
HIP 103312,313.95752483,47.41766542,5.68,B8Ia,0.35,-2.82,-3.74
HIP 103346,314.07085481,56.88750678,6.23,B2.5IV,4.1,4.68,4.94
HIP 103359,314.10599985,50.72864966,5.83,F0III,18.75,40.36,-21.22
HIP 103360,314.10786528,49.19583069,5.92,G8II-III,2.56,11.34,6.78
HIP 103371,314.14490863,44.92472729,5.96,O6...,0.83,-0.24,-2.22
HIP 103389,314.1969592,-26.29621951,5.7,F7V,47.61,95.07,-65.06
HIP 103401,314.22512443,-9.69751669,5.49,K5III,5.42,-3.51,-11.53
HIP 103413,314.29338184,41.16719384,3.94,A1Vn,9.17,8.51,-23.97
HIP 103414,314.29404317,0.46393242,6.06,K2III,10.24,11.81,-62.98
HIP 103460,314.41922341,-16.03154355,5.89,A2/A3III,17.58,51.27,1.73
HIP 103511,314.56813667,22.32591754,5.3,K4III,8.21,-2.6,-4.08
HIP 103519,314.58075681,44.47154114,5.55,G8III,12.32,101.62,69.74
HIP 103527,314.60817904,10.8393695,5.51,G6III:,13.68,-47.95,-34.35
HIP 103530,314.62510662,50.46178308,5.59,B5Vn,2.58,9.8,3.44
HIP 103532,314.62893463,41.93992417,6.17,B7III,7.01,11.6,0.22
HIP 103545,314.67447074,-14.48308081,5.95,A9V,11.83,-54.64,-19.31
HIP 103569,314.76892895,4.29384672,5.3,F5III...,16.59,-113.43,-150.28
HIP 103571,314.77157032,4.29497561,5.24,G0V,16.59,-113.43,-150.28
HIP 103596,314.85252626,42.32445032,6.47,B9,4.25,16.68,6.45
HIP 103598,314.8555525,59.43855678,5.54,K4III,5.56,44.6,15.35
HIP 103616,314.90055233,-19.03523289,6.26,Ap Si,7.58,8.84,-20.76
HIP 103632,314.95645946,47.52094507,4.74,B1ne,2.9,7.25,2.47
HIP 103646,314.99841027,-36.12949945,6.1,F2V,24.11,103.88,-58.2
HIP 103652,315.01647457,7.51617986,5.98,A7V,13.85,48.1,6.98
HIP 103673,315.08985065,-51.26563421,5.76,F5IV-V,35.07,-88.47,132.61
HIP 103675,315.11540786,19.32972583,5.69,M3III,5.47,-17.03,-59.66
HIP 103682,315.1408842,-4.72992404,6.21,G1V,37.8,47.64,-138.75
HIP 103693,315.18087664,-53.73901433,6.26,K5/M0III,4.05,13.28,-22.98
HIP 103703,315.21576821,-17.53085532,6.07,K3III,5.98,-31.09,-17.44
HIP 103732,315.29551032,46.15576488,5.38,B1V,2.39,6.14,3.43
HIP 103734,315.30361308,36.02602514,6.01,G5III,4.96,-3.86,-6.36
HIP 103738,315.32275695,-32.25776681,4.67,G8III,14.59,-2.09,-0.19
HIP 103752,315.36679488,-68.20960595,6.36,A2V,12.0,-15.51,5.3
HIP 103777,315.43862372,-26.88093351,6.04,A3V,10.94,15.24,-24.68
HIP 103810,315.53748512,56.66961137,5.83,B8III,4.47,9.75,1.14
HIP 103828,315.60085155,44.79099018,6.18,M3Ib-II:,2.64,-6.09,-4.18
HIP 103836,315.6127179,-38.53055847,5.93,K2III,15.21,154.93,-169.51
HIP 103882,315.74156102,-38.63118269,5.32,F3V,28.32,-27.86,-108.81
HIP 103891,315.75741401,14.73001442,6.33,M1III,5.15,25.64,4.79
HIP 103892,315.76286878,1.53219038,6.24,F5V,15.17,-110.47,-53.03
HIP 103894,315.77010794,38.65742938,6.1,G8III,4.98,18.54,-6.06
HIP 103902,315.7923579,-27.73150578,6.25,K0III,2.58,35.15,-36.35
HIP 103929,315.85846344,50.35180252,6.37,K0,8.4,64.48,45.82
HIP 103949,315.9312496,46.86328998,6.32,F0IVn,12.4,-38.98,-57.57
HIP 103956,315.94827016,53.28582252,5.93,K0III,8.05,42.14,32.09
HIP 103963,315.9672397,41.62830431,6.34,F3IV,9.87,-2.29,-53.33
HIP 103981,316.01963509,-5.82304908,5.53,G4,6.03,20.9,-7.01
HIP 104019,316.10135259,-19.85493122,4.82,A5V,20.64,-39.01,-24.45
HIP 104031,316.14434879,5.50286035,5.63,K5III,4.74,14.15,0.49
HIP 104041,316.17346969,2.94226021,6.41,K0,8.16,12.37,5.77
HIP 104043,316.17928592,-77.02286938,5.13,F4III,22.07,13.83,-369.38
HIP 104048,316.18883324,2.26993181,6.34,G5,8.41,94.64,-66.08
HIP 104060,316.23273251,43.92785122,3.72,K5Ibv SB,2.77,8.6,0.35
HIP 104085,316.30930513,-54.72695035,5.17,K2III,9.35,16.51,-37.55
HIP 104101,316.36162027,5.95848857,5.94,F8V,27.06,-117.36,-119.06
HIP 104105,316.37171122,78.12632222,5.91,B8Vn,7.91,19.04,28.71
HIP 104139,316.48658082,-17.23271095,4.08,A1V,20.61,79.64,-61.64
HIP 104148,316.50468134,-30.12495361,5.69,K0/K1III,9.83,32.5,-68.66
HIP 104171,316.59746974,71.43207905,5.88,F3IV,20.36,-48.18,-116.0
HIP 104172,316.59771242,26.92440789,6.13,K0II-III,9.37,43.5,-19.01
HIP 104174,316.60283819,-32.34163849,5.2,K2III,9.22,-4.96,8.57
HIP 104177,316.60623928,-41.38593603,5.55,K3III,3.5,29.24,-11.98
HIP 104185,316.62600709,31.18466842,5.77,F7.5Ib-IIv,1.72,3.98,-4.78
HIP 104194,316.65036722,47.64840597,4.56,K4II,3.32,6.51,-0.99
HIP 104202,316.66577859,3.80299636,6.48,K0,14.63,94.78,50.31
HIP 104214,316.71181258,38.74149446,5.2,K5V,287.13,4155.1,3258.9
HIP 104217,316.71746843,38.73441392,6.05,K7V,285.42,4107.4,3143.72
HIP 104234,316.78202266,-25.00574796,4.49,K5/M0III,6.24,-27.19,-43.37
HIP 104281,316.89005877,15.65879687,6.27,K2IV,8.83,47.42,-57.48
HIP 104296,316.93542377,-45.37945192,6.45,A9V,10.57,31.35,-7.07
HIP 104297,316.93615261,-17.45578844,6.18,B9.5V,7.54,29.87,-46.62
HIP 104357,317.11727171,6.98935404,6.14,K5III,3.92,-9.93,1.66
HIP 104364,317.13627084,-63.92827112,5.75,K0III,6.67,-6.33,4.5
HIP 104365,317.1400538,-21.19352539,5.3,A0V,17.06,18.67,-59.22
HIP 104371,317.16196997,30.20568797,5.6,B9V,7.35,25.35,-20.78
HIP 104382,317.19172547,-88.9565112,5.45,F0III,12.07,25.96,5.02
HIP 104440,317.33965419,-73.17226994,5.67,G3IV,53.38,461.31,-287.24
HIP 104441,317.34296496,-36.70561595,6.47,F7V,13.53,32.54,-132.3
HIP 104452,317.38718774,-20.5563314,6.25,F2IV/V,18.57,118.49,-135.59
HIP 104459,317.39830336,-11.37165474,4.5,G8III,19.93,92.31,-15.76
HIP 104481,317.49273258,2.94359966,6.44,F5IV,10.89,20.44,33.59
HIP 104516,317.56480272,53.56310952,5.75,B9III,7.57,22.52,-3.7
HIP 104521,317.58529617,10.13194861,4.7,F0p,28.38,49.07,-151.85
HIP 104537,317.62900308,47.69223284,6.46,B6IV,2.17,-4.08,-3.66
HIP 104538,317.63047657,10.04887979,6.07,A2Vs,6.81,-0.23,17.23
HIP 104557,317.69529389,-9.35393125,6.27,K0III,9.41,116.83,-58.64
HIP 104597,317.83694548,-72.54427874,6.18,K1III,8.35,33.9,-30.45
HIP 104634,317.92214429,-14.47237788,6.47,Fm delta Del,7.43,38.52,0.1
HIP 104642,317.95100195,59.98661923,5.64,B0V,0.36,-2.9,-3.58
HIP 104680,318.0569505,-40.2688284,5.83,F5IV,30.9,57.41,-219.43
HIP 104732,318.23408977,30.22708128,3.21,G8II SB,21.62,6.87,-68.12
HIP 104738,318.2621978,-39.42464394,5.25,F5V,29.96,187.36,-114.38
HIP 104750,318.32194676,-27.61905854,5.41,K3III,8.33,98.92,-112.77
HIP 104752,318.32890517,-36.42353599,5.97,K0III,9.67,34.19,3.61
HIP 104755,318.33516015,-70.12621725,5.06,M2III,3.67,41.42,-20.34
HIP 104756,318.33997944,81.23096071,6.12,A3IV,6.37,-3.11,4.49
HIP 104765,318.3601048,36.63326173,6.07,F0III,1.83,0.44,0.6
HIP 104771,318.36985452,15.98245122,6.27,A7Vn,11.17,36.0,-22.94
HIP 104788,318.42691572,64.40420824,6.38,G2IV+...,24.16,17.13,-105.43
HIP 104822,318.54284318,29.90096125,6.18,G2Ib,1.34,3.71,-0.75
HIP 104858,318.61995883,10.00771855,4.47,F5V+...,54.11,42.32,-303.43
HIP 104872,318.65428627,0.09228716,6.38,M1III,4.76,36.4,-12.61
HIP 104887,318.69727757,38.04432043,3.74,F1IV,47.8,195.74,410.02
HIP 104914,318.77758077,-17.34509006,6.05,K0III,8.85,-0.04,-19.86
HIP 104925,318.80962557,-40.50607996,6.2,K1III,5.59,101.68,6.12
HIP 104962,318.90489622,47.97400214,6.45,B4IV,2.1,2.21,-2.83
HIP 104963,318.90787714,-20.65169052,5.17,K0II/III,4.72,15.39,-2.24
HIP 104968,318.92663197,77.01226067,5.92,K5III,3.9,22.95,14.63
HIP 104974,318.93678169,-15.17151251,5.31,M2III,5.19,24.79,5.06
HIP 104978,318.94098443,-53.26304998,5.73,A6IV,8.22,35.09,-14.12
HIP 104980,318.94484967,-36.21069394,6.13,K3III,3.78,29.39,-6.28
HIP 104987,318.95581976,5.2480739,3.92,G0III+...,17.51,59.63,-94.33
HIP 105017,319.07131871,44.23819662,6.36,K0III+...,2.13,14.93,10.67
HIP 105019,319.07408271,-9.21466422,6.45,M4III:,1.78,-7.32,3.53
HIP 105034,319.12341131,42.25182572,6.23,K2,3.77,0.91,-15.73
HIP 105046,319.16440667,-1.60771816,6.48,K0,3.86,23.05,-16.94
HIP 105064,319.25839686,53.9975975,6.12,A1V,8.12,37.79,39.45
HIP 105079,319.30642811,-13.27897414,6.41,A1V,5.35,-9.41,-6.13
HIP 105080,319.30929003,55.79796866,6.0,K3III,2.21,16.78,13.32
HIP 105091,319.32830925,58.61149119,6.42,B2III,1.29,-2.93,-2.71
HIP 105101,319.3465652,42.68356712,6.17,B7Vn,2.83,9.72,2.24
HIP 105102,319.35396892,39.39469016,4.22,B9Iab,0.72,0.43,-3.61
HIP 105138,319.47944955,34.8968812,4.41,B2Vne,3.62,11.96,6.85
HIP 105140,319.48436063,-32.17248551,4.71,A0V,19.76,55.46,-22.12
HIP 105143,319.48865236,-17.98513635,5.4,B5II/III,5.63,15.57,-0.68
HIP 105148,319.50193998,-64.68151068,6.32,B8V,5.91,16.97,-28.55
HIP 105164,319.54610828,-4.51951158,5.83,B5V,3.33,11.82,13.69
HIP 105186,319.61325695,43.9459669,5.04,O8,-0.05,4.52,-9.07
HIP 105193,319.635144,61.18440127,6.43,M3,2.03,-7.7,-3.23
HIP 105199,319.64408982,62.58545529,2.45,A7IV-V,66.84,149.91,48.27
HIP 105224,319.71672173,11.20333527,5.97,K5III,2.6,21.12,15.51
HIP 105228,319.72633611,-28.76565847,6.4,K0IV,8.08,-212.64,-66.68
HIP 105229,319.73055559,41.04052946,6.15,A5IV,1.92,-5.39,-4.72
HIP 105259,319.81538311,58.62350994,5.51,B3Vv comp,0.89,-3.55,-3.28
HIP 105269,319.84241818,38.23748156,5.89,F2Ib,0.93,-0.18,-3.33
HIP 105268,319.84255444,64.87184231,5.19,B3IVe,3.02,5.08,5.31
HIP 105282,319.86973952,49.5102892,5.75,B6V,6.08,14.52,1.98
HIP 105319,319.96618253,-53.44926434,4.39,A5V,33.58,107.37,-67.12
HIP 105334,320.03951149,-45.02189994,6.15,C5II,1.75,1.02,3.0
HIP 105344,320.05862783,22.02617225,6.29,B6IV,6.05,4.0,5.61
HIP 105370,320.13957891,60.75645363,6.11,G5III,7.6,-43.02,-19.8
HIP 105382,320.18993153,-40.80950852,4.8,A2p,17.49,76.18,17.66
HIP 105390,320.20838513,32.45233066,6.45,G8IV,13.65,58.6,-45.18
HIP 105406,320.25599353,40.3455743,6.39,F8V,37.64,-18.89,-208.92
HIP 105411,320.26766229,23.85625829,5.58,K1III,11.63,243.57,-120.04
HIP 105412,320.26802428,-4.56015214,5.87,G7III:,9.69,-12.89,11.04
HIP 105413,320.2700023,7.3545461,5.81,M2III,3.08,41.25,-17.88
HIP 105425,320.31917813,-49.93785461,6.4,K3III,8.95,-2.34,-161.95
HIP 105432,320.34136809,32.61276805,6.05,A1V,5.39,14.4,-14.29
HIP 105497,320.5016033,49.38869874,5.68,K0III,9.93,37.46,61.45
HIP 105502,320.52139118,19.80435581,4.08,K1III,21.19,105.94,62.61
HIP 105515,320.56157261,-16.83455521,4.28,G8III,15.13,30.83,5.26
HIP 105558,320.67513322,30.30986401,6.07,K1III,8.71,38.64,7.54
HIP 105570,320.72325739,6.81111338,5.16,A3V,9.06,52.66,11.15
HIP 105574,320.73446434,-9.31927297,5.99,M0III,4.53,-27.44,-23.4
HIP 105576,320.75196452,-22.66904892,5.63,M0III,4.89,36.82,0.39
HIP 105637,320.95163645,37.35149782,6.46,K5,3.54,-5.95,-6.86
HIP 105646,320.98274393,-25.20242815,6.47,K1III,3.67,58.02,-23.1
HIP 105652,320.99475047,24.27409155,5.7,F1IV,18.05,136.43,18.11
HIP 105660,321.03093362,25.31240151,6.2,A2V,5.33,39.37,9.03
HIP 105662,321.03308102,-22.74707085,6.38,K0III,6.85,-21.59,-12.35
HIP 105665,321.03999238,-20.85156019,5.38,K0III,14.31,-7.69,-126.94
HIP 105668,321.04766053,-12.8781302,5.48,F0V,20.8,91.67,8.96
HIP 105678,321.06972656,-69.73386384,6.28,C5II,2.76,9.39,-7.43
HIP 105685,321.08667854,-46.61467113,6.3,A5m...,10.39,48.18,-14.57
HIP 105689,321.09630045,24.52841724,6.35,K0III,6.42,34.94,-9.96
HIP 105695,321.10217554,10.17420266,6.33,F5III,9.47,70.85,20.13
HIP 105696,321.10332831,-41.00669489,5.76,A0III,7.04,26.4,-0.23
HIP 105703,321.1415567,26.17454472,5.67,A8III,14.84,48.93,6.42
HIP 105727,321.20583722,80.52485397,5.97,G6III:,9.18,42.61,-11.38
HIP 105729,321.21532853,-3.3982351,6.38,F0III,14.03,-6.64,-50.25
HIP 105761,321.30423875,-9.74814011,5.71,F0IV,11.82,16.65,-169.45
HIP 105767,321.3206872,-3.55657786,5.48,K4III,7.99,-12.39,-69.77
HIP 105768,321.32505314,-71.79907257,6.09,K2III,6.14,17.4,4.88
HIP 105769,321.33078455,46.71422433,5.59,F0V,29.14,188.61,48.2
HIP 105811,321.4459174,36.66740768,5.93,B0Ib,1.18,6.91,-8.89
HIP 105819,321.46481241,0.53430605,6.45,A1IV,11.46,50.0,13.84
HIP 105841,321.56432591,-54.66055359,6.1,F1III,15.68,1.24,38.69
HIP 105854,321.5947922,-37.82940289,5.64,K2III,11.82,167.05,-10.91
HIP 105858,321.61038385,-65.36814438,4.21,F6V,108.5,81.08,800.68
HIP 105860,321.61088664,19.37559788,6.08,A8m,21.72,80.23,17.28
HIP 105864,321.61661904,1.10375193,6.12,F5V,20.89,110.49,-161.72
HIP 105881,321.66678212,-22.41137838,3.77,G4Ibp...,8.19,-2.61,18.88
HIP 105891,321.68731183,52.89852489,6.01,B6V,7.38,15.62,5.02
HIP 105898,321.71487481,48.83510521,5.29,A6pe...,8.37,57.95,26.02
HIP 105913,321.75692385,-42.54796563,5.5,Am,18.57,-49.29,14.46
HIP 105928,321.81181113,-21.19612774,5.78,K3III,7.05,-24.64,-33.95
HIP 105942,321.83901766,37.11679196,5.3,B3V,1.84,2.49,2.66
HIP 105949,321.85542635,59.75011387,6.11,M3II-III...,3.32,-21.73,-16.04
HIP 105966,321.91679163,27.60854356,5.39,A1V,17.96,41.75,20.44
HIP 105972,321.94232234,66.80914613,5.42,B7V,4.23,-10.22,-20.72
HIP 106003,322.03399511,32.22513677,5.75,F0V,22.41,134.05,79.39
HIP 106021,322.10347396,8.19571132,6.39,M1,3.6,6.89,-27.25
HIP 106032,322.16489595,70.56069481,3.23,B2IIIv SB,5.48,12.6,8.73
HIP 106039,322.18048346,-21.80716659,4.5,K0III,18.18,133.97,-5.47
HIP 106044,322.18661378,-69.5052732,5.47,M5III,8.23,82.31,-46.41
HIP 106052,322.21967477,55.41866782,6.14,B8III,3.51,15.68,14.14
HIP 106062,322.24898803,22.179404,5.84,M4III,5.41,33.24,13.06
HIP 106064,322.24967811,17.90590802,6.42,K5,5.99,-9.12,0.61
HIP 106065,322.2503191,-53.70585019,6.39,K2IIICN...,9.03,70.11,-25.53
HIP 106093,322.36213795,46.54033179,5.22,K0III,14.58,43.33,104.05
HIP 106103,322.39372478,6.58138694,6.41,K0,3.96,4.5,-3.46
HIP 106140,322.48699859,23.63882922,4.52,M1III,7.37,24.39,3.52
HIP 106171,322.58462074,52.95795802,6.02,A3V,6.8,21.0,16.65
HIP 106227,322.74705697,60.45944015,5.53,B1II,1.36,-1.68,-3.31
HIP 106243,322.79007371,12.13751309,6.1,B9.5V,7.82,18.11,-15.74
HIP 106267,322.86443046,52.61985967,6.17,G2Ib+...,2.84,0.62,-1.65
HIP 106278,322.88966951,-5.57115593,2.9,G0Ib,5.33,22.79,-6.7
HIP 106306,322.95894197,23.84516195,6.43,G8Ib,6.31,8.81,7.07
HIP 106320,323.01192811,-84.80999675,6.42,K3III,4.89,31.31,-29.78
HIP 106327,323.02442135,-41.1793364,5.29,K0III,8.51,19.29,10.69
HIP 106340,323.06072952,-33.94461293,5.97,A2V,7.92,-5.81,-4.04
HIP 106363,323.13841001,-24.59043287,6.43,A7V,14.42,68.94,6.21
HIP 106393,323.23574046,49.97760064,5.77,A0V,6.86,15.81,11.86
HIP 106419,323.32342232,-52.73773902,6.43,K4III,3.74,-9.72,-14.02
HIP 106420,323.32452708,45.85402371,6.27,K1Ibvar,2.17,-2.34,-3.98
HIP 106424,323.33778586,-80.03930788,6.47,A0V,9.05,22.52,-22.09
HIP 106429,323.348054,-44.8486946,5.57,K0III,5.24,-18.92,-2.29
HIP 106474,323.47696549,-82.68307834,6.35,B3IV,4.01,22.61,-2.5
HIP 106481,323.49530361,45.59206564,3.98,G8III,26.2,-24.48,-93.88
HIP 106500,323.5715775,-42.92465886,6.32,K1IIICN...,10.1,-27.92,-8.34
HIP 106518,323.61441642,51.69846953,6.17,B9III,2.0,3.71,-1.81
HIP 106527,323.64153036,22.75465142,6.45,F7V,14.45,11.73,-53.45
HIP 106544,323.67817151,1.82918895,6.41,M3,2.1,13.22,-11.36
HIP 106550,323.69120431,18.32890166,6.47,K2,4.43,37.01,11.38
HIP 106551,323.69365589,38.53382684,4.87,K1III,12.76,116.8,93.3
HIP 106559,323.71278777,-20.08438179,5.7,F5V,36.86,-28.98,44.4
HIP 106564,323.72080115,-29.69608094,6.42,B8IIIw,4.69,14.34,-15.02
HIP 106590,323.8162797,-23.45427827,6.39,K1III,8.47,78.05,-14.26
HIP 106592,323.82344304,-3.98329291,5.79,G9III:,7.39,-9.59,-4.8
HIP 106595,323.82926831,28.19768744,6.25,F0IV,13.9,138.92,-33.22
HIP 106604,323.8579575,68.21925148,6.47,Ap Si,5.28,17.8,15.72
HIP 106605,323.86261965,24.45218695,6.22,A4V,4.73,11.99,-10.83
HIP 106642,324.0101756,45.37458683,5.96,M4IIIe-M6e,5.28,64.44,1.85
HIP 106654,324.04543329,-26.17145712,5.73,A7/A8IV,18.57,107.81,-24.3
HIP 106661,324.05840594,30.05527642,6.36,G8III-IV,9.14,-52.47,59.73
HIP 106703,324.20312178,-33.04789185,6.1,A5V,13.76,74.04,-1.89
HIP 106711,324.23740434,40.41349052,5.04,A5V,15.79,-1.5,12.47
HIP 106723,324.27009487,-19.46601352,4.51,B3V:p,4.92,13.48,0.81
HIP 106752,324.36614626,44.69661451,6.19,A7III,4.93,-1.01,-26.68
HIP 106758,324.39072099,-0.39049406,6.22,A2V,8.18,-22.89,-27.76
HIP 106771,324.41172383,54.04219399,6.16,K1III,5.04,-4.9,-0.74
HIP 106783,324.43171388,6.61839615,6.19,A2V,12.68,57.92,-2.09
HIP 106786,324.43767522,-7.85414212,4.68,A7V,18.26,114.29,-24.44
HIP 106787,324.4390348,19.31857481,5.46,F1IV,10.15,99.51,13.43
HIP 106801,324.48011167,62.08194667,4.76,B2Ib,0.72,-1.9,-2.84
HIP 106818,324.51168571,-64.82414493,6.22,A0/A1IV,5.52,31.86,-9.21
HIP 106856,324.63280732,5.77167281,5.66,A9IV-Vn,18.74,112.64,28.64
HIP 106872,324.68818128,25.49881799,6.18,G9III,7.83,-1.97,4.74
HIP 106881,324.73396995,-79.44251799,6.17,F4IV,16.64,70.81,-26.91
HIP 106886,324.74008434,57.48904968,5.74,O6 (f),2.78,-1.71,-5.04
HIP 106897,324.75463604,20.26545357,5.77,F2V,25.57,122.57,-1.14
HIP 106907,324.77527499,-33.67875173,6.28,G8IV,22.16,71.63,-42.75
HIP 106938,324.8670564,-10.57676913,6.07,K0,10.22,27.36,-52.3
HIP 106944,324.88868707,2.24376298,5.1,K0III,13.55,-32.7,-84.17
HIP 106978,324.99889909,-52.35902626,6.2,F7III,5.17,-18.75,6.71
HIP 106985,325.02225935,-16.66225343,3.69,A7III:mp...,23.48,187.39,-22.33
HIP 106999,325.04608744,43.27380044,5.09,M1IIIvar,8.06,60.51,16.08
HIP 107030,325.14038307,-55.73800029,6.33,K0III-IV,4.7,18.5,9.44
HIP 107041,325.18041373,54.87214237,6.16,K0III,4.64,8.02,2.96
HIP 107089,325.36863801,-77.38946215,3.73,K0III,47.22,64.83,-240.38
HIP 107095,325.38722004,-14.0468604,5.16,G2V,30.73,-122.06,-308.64
HIP 107097,325.3927861,40.80533757,6.07,A2V,7.16,-17.45,-47.7
HIP 107119,325.47948373,71.31118695,4.55,K0III,18.55,119.48,94.49
HIP 107128,325.50266207,-23.26262557,5.24,K0III,13.18,91.12,-95.5
HIP 107129,325.50450032,35.51019572,5.98,C6.3,1.63,5.45,1.94
HIP 107136,325.52358201,51.1896271,4.69,B3IV,1.94,5.25,-2.11
HIP 107140,325.53480768,45.76574535,6.11,M4.5,4.82,0.55,-19.84
HIP 107144,325.54214706,1.28527344,5.66,K2III,2.06,-5.89,-8.31
HIP 107151,325.56435406,5.68015144,5.3,M2III,6.25,11.21,-5.78
HIP 107162,325.59558607,41.07702304,5.73,A0V,8.76,23.38,-1.6
HIP 107173,325.63728108,10.82434451,6.06,B5IV,4.68,17.39,-12.57
HIP 107186,325.66170056,49.60026484,6.1,G8II,3.75,3.03,-3.3
HIP 107188,325.66423845,-18.86630105,4.72,G8III,11.22,145.9,-9.05
HIP 107197,325.68905006,59.27084085,6.1,K1III,1.34,-4.33,1.44
HIP 107230,325.76719016,72.32018258,5.18,K0III,13.19,-43.24,-40.59
HIP 107232,325.76833446,-14.39975885,5.88,A9/F0V,7.97,-3.75,20.35
HIP 107235,325.77701184,41.15499969,5.51,M2III,5.55,-15.96,-12.2
HIP 107238,325.80617707,-19.62093103,6.23,A0m...,9.06,83.15,-12.44
HIP 107253,325.85677886,38.28360055,5.69,A0V,11.97,34.65,-4.91
HIP 107259,325.87689561,58.78005308,4.23,M2Ia,0.62,5.24,-2.88
HIP 107271,325.9157725,7.52879415,6.47,K0,7.65,-28.04,-56.51
HIP 107297,325.99216944,22.81539445,6.43,K2,5.57,-20.65,-43.48
HIP 107299,325.99648605,-57.32511897,6.49,F7IV/V,23.05,-116.86,-52.55
HIP 107302,326.00407815,-14.7493955,5.96,A7IV/V,19.08,-22.48,10.31
HIP 107310,326.03501874,28.74322228,4.49,F6V,44.64,260.33,-242.73
HIP 107315,326.04641808,9.87500791,2.38,K2Ibvar,4.85,30.02,1.38
HIP 107344,326.12254615,-38.55213592,6.28,K1IIICN...,4.17,81.42,-162.06
HIP 107348,326.12787716,17.35004352,4.34,G5Ib,3.62,7.9,-10.75
HIP 107350,326.12996019,14.77221491,5.96,G0V,54.37,231.08,-113.45
HIP 107354,326.16126755,25.64500284,4.14,F5IV,28.34,46.66,13.47
HIP 107374,326.22201408,62.46057429,5.94,O9II,1.62,-2.98,-2.8
HIP 107380,326.2366159,-33.02555306,4.35,B9.5V,15.93,31.79,-94.0
HIP 107382,326.25102876,-9.08242443,5.1,G8II-III,4.08,12.96,-1.65
HIP 107398,326.3016704,52.26757875,6.4,K5Ib,1.2,-2.37,-0.76
HIP 107409,326.3277948,-49.4988767,6.46,K1III,7.82,71.18,47.71
HIP 107418,326.36220534,61.12081043,4.25,A2Iavar,0.64,-3.08,-1.86
HIP 107423,326.37002172,-71.00882172,6.02,B8IV,4.4,13.09,-11.43
HIP 107445,326.43519586,35.85728391,6.44,G8III,6.53,91.76,11.06
HIP 107472,326.51816071,22.94888549,5.29,K0Ib,2.89,9.07,-2.35
HIP 107487,326.56774421,-9.2759542,6.0,M3III,2.64,17.6,7.85
HIP 107502,326.59934972,25.56337264,6.28,K3III:,8.72,162.41,53.97
HIP 107517,326.63366745,-11.36593201,5.57,A1V,11.1,30.36,-9.25
HIP 107533,326.69835794,49.3095748,4.23,B3III,2.82,3.61,-1.86
HIP 107555,326.75361584,70.15094328,6.45,A0V,6.62,-10.46,-25.07
HIP 107556,326.75952199,-16.12656595,2.85,A5mF2 (IV),84.58,263.26,-296.23
HIP 107558,326.7695679,17.19407481,6.18,F3V,19.9,103.75,-13.93
HIP 107575,326.80815996,2.68613092,5.63,A1V,6.98,6.28,-2.83
HIP 107586,326.85544759,60.69269363,5.53,M1III,6.98,-9.68,-1.84
HIP 107596,326.90916827,-5.91684,6.17,A7V,12.74,65.31,15.77
HIP 107608,326.93405546,-30.89830582,5.02,A1V,9.63,-34.53,0.64
HIP 107637,327.03504788,36.58040284,6.25,K5,4.65,-23.83,-5.96
HIP 107649,327.06503724,-47.3028979,5.57,G2V,63.95,165.64,-295.0
HIP 107664,327.12225557,38.64857876,6.1,B8V,6.61,24.01,-1.6
HIP 107710,327.28384924,66.79219333,6.49,F3IV,10.37,-20.83,-66.26
HIP 107723,327.3292136,61.27281592,6.18,M1II-III,3.74,0.17,-23.07
HIP 107734,327.36194087,20.46244382,6.27,B2V,1.77,1.69,0.83
HIP 107749,327.41706759,41.14880103,6.48,A2Ib,0.38,-2.93,-5.62
HIP 107750,327.42093121,-12.72291549,6.31,A1/A2III,6.44,-8.69,20.81
HIP 107763,327.46117477,30.17427852,5.07,A1Vs,10.78,18.89,-26.14
HIP 107773,327.50054328,-64.7124436,5.62,K1III,9.77,-3.6,-38.31
HIP 107788,327.53601656,17.28595705,5.34,F2III-IV,29.91,91.28,-43.45
HIP 107797,327.55404075,-16.84489999,6.38,K3III,4.41,18.41,-5.6
HIP 107835,327.69677354,-69.62940458,5.52,M0III,5.84,-24.77,-4.73
HIP 107843,327.72603561,-82.71882392,5.27,G8/K0III+..,7.49,68.15,-33.03
HIP 107856,327.77072409,39.53664936,6.2,B9p HgMn,3.04,8.85,3.55
HIP 107887,327.89264809,19.82664938,5.78,B8III,5.58,20.51,13.33
HIP 107893,327.90522385,65.75276063,6.37,Am+...,12.55,-6.43,-20.83
HIP 107901,327.92358006,-18.62275248,6.19,F0V,15.54,144.14,-77.24
HIP 107930,328.00426049,55.79674452,5.7,B6IV-V,5.07,18.9,-0.53
HIP 107956,328.07572282,21.27310284,6.27,M8III,2.56,15.89,24.52
HIP 107975,328.12481712,28.79369216,5.52,F6IVwvar,36.15,-58.67,-63.26
HIP 108022,328.26567758,25.92513878,5.09,B3V,6.37,9.12,0.34
HIP 108036,328.32326591,-13.55180134,5.08,F3IV,36.15,313.03,13.67
HIP 108060,328.40569599,19.66838008,5.69,A0Vs,14.18,22.1,23.51
HIP 108085,328.48189202,-37.3648229,3.0,B8III,16.07,95.88,-12.1
HIP 108090,328.49050038,6.86477025,6.14,G0IIIs,7.89,79.36,14.05
HIP 108102,328.54309196,-4.27595735,5.71,K2III,11.22,52.23,-91.47
HIP 108119,328.57266177,19.71815103,6.36,K0III+...,8.95,-34.28,-12.44
HIP 108133,328.61059995,80.30859438,6.43,M3,3.95,1.99,-14.49
HIP 108144,328.64957986,-3.30119185,6.24,F5IV,14.35,26.66,-33.04
HIP 108165,328.7214922,56.6112326,5.74,B8Ibvar,1.29,-3.72,-2.2
HIP 108195,328.79724631,-61.88638824,5.92,F1III,21.49,43.53,-90.56
HIP 108209,328.83582745,61.54181712,6.17,G8Ib...,0.36,-2.48,-3.04
HIP 108226,328.87912929,65.32081194,5.84,B2.5Ve,2.71,5.74,-1.37
HIP 108259,328.98168177,-30.60587153,6.41,G8III,7.92,53.5,-20.0
HIP 108281,329.05849028,-57.89960642,6.17,A3m...,6.0,16.13,6.43
HIP 108294,329.09495119,-37.25363145,5.45,A3V,10.35,-25.18,-9.61
HIP 108296,329.09993076,21.23982286,6.39,K5V,2.84,1.73,14.62
HIP 108317,329.16310055,63.62556651,5.11,M2 comp,0.39,-0.33,-3.82
HIP 108339,329.23495325,12.07652564,5.54,A2Vnn,7.41,-28.38,-13.92
HIP 108347,329.25892785,-37.74685621,6.18,F2/F3V,7.41,8.81,5.11
HIP 108364,329.29621747,66.15615419,6.41,B2V,2.02,5.84,-0.32
HIP 108420,329.46277535,74.99673998,6.32,K5,2.93,-3.4,-10.65
HIP 108431,329.47929577,-54.9925666,4.4,F0IV,17.65,43.0,-3.67
HIP 108453,329.55534953,-5.42466689,6.33,F5IV,17.98,41.4,-104.86
HIP 108478,329.62530272,-59.01221007,6.13,F3V,15.04,6.81,28.65
HIP 108494,329.68240204,-21.18292943,6.06,M2III,1.15,27.77,-6.28
HIP 108505,329.72294977,62.69795151,5.96,M3III,2.54,12.03,14.14
HIP 108506,329.72910838,-4.37249443,6.24,K2V,27.77,-0.99,-252.83
HIP 108535,329.81293227,73.18028413,5.04,F5V,26.67,-68.28,-159.81
HIP 108543,329.82450083,-38.3950933,5.5,K1II/III,8.29,42.47,-0.98
HIP 108612,330.03299605,6.7174357,6.0,B3III,3.05,14.53,0.7
HIP 108626,330.10093018,-55.8834515,6.02,B9IV/V,5.2,23.69,-14.44
HIP 108632,330.11129256,33.00578827,6.46,F5III,15.05,-14.63,57.44
HIP 108661,330.20922938,-28.45373726,5.43,B8/B9V+...,3.22,14.81,0.3
HIP 108691,330.27087929,0.60474348,5.6,K4III:,4.93,7.14,-11.6
HIP 108693,330.272146,13.11996136,5.61,F4III,14.3,57.6,-56.74
HIP 108699,330.28849736,8.25717124,5.65,K5III,5.35,-7.35,-2.77
HIP 108758,330.46074194,52.88224628,5.79,B5III,3.08,9.99,2.67
HIP 108759,330.46936672,-77.66252854,6.39,A5IV/V,10.48,-11.96,-6.41
HIP 108766,330.50570044,10.97380235,6.36,B5IIIn,2.43,10.84,1.53
HIP 108772,330.51906636,58.00037041,5.55,O9V,0.7,-3.47,-1.59
HIP 108784,330.54909407,-17.90332874,6.28,K0III,11.79,117.62,-59.86
HIP 108797,330.6093551,-16.96483342,6.39,A0/1V + K1/2,6.92,5.94,-1.09
HIP 108845,330.73615775,44.64994158,5.57,A0IV,6.16,-21.46,-32.32
HIP 108849,330.76559241,-76.11826634,5.94,F3III,16.2,27.81,-66.28
HIP 108868,330.81846358,-6.52242698,5.55,K0III,12.02,47.8,8.65
HIP 108870,330.82266498,-56.77980602,4.69,K5V,275.76,3959.97,-2538.84
HIP 108874,330.82845686,-2.15533588,4.74,B7IVe,8.56,24.81,-11.14
HIP 108875,330.82925888,11.38655605,5.83,B9.5V,6.03,16.71,-1.63
HIP 108917,330.94650782,64.62775425,4.26,Am,32.07,214.46,89.29
HIP 108924,330.97054172,63.11977885,5.26,M5III,7.27,36.7,58.29
HIP 108952,331.09930944,-29.91653781,6.45,K5III,2.51,2.82,3.35
HIP 108969,331.14380705,32.94176333,6.36,G5Ia,3.39,6.11,-7.82
HIP 108975,331.15316181,-26.8223356,5.97,B3V (+B),2.89,12.59,-9.54
HIP 108991,331.19764106,-0.90623994,5.29,A5m,14.1,-20.05,-42.57
HIP 109005,331.25199883,62.78552941,5.27,K4III,10.25,14.19,58.43
HIP 109009,331.26446576,14.81595456,6.38,M2.5III:,6.4,-13.53,-14.89
HIP 109017,331.28663039,62.27982101,5.07,O9.5Ib,0.6,-1.76,-3.01
HIP 109023,331.29714774,26.67361826,5.75,K2III,8.22,28.42,29.23
HIP 109033,331.31885169,46.74488477,6.16,M4III,3.39,-28.13,-20.22
HIP 109056,331.39439437,28.96400385,5.69,B9Vn,10.71,30.03,-9.48
HIP 109068,331.4195499,5.05828453,4.86,K4III,12.38,101.6,101.19
HIP 109074,331.44593869,-0.31982656,2.95,G2Ib,4.3,17.9,-9.93
HIP 109081,331.46229754,-59.63594171,5.62,K4III,6.34,56.46,-53.57
HIP 109082,331.46341622,48.23150457,6.26,B2V SB,1.66,-1.62,-4.33
HIP 109102,331.50816631,45.01438566,5.09,K5III,5.27,-9.35,-15.36
HIP 109111,331.52876518,-39.54304903,4.47,M0III,13.2,-24.16,-125.17
HIP 109121,331.55102489,45.24870296,6.19,A3V,10.09,23.25,-5.46
HIP 109124,331.5564549,56.34338987,6.38,A0III,5.66,16.36,2.56
HIP 109139,331.60918894,-13.86954013,4.29,B8V,18.9,40.45,-57.16
HIP 109176,331.75197729,25.3450461,3.77,F5V,85.06,296.73,26.93
HIP 109190,331.79021802,58.84077239,6.34,G6III,5.82,-16.06,-22.3
HIP 109205,331.85662016,53.30744684,6.17,A3Ib,-0.55,-3.05,-3.8
HIP 109209,331.8688224,19.47543631,5.74,F2V:,16.39,121.91,36.78
HIP 109212,331.87480137,18.00078982,6.31,M1,3.45,23.23,-33.21
HIP 109240,331.95971953,21.70309155,5.79,B7Vn,4.67,-45.18,-68.26
HIP 109268,332.05781838,-46.96061593,1.73,B7IV,32.16,127.6,-147.91
HIP 109272,332.06785015,49.79700084,6.41,K5III,2.93,1.57,-4.37
HIP 109276,332.07190211,25.54361178,6.08,F1IV,11.6,-26.97,-36.91
HIP 109285,332.0956383,-32.98839827,4.5,A2V,25.01,80.05,-28.88
HIP 109289,332.10803368,-34.04372111,4.99,K4III,6.18,5.98,-49.37
HIP 109303,332.17025791,45.74213801,6.11,K2III comp,23.79,-52.48,47.88
HIP 109306,332.17764444,-33.12575126,6.37,A2III/IV,12.7,13.66,24.9
HIP 109332,332.24579432,-18.51957349,5.8,B2III,0.48,0.17,-7.47
HIP 109352,332.30698173,33.1724976,5.58,G6III:,11.51,-60.0,-65.86
HIP 109375,332.37057515,-23.65911659,6.36,G8III,6.34,34.06,3.25
HIP 109400,332.45152906,72.34119936,4.79,G8III,8.64,33.39,3.09
HIP 109404,332.48213069,-34.01503553,5.37,A5IV,15.35,-13.79,28.29
HIP 109408,332.49091875,-48.10750848,6.43,K3III,4.75,68.64,-62.74
HIP 109410,332.49688603,33.17826747,4.28,F5III,12.96,-12.34,-17.94
HIP 109412,332.50055511,-28.29249314,6.44,A5V,9.24,29.36,24.02
HIP 109422,332.53534803,-32.54844042,4.94,F6V,53.36,428.62,13.83
HIP 109427,332.54924902,6.197789,3.52,A2V,33.77,281.96,31.23
HIP 109434,332.56381546,72.11131792,6.36,B9MNp...,6.38,-8.49,-21.74
HIP 109439,332.57901866,19.61656699,6.18,G0V,18.01,92.06,-93.77
HIP 109442,332.58791064,-3.89397811,6.28,A1Vnn,9.0,16.27,-44.24
HIP 109445,332.59177013,14.62991869,6.36,K0III,7.69,18.95,-25.12
HIP 109458,332.62576981,20.97800691,6.45,A3III,4.92,-2.83,-9.26
HIP 109466,332.64043335,-4.26686395,5.98,K0III-IV,11.57,72.36,3.5
HIP 109471,332.65608471,11.6246717,5.78,M1III,5.22,-46.82,-54.38
HIP 109472,332.65610232,-11.56495901,5.43,B5III,5.81,29.74,8.02
HIP 109474,332.6620927,70.1325139,5.52,F2V,30.61,-64.78,24.17
HIP 109492,332.71359131,58.20124992,3.39,K1Ibv SB,4.49,13.35,4.49
HIP 109493,332.71540024,30.55304243,6.3,A8IV,7.8,17.28,-16.95
HIP 109509,332.75960052,-21.23268636,6.1,F6/F7V,17.64,123.93,-42.66
HIP 109521,332.79073322,50.82328938,5.38,A5V,18.24,126.81,42.56
HIP 109556,332.87743467,59.41451451,5.05,O6e,1.98,-7.22,-11.06
HIP 109572,332.95214631,56.83904211,5.24,F8V,27.03,236.75,129.67
HIP 109577,332.96388678,16.04059653,5.93,K1III,17.88,-2.94,-18.79
HIP 109584,332.97970309,-76.11592445,6.13,K0III,10.8,-59.14,-40.71
HIP 109585,332.98642744,59.08438564,6.29,K0III,9.44,130.07,79.62
HIP 109592,333.00839287,60.75907189,5.37,K1III,8.74,1.15,9.53
HIP 109602,333.03369809,24.950637,5.97,K0,1.07,10.24,1.73
HIP 109620,333.0935225,63.2910719,5.76,M3III,3.77,3.72,-15.08
HIP 109624,333.10725718,-14.19384149,6.04,F0V,23.0,26.09,-47.47
HIP 109647,333.18289491,-4.72059382,6.39,F7V,10.68,-43.36,-35.13
HIP 109654,333.19921276,34.60471273,5.34,K2III,12.74,19.32,-49.66
HIP 109659,333.21967953,73.30714314,6.11,A3V+...,3.7,21.48,20.59
HIP 109667,333.23958651,-26.32772421,6.19,A3V,17.22,-25.51,-28.47
HIP 109693,333.29239384,86.10785672,5.27,B9.5Vn,12.75,51.31,40.32
HIP 109730,333.4110424,28.60802681,5.87,K2III,13.08,74.04,-3.99
HIP 109737,333.43494738,-25.18092537,5.58,F7II,14.78,71.18,8.36
HIP 109745,333.45491277,45.44060328,5.53,A0III,13.0,73.41,4.01
HIP 109746,333.4571435,63.16235674,6.13,B8Vn,3.37,-8.37,-7.93
HIP 109754,333.46958944,39.71488928,4.5,K3III,5.79,37.65,15.55
HIP 109786,333.57507383,-21.07470081,5.33,K1III,11.59,22.98,55.36
HIP 109789,333.57806796,-27.76691218,5.45,B7V,6.42,22.88,1.9
HIP 109821,333.65920556,-41.37974331,6.23,G5V,45.19,570.33,-791.08
HIP 109831,333.68471113,42.95396372,5.72,A2Vnn,11.67,50.49,-21.96
HIP 109857,333.75699582,57.04346522,4.18,F0IV,38.86,476.45,50.0
HIP 109902,333.89596852,-44.45149421,6.1,G8/K0III,5.59,6.85,-2.14
HIP 109908,333.90368669,-41.34675029,4.79,G8III+...,12.44,46.04,20.45
HIP 109937,333.9923757,37.74873483,4.14,K3III,5.2,8.74,0.76
HIP 109939,333.99922011,8.54959901,6.21,A1Vn,8.25,26.08,-10.32
HIP 109972,334.11046921,57.22022542,5.88,G8III,4.48,47.37,5.36
HIP 109973,334.11070233,-41.62720198,5.11,G8III,13.61,-13.56,-9.5
HIP 109977,334.12356919,27.80404024,6.38,G9III,8.17,-14.99,-4.28
HIP 109984,334.14029753,-1.59636796,6.16,A5Vn,12.44,-28.26,-8.86
HIP 109990,334.15599677,-25.89813249,6.14,K1II/III,5.74,37.73,-12.34
HIP 110000,334.20018136,-12.83144751,5.34,K1III,6.74,1.84,4.66
HIP 110003,334.20819329,-7.78323706,4.17,G8III-IV,17.04,118.95,-21.91
HIP 110009,334.21916736,-9.04003734,5.8,K3III:,9.28,-58.02,-12.11
HIP 110018,334.24911509,-23.14009853,6.17,K0III,6.28,77.63,-61.1
HIP 110023,334.27709235,-5.38721152,5.75,G6III,9.56,-4.2,19.51
HIP 110055,334.36795272,49.1269354,6.46,K0,3.63,16.7,9.0
HIP 110078,334.46123241,-77.51158803,5.49,F3III,26.0,-37.28,14.28
HIP 110091,334.51790289,-0.23752268,6.39,F3V,24.11,-41.39,-54.73
HIP 110103,334.55247853,62.80436392,5.75,K3III,4.73,42.73,9.8
HIP 110109,334.5632606,-53.62553594,5.36,G1V,73.47,439.86,-632.6
HIP 110130,334.62574257,-60.25949486,2.87,K3III,16.42,-71.48,-38.15
HIP 110171,334.73402774,37.76918003,6.19,A9IIIp,15.19,55.4,43.73
HIP 110179,334.75290198,-13.30497087,5.96,K0III,9.21,72.65,-9.91
HIP 110256,335.00616756,-80.43964301,5.09,M6III,12.15,56.36,-42.78
HIP 110273,335.04961499,-7.82110592,5.35,B8IIIMNp...,4.39,15.21,1.61
HIP 110298,335.11485393,5.78949288,5.37,B5IV,3.55,20.33,2.1
HIP 110311,335.15102417,-57.50976173,6.41,K3/K4III,4.18,25.71,-8.89
HIP 110314,335.16155598,58.40985302,6.46,G8III,5.46,-3.35,21.17
HIP 110316,335.1646592,50.98081544,6.4,K2,1.98,2.54,-0.41
HIP 110341,335.23238665,8.18668942,6.18,F6V,31.45,43.67,21.6
HIP 110346,335.25019994,26.93518051,6.46,M4III,4.11,14.05,-7.42
HIP 110351,335.25636792,46.53656484,4.55,B6V,6.4,21.72,1.92
HIP 110371,335.33053166,28.33051592,4.78,B9III,5.37,17.42,5.6
HIP 110386,335.37946377,12.20517262,4.82,B2IV-V,3.36,6.21,5.54
HIP 110391,335.39823108,-21.59802435,5.12,K0III,17.81,-11.34,-84.57
HIP 110395,335.41374983,-1.38735315,3.86,A0V,20.67,129.24,8.9
HIP 110408,335.46191327,42.0781687,6.38,B5V,4.56,15.65,-5.23
HIP 110478,335.68409136,-45.94791727,6.42,"S5,7:",6.54,27.89,-10.92
HIP 110487,335.70949358,36.65891683,6.45,K0,7.47,4.71,53.41
HIP 110497,335.75070386,57.28460062,6.18,B8III-IV,3.83,17.49,4.81
HIP 110498,335.7520726,62.41932818,6.04,A1V,4.58,19.59,11.99
HIP 110504,335.77924734,55.96323584,6.44,G8Iavar,1.19,-2.91,-2.42
HIP 110506,335.78246322,-45.92834717,5.62,F3III-IV,24.62,233.33,-57.92
HIP 110529,335.8782743,-24.76265507,5.53,K0IIICN...,12.0,97.6,-2.5
HIP 110532,335.88397901,-7.19444293,5.92,G6V,7.1,-6.21,8.95
HIP 110538,335.89015172,52.22949951,4.42,G9III,19.21,-13.56,-186.37
HIP 110548,335.91398136,20.84826537,6.2,F7V,29.5,335.18,-14.71
HIP 110566,335.97525489,38.57331176,6.18,F5IV:,19.16,255.69,123.47
HIP 110578,336.02861939,-4.83700102,5.79,A0V,7.69,26.35,-7.77
HIP 110602,336.11262494,-13.52940359,5.76,K0III,6.01,50.69,14.24
HIP 110609,336.1291488,49.47640074,4.55,B9Iab,1.54,-5.12,-3.37
HIP 110618,336.14329493,-72.25377388,5.28,A3V: + F9V,34.6,1302.45,-674.12
HIP 110649,336.23413615,-57.79661017,5.31,F9V,48.81,180.71,-331.27
HIP 110668,336.29329897,-70.4314706,5.78,F3III,19.75,121.79,-62.31
HIP 110672,336.31921857,1.37739245,4.8,B1Ve,2.96,18.38,3.35
HIP 110696,336.41950724,18.44424558,6.26,K0,5.74,28.67,28.9
HIP 110712,336.46260706,-75.01571925,6.12,G3IV,43.39,58.55,12.48
HIP 110725,336.5032622,70.77088542,5.47,K2III,6.27,19.69,5.34
HIP 110746,336.54456634,-23.68244261,6.29,A0V,6.59,12.26,-1.91
HIP 110778,336.64228154,-16.74214759,5.55,G3V,49.8,209.77,3.96
HIP 110785,336.65507484,4.39363758,5.76,F7V,25.34,286.36,52.92
HIP 110787,336.67685952,78.78594317,5.83,A2m,15.98,-14.09,-37.12
HIP 110790,336.68982704,37.44371876,6.46,B2V,1.69,-0.82,-5.2
HIP 110817,336.77213047,65.13227452,5.52,B0.5Ib,1.29,-0.74,-1.93
HIP 110838,336.83280453,-64.96637927,4.51,B8V,12.21,68.68,10.21
HIP 110849,336.86041347,39.81004053,6.16,B2V,2.39,-0.53,-6.09
HIP 110873,336.94258454,31.83997497,6.0,K2,3.48,50.84,28.63
HIP 110882,336.96448769,4.6964107,4.78,K0III,20.39,77.29,-307.36
HIP 110907,337.04645171,27.01888696,6.48,G8III,6.76,-35.57,-33.43
HIP 110919,337.08115262,64.08523169,6.3,K0,8.65,9.63,-31.44
HIP 110935,337.15600483,-67.48888731,5.56,A3V,22.96,151.41,-70.67
HIP 110936,337.16325785,-39.13140099,5.47,G8III,12.42,37.24,-160.72
HIP 110960,337.20750231,-0.02006304,3.65,F3III-IV,31.53,191.32,37.47
HIP 110986,337.28313545,9.12908395,5.6,K5III,5.63,51.63,-20.51
HIP 110988,337.2884591,58.40408865,6.31,A0,3.43,16.48,4.7
HIP 110992,337.29254382,26.76320924,5.79,K2II,2.97,26.09,-4.42
HIP 110991,337.29269975,58.4151899,4.07,G2Ibvar,3.32,16.47,3.55
HIP 110997,337.31730866,-43.49555433,3.97,G6/G8III,11.03,25.62,-4.23
HIP 111022,337.38259473,47.70689488,4.34,M0II,2.8,-0.6,-3.37
HIP 111043,337.4393561,-43.74922804,4.12,M4.5IIIa,10.04,-14.93,1.79
HIP 111045,337.44142048,-27.10723481,5.95,F0V,23.76,119.31,-20.31
HIP 111056,337.47070072,78.82433733,5.45,A3V,13.75,3.47,-21.67
HIP 111062,337.49145207,4.43205725,5.51,F5IVs,18.93,-18.89,-151.08
HIP 111066,337.5057797,-12.91511781,6.41,F2/F3IV/V,12.33,160.94,0.54
HIP 111068,337.50746956,32.57267245,5.64,B9.5V,8.01,30.94,-14.03
HIP 111072,337.52719268,49.35648561,6.41,K2III SB,8.18,-25.06,-30.28
HIP 111086,337.57220833,-14.58565069,6.36,B8II,5.15,34.25,-34.49
HIP 111104,337.62192333,43.12338985,4.52,B2IV,2.38,-2.05,-5.76
HIP 111123,337.66172918,-10.67788619,4.82,A0IVs,12.29,1.79,-26.26
HIP 111138,337.72394611,-26.07356883,6.43,K1III,8.17,39.22,-75.53
HIP 111169,337.82239898,50.28244976,3.76,A1V,31.86,137.22,17.15
HIP 111170,337.82590786,-6.55488734,6.15,F7V,39.18,160.65,-108.63
HIP 111171,337.82677055,-2.91118194,6.15,K0,6.89,-9.38,-38.68
HIP 111188,337.87620651,-32.34602798,4.29,A1V,21.99,59.64,-18.7
HIP 111191,337.89321398,29.54283895,6.33,A5m,8.0,-30.2,-33.19
HIP 111196,337.90761619,-85.96740206,5.76,K0III,9.88,-37.64,61.25
HIP 111200,337.92199244,-10.90546457,6.39,A8III,14.49,71.08,-39.77
HIP 111242,338.06781235,76.22646833,5.7,A2V,4.43,-19.96,-11.12
HIP 111247,338.07786312,54.03699711,6.41,G8III,5.15,30.33,14.52
HIP 111259,338.10989375,39.77975511,5.88,A6V,5.19,4.73,-8.87
HIP 111278,338.14740682,20.2299448,6.43,F1V,18.9,166.66,30.52
HIP 111296,338.19539967,15.86322196,6.35,K0,4.67,20.43,17.1
HIP 111310,338.2500526,-61.982073,4.91,M4III,11.96,40.82,-20.14
HIP 111314,338.26123343,69.91337219,6.01,A9III,13.11,128.63,71.24
HIP 111325,338.31983037,70.37368142,6.26,A0V,8.15,40.26,13.37
HIP 111362,338.41902799,56.62463722,5.72,G8III-IV,9.6,78.48,41.08
HIP 111394,338.51203705,-1.57417924,5.88,G6III,7.35,39.7,-37.28
HIP 111449,338.67291135,-20.70785949,5.21,F7V,43.97,221.6,-146.58
HIP 111497,338.83887054,-0.11736123,4.04,B9IV-Vn,17.77,88.56,-56.1
HIP 111504,338.85984361,-78.77156677,6.15,K1III,2.99,54.18,-7.5
HIP 111515,338.90149675,-23.99107868,5.97,K1III,9.66,25.95,-6.34
HIP 111532,338.94073618,73.64312707,5.08,F3III-IV,17.7,173.32,25.14
HIP 111539,338.9534264,-17.46031368,6.39,K4III,7.01,-30.42,-45.32
HIP 111543,338.9665794,56.07057602,6.37,A3V,9.28,14.11,-0.72
HIP 111546,338.96785192,39.63434136,5.73,B1Ve,5.1,1.11,-4.39
HIP 111548,338.97014594,-57.88372842,6.22,F0Vn,14.79,87.98,-9.91
HIP 111550,338.9724033,50.07078796,6.29,B3V,1.97,6.19,-0.03
HIP 111567,339.03290831,35.57764581,6.11,K0,7.81,5.29,-58.5
HIP 111594,339.12196771,-40.58251333,6.28,A3Vn,14.41,46.18,-72.18
HIP 111600,339.14778918,-31.66369314,5.82,K2III,10.45,-41.23,-39.38
HIP 111601,339.15140974,11.69662147,6.42,A1III,8.68,-13.72,6.11
HIP 111627,339.20285766,35.65242306,6.28,K5,4.66,-5.28,-1.83
HIP 111643,339.24508293,-40.59086511,5.85,A1V,14.86,45.18,-69.65
HIP 111649,339.27023357,12.57689455,6.3,K5,3.9,-12.94,-32.49
HIP 111660,339.30359577,75.3717918,5.8,M1III,5.23,44.7,7.85
HIP 111674,339.34360749,51.54537399,4.64,A8IV,18.95,-51.31,-103.34
HIP 111710,339.43925419,-4.22776291,5.04,K2III,13.92,-68.36,-120.47
HIP 111753,339.57252472,45.18295148,6.38,G2III+...,6.24,-5.22,-6.67
HIP 111761,339.59208979,-7.89755654,6.23,G1IV-V,7.1,71.26,-2.61
HIP 111795,339.65778029,56.79571012,5.11,M4III,7.59,52.42,-32.28
HIP 111797,339.6627275,63.5845212,5.19,A3IV,10.2,-1.16,-20.23
HIP 111801,339.68626016,-28.74818538,6.46,K1III,8.09,-47.11,-11.75
HIP 111809,339.71443125,-33.08138295,5.66,A0V,7.5,4.25,14.57
HIP 111810,339.71924203,19.52249181,5.84,G8II,8.55,-45.17,-94.22
HIP 111841,339.81532883,39.05028301,4.89,O9V,3.08,-0.29,-5.7
HIP 111869,339.89301814,37.59281397,6.03,G3Ib-IICNe.,3.61,11.22,1.16
HIP 111879,339.93383671,-28.3255604,6.3,K0/K1III,7.0,94.84,-41.22
HIP 111884,339.94588694,19.68114862,6.33,A2V,5.13,-2.07,-9.71
HIP 111925,340.07667029,53.84597214,5.94,B8V,9.49,6.41,-18.33
HIP 111934,340.09324845,-30.65836159,5.88,K2/K3III,5.08,-107.65,-209.53
HIP 111944,340.12825981,44.27628068,4.5,K3III,10.81,94.18,10.0
HIP 111954,340.16385653,-27.0436148,4.18,B8V,4.38,22.01,-0.88
HIP 111965,340.19983525,-3.55413415,6.32,F6V,29.86,-11.22,-43.17
HIP 111967,340.20357013,-57.422306,5.98,K4III,2.66,56.62,-6.61
HIP 111974,340.21882625,14.54886051,5.72,G3V+...,30.49,272.25,123.47
HIP 112029,340.36531181,10.83139111,3.41,B8.5V,15.64,77.38,-10.98
HIP 112031,340.36938127,40.22546314,5.25,B2IIIv SB,2.34,-0.75,-5.9
HIP 112032,340.38031252,30.96585875,6.36,K5,3.92,48.8,1.14
HIP 112041,340.39975815,41.54897766,5.93,G9III,10.08,140.88,59.98
HIP 112051,340.43920724,29.3076892,4.8,A1IV,10.7,-2.03,-19.96
HIP 112067,340.48916113,14.51644444,5.92,K0III:,12.22,94.55,-21.21
HIP 112078,340.52494082,-5.10183894,6.28,M0,2.44,68.82,-53.26
HIP 112098,340.58671582,53.90876835,6.14,K2,2.74,-2.95,-8.36
HIP 112102,340.59198418,-29.36099924,6.12,M3III,5.37,16.24,-19.19
HIP 112117,340.65365518,-47.21000778,5.99,G0,42.47,6.15,-331.43
HIP 112122,340.66639531,-46.88456594,2.07,M5III,19.17,135.68,-4.51
HIP 112127,340.67939148,-44.24812216,6.06,K1IV,10.19,33.74,35.43
HIP 112144,340.73103152,37.80274748,6.43,B1V,2.71,-1.12,-5.3
HIP 112158,340.75053573,30.22130866,2.93,G2II-III..,15.18,13.11,-26.11
HIP 112168,340.76418447,-8.31143105,6.45,A5V,5.28,17.25,-3.96
HIP 112170,340.76798825,47.16876137,6.39,A1V+...,0.88,2.26,-2.69
HIP 112179,340.80936458,-6.96291246,6.4,A0Vn,8.87,26.27,-10.08
HIP 112203,340.87486957,-41.41411843,4.84,K0III,14.71,10.23,-93.95
HIP 112211,340.89688564,-18.83030716,4.68,K3III,6.73,-31.4,-28.02
HIP 112241,341.02171745,39.46541736,5.93,K5III+...,5.04,7.68,-28.38
HIP 112242,341.02285629,41.81922714,5.11,K0III,11.89,-8.33,3.11
HIP 112259,341.06864746,-60.49966689,6.29,F3V,7.38,2.92,20.07
HIP 112300,341.20468265,52.51719217,6.43,K2,3.42,-5.13,6.61
HIP 112305,341.22069959,39.2010757,6.47,K5,4.69,16.39,-20.04
HIP 112324,341.26541656,58.14738318,6.45,F5,27.87,-62.39,-137.19
HIP 112358,341.36746971,19.3664202,6.27,G6III:,9.29,-26.07,58.04
HIP 112368,341.39432691,30.44340669,6.37,K1III-IV,17.57,-250.94,-349.5
HIP 112374,341.4077169,-53.50016316,4.84,K2IIICNIV,8.27,30.62,17.34
HIP 112381,341.42003143,-46.54729992,5.52,K3III,4.91,-29.41,-11.39
HIP 112405,341.51551393,-81.38161731,4.13,A9IV/V,23.23,-55.35,0.88
HIP 112417,341.54210525,44.54597654,5.84,F0III-IV,18.79,142.77,32.07
HIP 112432,341.61756451,-49.68512013,6.49,K0III-IV,4.29,86.51,-275.57
HIP 112440,341.63267663,23.56567939,3.97,G8II-III,8.26,56.99,-10.46
HIP 112447,341.67267295,12.17408381,4.2,F7V,61.54,233.06,-492.04
HIP 112501,341.83002439,-34.16178732,6.28,K1III,10.18,-62.59,27.01
HIP 112508,341.84679175,58.48301254,6.33,B9.5IV,3.41,7.77,7.61
HIP 112519,341.87061429,83.15371558,4.77,K3III,10.06,23.65,47.21
HIP 112529,341.88828134,-19.61287445,5.24,G8III,12.26,-102.2,-205.95
HIP 112533,341.89877427,-65.56023545,6.49,K1III,5.15,-30.76,-6.88
HIP 112542,341.92812904,-14.05640541,5.68,B9V,12.55,29.03,-9.44
HIP 112567,341.98388582,-25.91174758,6.31,G8III,6.31,107.02,-115.39
HIP 112590,342.04611234,37.41684226,5.82,G8III:,8.96,-42.58,-63.48
HIP 112603,342.08872969,-61.68435601,6.36,K0III,8.29,73.06,-3.29
HIP 112615,342.12579744,-10.55549675,6.19,A9III-IV,8.64,30.86,7.62
HIP 112623,342.13832136,-51.31670354,3.49,A3V,25.16,108.47,-65.93
HIP 112635,342.18433198,62.93853133,6.07,K0,5.1,13.87,-49.67
HIP 112641,342.19951651,54.41489706,6.14,B5Vn,5.42,13.25,-2.09
HIP 112670,342.25283476,68.57006392,6.19,F5,16.01,117.3,67.39
HIP 112694,342.32270149,-70.34806201,6.35,A2V,9.98,12.96,32.95
HIP 112716,342.39795761,-13.59253756,4.05,K5III,8.58,-12.58,-38.8
HIP 112724,342.42046735,66.20071089,3.5,K0III,28.27,-66.1,-124.74
HIP 112731,342.44261913,55.90268437,5.43,K1III,8.78,83.41,38.0
HIP 112746,342.49685641,-32.80539996,6.34,F0V,14.29,-34.56,-23.53
HIP 112748,342.5004181,24.60168486,3.51,M2III,27.95,144.11,-43.44
HIP 112761,342.54204508,50.67691966,6.23,G4Ib,1.99,3.72,-1.03
HIP 112778,342.59070173,41.95340325,5.91,B3IV:var,3.0,8.28,-3.93
HIP 112781,342.59477516,-80.12381446,5.32,B6IV,7.35,20.14,-12.76
HIP 112832,342.75894036,-39.15681779,5.43,K3III,2.95,18.26,-6.5
HIP 112833,342.76223899,85.373461,5.89,K5,7.14,13.22,114.38
HIP 112862,342.83726823,-29.53627381,5.99,G8/K0III,8.8,-7.54,-14.49
HIP 112864,342.84378464,61.69663851,5.61,G2IV+...,14.34,97.14,41.95
HIP 112895,342.93750305,-59.88134724,6.47,K1IIICN...,9.13,-42.35,-4.66
HIP 112917,343.00811365,43.31236494,4.95,M0III,9.99,109.36,21.54
HIP 112924,343.04158192,-63.18856825,6.14,K0III,8.13,26.4,-40.68
HIP 112935,343.09902715,9.83555733,5.16,F7IV,37.25,521.86,44.1
HIP 112948,343.13149128,-32.87545019,4.46,A0III,14.67,-33.32,-22.15
HIP 112961,343.15360192,-7.57967878,3.73,M2IIIvar,8.33,19.51,32.71
HIP 112986,343.21764368,50.41228825,6.46,B8V,4.12,15.76,-1.34
HIP 112997,343.25949461,16.84126106,5.86,K1III SB,10.33,-20.97,-27.59
HIP 112998,343.2657072,60.10102327,6.01,K2V:,2.51,12.75,2.24
HIP 113009,343.29737555,40.1673832,6.33,B7III-IV,2.57,9.14,-8.93
HIP 113031,343.36954639,-11.61651887,5.8,B8IV/V,4.96,23.03,1.93
HIP 113044,343.40725124,-48.59808759,6.03,G3IV,30.04,216.7,-81.49
HIP 113048,343.4173281,44.74920148,5.79,A3m,19.22,-2.97,-15.72
HIP 113080,343.52332689,-19.17513859,6.37,K5III,6.78,81.9,-4.3
HIP 113084,343.52879493,40.37683633,5.82,K0III,9.63,97.09,28.91
HIP 113116,343.60160144,84.34611856,4.7,K4III,8.35,98.45,23.89
HIP 113127,343.64221027,-7.20454057,6.2,K3III,5.35,-15.11,-35.05
HIP 113131,343.64840834,16.94185315,6.39,"S5,1",3.37,15.09,-8.01
HIP 113136,343.6626635,-15.82075994,3.27,A3V,20.44,-44.08,-24.81
HIP 113137,343.66482152,-70.07388667,6.04,G4IV-V,37.71,-43.19,73.2
HIP 113148,343.6900201,-16.27174207,5.53,K1III,23.27,-223.65,-88.58
HIP 113167,343.74780883,1.06489117,6.11,A7III,10.61,20.32,5.48
HIP 113174,343.76076644,37.07680479,5.91,F5II,24.24,88.52,9.25
HIP 113184,343.79560112,-4.98787812,5.72,K0III-IV,11.13,29.13,-8.54
HIP 113186,343.80676809,8.81609536,4.91,A1V,11.55,81.88,29.03
HIP 113189,343.81196404,-36.38858056,6.4,K2III,4.51,45.0,0.62
HIP 113204,343.87736753,-20.13936653,6.36,K4/K5III,4.69,43.98,-15.25
HIP 113222,343.93538834,36.35139364,5.73,B7III,3.9,19.89,-1.54
HIP 113234,343.96476013,-31.63320469,6.09,K3III,3.44,-13.79,-10.96
HIP 113246,343.98705005,-32.53970196,4.2,G8III,19.14,10.84,30.32
HIP 113281,344.09846242,41.60388627,5.6,B2IV,2.71,-0.99,-4.25
HIP 113283,344.0992776,-31.56517871,6.48,K4Vp,130.94,330.53,-159.86
HIP 113288,344.10832784,49.73355094,4.99,K5Ibvar,1.74,0.05,-2.87
HIP 113307,344.19925894,-47.96922586,5.72,Am...,11.98,-26.3,1.82
HIP 113327,344.26872427,48.68408117,5.34,B4IIIpe,2.97,9.59,-5.43
HIP 113345,344.32169131,-4.81009168,6.31,G9III,7.9,-17.59,-1.27
HIP 113357,344.36604441,20.7686841,5.45,G5V,65.1,208.06,60.96
HIP 113360,344.38651971,3.81016446,6.28,K1III,7.08,67.6,31.69
Fomalhaut (α PsA),344.41177323,-29.62183701,1.17,A3V,130.08,329.22,-164.22
HIP 113371,344.41974256,39.30878922,6.17,B2IV-V,2.39,0.46,-5.13
HIP 113421,344.56477026,-2.39534611,6.17,G8IV,50.71,-6.05,-16.03
HIP 113433,344.59838162,-1.41019267,6.38,F0V,10.28,85.47,-6.67
HIP 113445,344.64519627,9.35721774,6.43,G2V+...,32.32,396.72,-147.73
HIP 113447,344.64587927,-35.52295831,6.15,F7V,12.86,-5.98,-112.3
HIP 113465,344.67768044,7.34023912,6.35,A1V,10.41,-29.32,-67.77
HIP 113498,344.78749556,59.81465827,6.46,B9III,2.82,5.85,-1.49
HIP 113501,344.79319251,52.65445283,6.31,K2,4.85,-26.12,31.62
HIP 113503,344.79915676,11.72894102,5.76,A7V,12.26,26.84,-40.09
HIP 113521,344.86417726,0.96309154,5.43,K1III:,11.63,90.06,-67.66
HIP 113531,344.89865503,-13.07089129,6.12,K3/K4III,4.97,-6.49,-1.58
HIP 113532,344.89901144,-29.46232352,5.51,F0V,8.9,-6.77,5.15
HIP 113561,345.02126622,56.94538131,5.1,G0Ia,-0.15,-2.94,-3.09
HIP 113562,345.02402543,-25.16398677,5.66,K0IICNIII,4.62,35.14,-79.51
HIP 113593,345.10242074,-25.62674394,6.3,K1III,7.61,90.7,-42.22
HIP 113610,345.15783182,0.18583971,6.22,G4III,5.1,47.78,10.71
HIP 113622,345.17873968,3.01200821,5.85,K4III,5.96,5.06,-83.58
HIP 113638,345.22030979,-52.75410562,4.11,G8III,28.99,-65.09,-12.91
HIP 113657,345.2812358,-50.95002911,5.68,K3III,6.78,88.21,0.28
HIP 113669,345.33061462,-28.85390821,5.55,K3III,5.58,58.42,-21.46
HIP 113673,345.34594456,-22.79083025,6.27,A2V,9.97,28.41,-25.13
HIP 113674,345.34854619,-7.06113357,6.23,K5III,7.79,-16.16,-7.84
HIP 113684,345.37799709,57.10547492,6.24,K2II,2.76,-4.42,-7.1
HIP 113686,345.38209154,-4.71147966,5.94,K0,1.23,14.07,7.55
HIP 113705,345.43150931,3.5310382,6.44,G5,5.71,32.33,-52.74
HIP 113726,345.48019377,42.32597866,3.62,B6pv SB,4.71,22.47,0.24
HIP 113750,345.54715241,44.57290212,6.43,K0,9.08,10.44,-18.02
HIP 113781,345.63567045,-6.57392844,6.18,M2III,2.63,-7.36,-32.95
HIP 113784,345.64195419,-36.42080597,6.46,K1III,7.85,42.54,-30.63
HIP 113788,345.6514039,42.7578062,5.09,A3Vn,9.33,55.67,-4.77
HIP 113801,345.68453003,-20.87039619,5.97,K0III,13.01,-56.81,-129.81
HIP 113802,345.68811495,44.05876504,6.37,B2V,2.77,2.19,-5.99
HIP 113852,345.83887885,58.56387586,6.43,G8IV,11.39,48.37,-8.91
HIP 113860,345.87401266,-34.74961718,5.12,A9V,34.98,74.8,84.45
HIP 113864,345.88686782,67.20918487,5.25,K3III,8.48,23.13,10.24
HIP 113881,345.94305575,28.08245462,2.44,M2II-IIIvar,16.37,187.76,137.61
HIP 113889,345.9691938,3.82006998,4.48,B6Ve,6.62,12.86,-10.13
HIP 113902,345.998457,-41.47903194,5.79,K0III,10.84,12.25,55.93
HIP 113904,346.0033129,6.61632017,6.42,F2V,12.01,-28.43,7.44
HIP 113919,346.04513231,50.05168397,4.64,K0III,18.2,166.7,167.3
HIP 113957,346.16487864,-53.96464712,5.37,K5III,8.36,56.97,-106.16
HIP 113963,346.1900702,15.20536786,2.49,B9.5III,23.36,61.1,-42.56
HIP 113969,346.21728516,-68.82037973,5.53,F4III,18.08,44.78,63.39
HIP 113994,346.27665583,16.56334967,6.43,G8IV,24.78,-186.48,-210.97
HIP 113996,346.29047874,-7.69381853,5.44,F2V,17.31,123.46,7.07
HIP 113998,346.30366025,-17.07915256,6.15,K4III,5.91,-41.72,-40.18
HIP 114005,346.32338622,1.30717903,6.39,G9III,7.98,34.34,-21.23
HIP 114081,346.57500937,18.51761428,6.16,F6Vs,23.16,224.28,62.18
HIP 114096,346.6321134,19.91084131,6.44,F7V,35.32,287.21,4.75
HIP 114104,346.65337433,59.41976474,4.84,B0.5IV,2.95,6.77,-1.97
HIP 114119,346.67003033,-23.7431168,4.48,G8III,17.32,59.9,0.53
HIP 114131,346.71986858,-43.52032436,4.28,F5me...,24.51,-48.35,-13.98
HIP 114132,346.72333274,-38.89230672,5.62,A0V,11.09,33.56,5.78
HIP 114144,346.75106602,9.40952259,4.54,M2III,10.13,6.73,-12.76
HIP 114152,346.77079924,35.63646521,6.38,K0,5.11,56.25,10.71
HIP 114155,346.77807997,25.46833959,4.76,K0IIp,6.07,0.26,-33.31
HIP 114159,346.78930262,-49.60613515,6.33,K4III,2.5,8.8,0.1
HIP 114162,346.79188553,52.8165694,6.12,K0III,7.7,2.32,12.88
HIP 114163,346.79352112,59.72739838,6.41,B2.5IV,2.44,6.56,-1.78
HIP 114167,346.81169415,-50.68662467,5.81,F6.5IV-V+..,25.15,-37.53,-23.32
HIP 114187,346.86557899,32.82537306,6.13,A3,6.64,-21.11,-11.52
HIP 114189,346.86936478,21.13437231,5.97,A5V,25.04,107.88,-50.08
HIP 114200,346.91365671,46.38730373,5.3,K5III,9.54,-11.87,-29.97
HIP 114210,346.93853339,49.29545491,5.68,F5V,29.33,152.15,132.08
HIP 114212,346.94890429,63.6334709,6.25,B3V,2.67,6.87,-2.08
HIP 114222,346.97432546,75.3875815,4.41,G2III,14.83,5.74,-35.1
HIP 114227,346.988313,64.22254354,6.21,K0,3.06,8.9,-4.54
HIP 114254,347.08790152,-28.82356853,5.6,G8III,11.42,-43.24,-52.69
HIP 114258,347.09809853,-79.4805999,6.11,A7Vn,13.44,92.62,-36.52
HIP 114268,347.14811916,-73.58611126,6.18,K3III,5.37,23.15,-2.1
HIP 114273,347.17017174,2.12761798,5.42,G8IV,11.64,137.43,108.99
HIP 114341,347.36150879,-21.17248555,3.68,K1III,13.96,55.99,31.25
HIP 114347,347.38106177,8.67717165,5.05,M4Sv,4.28,3.71,-4.52
HIP 114365,347.43391042,59.33268922,5.68,A5III,1.65,0.14,1.17
HIP 114366,347.4359083,-28.08857609,5.88,K2III,4.76,18.93,1.74
HIP 114367,347.43638552,-67.87615966,6.47,F3IV,18.93,0.13,-51.3
HIP 114371,347.45638262,-14.5105363,6.43,A0V,9.45,30.15,-6.3
HIP 114375,347.47865379,-22.45759248,4.71,A3IV:,6.26,35.92,-7.79
HIP 114382,347.49016985,-42.86116912,5.83,F4IV,28.87,-348.82,-50.54
HIP 114389,347.50612955,9.82210111,5.39,B9III,5.27,-17.77,-7.75
HIP 114407,347.54049559,-40.59143612,5.9,M4III,4.08,22.14,-45.65
HIP 114408,347.54993996,-66.85772967,6.47,K0IV,16.06,236.36,35.1
HIP 114421,347.58928308,-45.24664747,3.88,K0III SB,17.63,132.42,-26.27
HIP 114430,347.61401487,43.54473662,5.91,F5IV,35.39,-202.18,-207.65
HIP 114449,347.67759102,17.59443802,5.68,K4III,6.45,24.37,-27.28
HIP 114520,347.93414513,8.72012785,5.15,A5Vn,12.89,-8.93,-5.05
HIP 114526,347.95547912,26.84757838,6.19,G8III-IV,13.48,-190.51,-111.14
HIP 114550,348.05179488,-80.91267194,6.43,K4III,5.6,26.97,-11.45
HIP 114570,348.13717883,49.40597489,4.53,F0V,40.82,89.78,95.57
HIP 114607,348.26669268,29.44162201,6.34,G8III,7.73,-30.41,-40.03
HIP 114622,348.31143134,57.16763844,5.57,K3Vvar,153.24,2074.37,294.97
HIP 114641,348.36045184,11.06501583,5.85,G5III:,9.72,-9.12,-5.97
HIP 114686,348.49726566,19.63391636,6.47,K2,4.1,27.18,-7.35
HIP 114699,348.52491363,-62.69897068,6.12,G5IV,34.25,477.48,-425.01
HIP 114714,348.55976495,50.61790845,6.32,A0V,7.94,45.38,-7.14
HIP 114724,348.58055219,-6.0485268,4.22,M2III,14.68,46.22,-195.85
HIP 114725,348.59050295,29.77185,6.41,F6IVw,8.87,-5.74,-7.61
HIP 114742,348.65174653,24.10288514,6.36,K2III,6.47,113.84,5.31
HIP 114745,348.65423592,74.23125488,5.89,A0V,7.16,41.34,5.54
HIP 114750,348.66740368,-10.68862744,6.13,K5III,3.9,-6.67,-36.02
HIP 114775,348.7438952,-41.10512524,5.77,K2III,13.95,110.13,-111.8
HIP 114822,348.89277051,-3.49637244,5.56,A3V,14.09,-12.43,-3.26
HIP 114831,348.90711543,70.88808538,5.55,F0IV,9.15,17.04,-2.27
HIP 114855,348.97198728,-9.08769554,4.24,K0III,21.97,368.56,-17.02
HIP 114921,349.16578399,-44.48914171,5.92,K1III,11.32,3.44,-9.88
HIP 114924,349.1758098,53.21404995,5.58,F7V,49.31,111.7,-236.29
HIP 114937,349.20770882,-41.19443278,6.49,K0III,6.67,-26.09,15.43
HIP 114939,349.21229368,-7.72646619,4.93,M3III,5.09,-18.66,-15.43
HIP 114948,349.23945138,-62.00113447,5.64,F7V,48.6,176.0,-26.12
HIP 114969,349.28638088,-28.43803072,6.24,M1/M2III,3.58,39.09,-99.84
HIP 114971,349.28955677,3.28224524,3.7,G7III,24.92,760.35,17.96
HIP 114981,349.31912592,45.16431817,6.44,K0IV,13.53,100.63,-62.2
HIP 114984,349.3285674,75.29903267,6.35,A2Vs,5.19,17.81,-3.06
HIP 114996,349.35755018,-58.23592762,3.99,F1III,45.4,-34.93,79.59
HIP 115015,349.41691068,-11.71295483,6.33,A1/A2IV/V,8.37,41.21,5.11
HIP 115022,349.43590129,49.01528336,4.82,M2III,4.98,34.48,6.74
HIP 115033,349.47584844,-9.1824899,4.41,B5Vn,10.13,19.63,-9.64
HIP 115036,349.48329731,45.48894828,6.48,B9p...,5.98,23.93,-10.02
HIP 115054,349.54077554,-40.82406346,5.54,F5V,28.89,127.46,-122.41
HIP 115062,349.58329624,-67.47122023,6.15,K2/K3III,5.19,22.57,17.74
HIP 115065,349.59721541,41.77370255,5.98,A7m,6.9,-9.58,-11.03
HIP 115088,349.6558621,68.11141807,4.75,K0III,15.48,54.88,10.91
HIP 115102,349.70594501,-32.53183574,4.41,K1III,18.24,19.65,-78.57
HIP 115115,349.74021218,-9.610731,4.99,A0V,13.1,43.47,-7.8
HIP 115121,349.763686,-28.38787084,6.49,K5III,4.36,15.77,10.11
HIP 115126,349.77712113,-13.45844256,5.2,G6/G8IV,48.22,265.64,-44.87
HIP 115129,349.785614,-79.47243616,6.34,K0III,6.66,27.68,10.95
HIP 115142,349.84941462,-5.12430243,5.56,F3IV,28.72,200.98,-20.42
HIP 115144,349.85043968,-18.07539972,5.96,K2/K3III,2.92,3.96,9.58
HIP 115148,349.86417565,34.79318424,6.32,B8III,4.68,16.45,-0.32
HIP 115152,349.87411644,48.62519601,5.44,K0III,9.95,22.98,51.91
HIP 115171,349.92239405,48.38085976,6.29,K1III,6.86,206.18,31.11
HIP 115178,349.92965523,-33.70796023,6.35,K2III,5.7,42.71,-37.68
HIP 115191,349.96825485,42.07803394,5.81,M0III,6.01,47.78,4.25
HIP 115218,350.0598757,61.97014046,6.39,K1V,3.46,6.97,-4.77
HIP 115227,350.08557117,5.38145156,5.05,K2III,9.56,78.53,-59.35
HIP 115245,350.14390747,62.21326651,6.41,K2III,1.86,-1.38,-1.02
HIP 115250,350.1592632,23.7403592,4.58,A5V,19.5,30.48,-9.14
HIP 115257,350.17061468,-5.90782893,6.17,K0III,8.14,-102.57,-60.16
HIP 115261,350.1837759,44.11625675,6.25,A5Vn,12.5,-9.59,-36.84
HIP 115271,350.20626846,30.4150884,5.58,M0III,7.49,77.44,-68.83
HIP 115272,350.20889077,-50.30637897,6.04,Fm...,11.09,49.67,-74.02
HIP 115280,350.22153629,38.18247497,5.77,F5V,23.59,129.56,-61.21
HIP 115312,350.31462908,-26.98674162,5.65,G5IV,9.92,-19.59,-11.2
HIP 115355,350.4788585,31.81248117,5.35,B6III,3.91,10.27,-6.81
HIP 115389,350.61907358,25.91850998,6.38,K3III,3.02,2.24,-10.96
HIP 115395,350.63551965,60.13348919,5.56,K3II,2.2,6.83,-1.59
HIP 115404,350.66291976,-15.03938012,5.19,A3V,13.75,119.67,17.49
HIP 115407,350.66875148,20.82874369,6.28,B9.5V,6.69,19.01,-11.28
HIP 115433,350.7361612,-60.05582988,6.08,M3III,3.83,82.77,-5.34
HIP 115438,350.7429228,-20.10034505,3.96,K0III,20.14,-120.27,-96.7
HIP 115444,350.76898818,12.3139519,5.09,K3III,9.88,18.98,-17.15
HIP 115476,350.882937,0.2912976,6.33,K2,2.27,71.8,11.28
HIP 115496,350.93920175,-43.12445723,6.12,K3III,2.92,18.88,11.43
HIP 115510,350.97686737,-53.8086555,6.13,A4III,6.79,73.85,-34.77
HIP 115522,351.01675838,-21.77422317,6.46,F3IV/V,15.99,-66.12,-77.43
HIP 115528,351.03232585,-18.68812455,6.18,K0III,8.89,165.19,48.6
HIP 115530,351.03699006,41.612868,6.37,M0,2.61,-12.12,2.31
HIP 115537,351.05516142,-51.89108428,5.75,M0III,5.91,23.17,-37.03
HIP 115590,351.20936267,62.28283877,4.96,M1III,4.23,12.24,-13.25
HIP 115591,351.21175378,32.38487495,5.56,B9III,6.44,16.51,2.76
HIP 115620,351.33072811,-56.84893507,5.6,K0III,11.42,85.19,-20.73
HIP 115623,351.3444225,23.40401243,4.42,F8IV,18.83,193.12,36.47
HIP 115669,351.51173897,-20.64186122,4.38,K4III,10.57,-50.13,-62.97
HIP 115709,351.64765987,-21.74083208,6.43,K0III,8.24,57.58,-1.65
HIP 115713,351.65226789,-52.721919,5.53,F4V,31.28,33.16,130.07
HIP 115738,351.73293881,1.25583758,4.95,A0p,20.12,85.6,-94.43
HIP 115746,351.74966274,87.30745696,5.56,A7IV,10.63,76.9,19.35
HIP 115755,351.78054498,42.91196859,5.75,B9III,11.09,87.42,17.07
HIP 115756,351.78112296,-66.58085439,6.47,K4III,3.68,-27.38,-12.97
HIP 115759,351.78783827,-50.15726501,6.22,B9V,6.43,29.57,8.61
HIP 115768,351.81152185,1.12268705,6.26,G7III,8.01,46.55,-31.92
HIP 115769,351.81222494,-58.47627854,5.63,G8III,10.93,52.45,69.25
HIP 115770,351.81840911,70.35979323,5.6,A6IV,15.81,120.97,-4.43
HIP 115806,351.91820403,25.1673687,5.99,A0MNp...,8.89,27.28,-36.06
HIP 115830,351.99236589,6.37909727,4.27,K1III,20.54,-123.83,-43.26
HIP 115833,352.00286076,-35.54448803,6.34,K2III,5.06,4.84,1.32
HIP 115836,352.01486122,-87.48224182,5.5,K2III,6.24,16.29,11.48
HIP 115839,352.02140081,-11.44969884,6.37,G6/G8III,8.83,99.58,-22.03
HIP 115906,352.2528732,-9.26603962,6.2,K0,1.48,-43.49,-26.51
HIP 115907,352.25331359,-44.49803575,6.43,K2III,6.12,37.63,-13.37
HIP 115908,352.25387551,-63.11062274,5.66,Ap Si,8.58,39.18,-13.63
HIP 115915,352.27374695,23.04829,6.45,G9III,6.27,-34.14,-84.94
HIP 115919,352.28858456,12.76049243,4.54,G8III,18.34,59.62,25.18
HIP 115945,352.36248095,-1.79115943,6.35,K0,3.53,-14.39,-22.0
HIP 115953,352.38323384,-4.53218332,6.26,K3IIIvar,20.44,179.73,-231.95
HIP 115990,352.50799782,58.54890978,4.89,B3IV,5.67,18.67,4.22
HIP 115996,352.53078341,49.13313752,6.19,K5III,3.81,29.41,2.99
HIP 116030,352.66474266,38.66221205,6.07,G9III,5.25,30.97,17.08
HIP 116060,352.75478141,-6.28800944,6.39,K0,1.34,-10.59,-29.68
HIP 116076,352.82165645,39.2364018,5.22,K0III,13.09,287.3,-83.78
HIP 116097,352.86217374,-44.84352938,6.02,K0III,8.79,45.3,-20.42
HIP 116118,352.9251745,-21.36944011,6.24,F0V,12.49,-1.02,-7.18
HIP 116119,352.92937294,28.40352227,6.41,A1p Sr(CrEu),6.78,-29.93,-13.78
HIP 116146,352.98983817,-1.08592434,6.39,K1III,4.07,8.98,16.17
HIP 116187,353.12096374,23.84367517,6.41,K5,4.7,-2.02,-27.06
HIP 116231,353.2424506,-37.81835895,4.38,B9.5IVMNpe.,18.28,96.39,37.58
HIP 116247,353.31927128,-20.91452506,4.7,A0V,10.18,-2.55,8.64
HIP 116250,353.33143988,-77.38533173,5.82,G2V,31.49,15.66,1.79
HIP 116264,353.36703214,22.49881721,5.33,M5IIIa,5.67,9.54,-17.48
HIP 116292,353.42912951,45.05807278,6.25,G8II,5.95,0.09,11.21
HIP 116307,353.48124572,20.84097045,6.1,M3III,3.13,-12.3,-15.15
HIP 116310,353.48813881,31.32532196,4.97,K4III,5.95,50.22,-18.45
HIP 116323,353.5373106,-1.24753498,5.91,A2m,14.17,107.44,-13.24
HIP 116354,353.65646146,40.23655244,5.55,A1III,13.97,-17.71,-45.77
HIP 116355,353.65919426,33.4972759,5.63,K0III:,10.68,-4.54,21.66
HIP 116365,353.69472703,38.02397291,6.18,K5,4.81,10.67,11.08
HIP 116368,353.7055442,-15.24579181,5.95,K4III,9.29,49.92,-87.88
HIP 116380,353.74596038,71.64204906,5.86,K0Ib,1.14,5.26,-2.44
HIP 116389,353.76887742,-42.61510105,4.69,A2V,11.92,42.18,10.78
HIP 116422,353.86919175,1.31319815,6.47,K0,10.51,-47.76,-23.21
HIP 116428,353.88363333,-7.46447114,6.4,G5III:,7.19,0.29,16.48
HIP 116465,353.98308975,24.56098741,6.44,M1III,2.6,0.95,10.17
HIP 116495,354.09727881,2.10207138,5.68,F6Vbwvar,32.27,-104.5,62.11
HIP 116505,354.12715115,32.9041973,6.35,F6V,12.99,-5.58,7.12
HIP 116582,354.38346323,44.42903532,5.81,B8V,3.96,15.16,-17.0
HIP 116584,354.3904487,46.45917621,3.81,G8III-IV,38.74,159.22,-421.46
HIP 116591,354.41474582,-13.06030596,5.66,K0III,11.5,34.83,25.77
HIP 116592,354.41525906,16.82550399,6.26,A1V,8.97,132.08,-3.6
HIP 116602,354.46223051,-45.49232134,4.74,A2V,16.26,71.36,-12.34
HIP 116611,354.48655342,18.40062425,5.49,A1Vn,13.65,48.52,17.61
HIP 116624,354.51242043,-15.09483723,6.38,K0III,9.65,82.29,-111.43
HIP 116631,354.53407969,43.2680761,4.29,B8V,6.49,27.72,-1.21
HIP 116653,354.59870499,-76.86950742,5.99,K0II/III,5.22,78.48,-18.47
HIP 116709,354.78478065,50.47173744,5.35,B9V,8.36,-16.69,-1.87
HIP 116714,354.79233254,75.29284842,5.95,A3V,12.4,7.09,13.99
HIP 116727,354.83742516,77.63196681,3.21,K1IV,72.5,-48.85,127.18
HIP 116728,354.83819674,74.00261499,5.98,G8III,7.78,-8.53,5.56
HIP 116737,354.86635383,-46.63789839,6.07,A+...,11.74,22.44,40.99
HIP 116758,354.94598676,-14.22204281,4.97,A7IV,24.38,51.8,-55.58
HIP 116768,354.97911505,9.67732079,5.99,A2m,17.16,89.12,-11.16
HIP 116771,354.98675133,5.62735374,4.13,F7V,72.51,376.32,-437.0
HIP 116781,355.01176265,37.65283835,6.49,F2IV,11.2,-7.18,-80.08
HIP 116805,355.10184089,44.33397776,4.15,B9IVn,19.22,81.33,-18.96
HIP 116820,355.15921709,-32.07299489,5.3,K0III,11.22,-91.41,-53.47
HIP 116824,355.16860835,36.72071051,6.24,F1V,22.63,234.51,23.57
HIP 116853,355.28696291,-11.68066248,5.89,K0III,8.6,68.51,3.24
HIP 116876,355.36165797,49.51246055,6.26,A4V,4.19,-14.01,-19.5
HIP 116889,355.39380754,-18.02690134,5.36,K4/K5III,5.58,-40.82,-72.28
HIP 116901,355.44082263,-17.81653327,4.82,G2Ib/II,5.07,13.93,0.11
HIP 116912,355.47731287,57.25996583,6.24,G8III,3.68,6.78,-5.01
HIP 116918,355.48627544,7.25064591,5.89,A3Vn,9.64,-27.64,-40.94
HIP 116928,355.51200741,1.7804172,4.49,A7V,32.38,-129.55,-154.87
HIP 116941,355.56117891,44.99175706,6.43,K5III,4.15,-19.19,-17.28
HIP 116957,355.61588872,-15.44797581,5.27,K3III,11.65,16.19,-23.44
HIP 116962,355.63086174,61.67939575,6.4,K2III,7.1,39.5,-13.32
HIP 116971,355.68035357,-14.54474243,4.49,B9V,21.16,98.35,-66.78
HIP 116972,355.68253025,16.33569249,6.3,K0,8.03,91.06,10.9
HIP 116991,355.77094888,51.93934472,6.44,K0,5.83,30.16,-4.15
HIP 117020,355.84315202,10.33150851,5.09,M2III,3.99,4.93,11.4
HIP 117073,355.99765846,29.36155278,4.93,K0III,13.91,71.44,-40.78
HIP 117075,356.00438262,-45.08312786,6.08,G8IV,13.68,325.7,1.93
HIP 117088,356.05010877,-64.40453515,5.73,K3II,3.71,14.42,34.6
HIP 117089,356.05025914,-18.27692862,5.24,B9V,9.84,27.6,-3.76
HIP 117105,356.10417971,-70.49037556,6.06,G8IV,21.77,245.19,61.31
HIP 117107,356.12124378,-26.24658154,6.23,F3/F5V,14.7,-54.25,-20.58
HIP 117125,356.16950877,-78.79144467,5.74,K1III,5.73,54.95,1.16
HIP 117133,356.20152941,55.79969308,6.46,G4III:,6.89,28.88,-2.64
HIP 117218,356.50350924,-18.67836913,5.28,F2:V+...,15.37,131.86,11.97
HIP 117219,356.50490918,-40.18247763,6.32,A7V,15.32,103.11,-36.01
HIP 117221,356.50849555,46.42029095,4.97,G5Ib,2.49,9.05,-6.25
HIP 117245,356.59807048,3.48687164,4.95,C5II,4.29,-35.0,-25.0
HIP 117265,356.65302168,66.78225128,5.95,B2IV,1.88,7.5,-2.76
HIP 117299,356.75797734,57.45137702,5.55,K3II,1.95,4.13,-7.45
HIP 117301,356.76411116,58.65185164,4.88,K1III,18.88,60.7,56.69
HIP 117314,356.81642211,-11.91089898,5.74,K0III,9.42,-48.26,-93.56
HIP 117315,356.81661487,-50.22640416,5.18,B3V,5.51,8.99,-23.28
HIP 117340,356.88770252,46.83257654,6.08,B3IV,2.47,1.21,-5.01
HIP 117371,356.97811533,67.80681263,5.05,A1Vn,10.96,14.55,-1.89
HIP 117375,356.9853611,-2.76161103,5.49,G8III,11.19,96.45,5.5
HIP 117420,357.13533084,-6.38037699,6.09,K4III,4.51,1.42,-20.2
HIP 117430,357.16262779,64.87648481,6.41,A0sp...,4.54,17.13,-14.26
HIP 117445,357.20566896,2.21449865,6.47,F5III-IV,18.09,8.81,-35.15
HIP 117447,357.20906201,62.21451996,5.43,A3Ia comp,0.2,-2.8,-1.45
HIP 117450,357.22461721,59.97893333,6.33,A0V,9.49,50.47,15.16
HIP 117452,357.23116631,-28.1300148,4.59,A0V,22.73,100.03,-104.04
HIP 117472,357.29952997,58.96322242,6.36,F2IV,13.05,33.26,-8.39
HIP 117491,357.36448204,1.07619547,5.77,A5m,12.19,-0.25,-26.32
HIP 117494,357.3815743,-15.86120258,6.21,K1/K2III,7.68,51.67,-30.78
HIP 117500,357.41396883,28.84232813,5.95,A2m,12.22,62.75,25.01
HIP 117503,357.42066699,36.42539712,5.86,G1IIIe,7.41,0.2,-47.81
HIP 117510,357.45670537,-25.3312897,6.44,A3V,8.24,-24.29,-18.9
HIP 117541,357.56103429,-9.9743269,5.93,K0IV,10.63,139.84,78.32
HIP 117551,357.59216579,51.62170663,6.47,F3V,24.68,121.19,-18.1
HIP 117567,357.63859626,-14.40143843,5.7,K4III,7.09,38.04,-21.27
HIP 117571,357.64846531,-47.37701473,6.49,G8III,7.52,7.84,29.73
HIP 117628,357.83856042,9.31350996,5.77,M3III,4.04,-9.84,-65.52
HIP 117629,357.83884091,-18.90915459,5.17,Ap Si,10.16,26.6,-3.56
HIP 117683,357.99095935,2.93041943,5.59,K4II,2.76,14.69,-14.42
HIP 117689,358.02789102,-82.01876765,5.1,G7III,12.2,-49.07,-20.91
HIP 117710,358.09759194,21.67111367,6.13,M2III,5.96,-50.39,-5.88
HIP 117712,358.1021708,75.54448646,6.36,K3V,92.68,341.82,41.88
HIP 117718,358.12205065,19.12037002,5.06,M2III,7.46,-6.42,-34.22
HIP 117722,358.12520105,-14.251207,5.85,K2III,11.38,-95.97,-4.18
HIP 117730,358.15465752,10.94732837,5.3,A4Vn,17.31,-22.23,-3.51
HIP 117756,358.21038458,-8.99669856,5.76,K0III,5.33,61.73,-23.61
HIP 117761,358.23133386,-3.15537813,5.93,G9III,6.53,77.52,-42.58
HIP 117774,358.2697873,2.09065153,6.29,A1V,7.06,14.02,-10.9
HIP 117797,358.33671573,-24.22922404,6.23,A5V,10.88,51.64,-13.55
HIP 117860,358.58911989,-27.04290947,6.34,A2V+...,10.82,29.36,0.84
HIP 117863,358.59598888,57.49939052,4.51,F8Iavar,0.28,-4.54,-3.45
HIP 117880,358.65975186,-40.30013654,6.03,F8IV,35.86,367.44,30.51
HIP 117887,358.6943635,0.10934429,5.78,M5IIb,5.07,-40.93,-14.63
HIP 117927,358.78241335,7.07101644,6.22,B9V,8.08,21.77,-18.26
HIP 117931,358.81906097,-31.92146922,6.09,B6/B7,3.16,17.66,0.84
HIP 117956,358.88952016,47.35582163,6.01,G8Ib,2.02,-10.83,-7.4
HIP 117957,358.8910131,57.41216874,6.03,B0.5IIv SB,-0.72,-3.13,-0.44
HIP 117986,358.97763328,15.23030839,6.45,M3,4.37,80.67,-7.22
HIP 118029,359.12476549,-24.73724204,6.31,G8III/IV,6.49,5.55,9.9
HIP 118048,359.17298182,22.64810699,6.18,M2III,5.41,-22.89,-6.47
HIP 118071,359.26511635,42.65823773,6.01,F8III,2.26,5.21,-2.38
HIP 118076,359.28384615,-26.62349762,6.26,K3III,2.66,54.18,21.09
HIP 118077,359.28539105,55.70573518,5.57,G8Ib,14.97,-20.44,-12.22
HIP 118081,359.29222947,-20.8336087,6.45,G8/K0III,7.15,-34.96,-14.0
HIP 118092,359.33241721,-62.95661191,5.95,A2p,15.91,86.18,11.6
HIP 118114,359.38745413,-82.16974335,5.72,K0III,10.38,-26.62,-25.15
HIP 118116,359.38965858,60.02360903,6.47,B9III-IV,2.85,12.62,-3.82
HIP 118121,359.39571557,-64.29808259,5.0,A1V,20.53,78.86,-61.1
HIP 118131,359.43979002,25.14147936,4.63,M3III,7.54,-36.06,-32.25
HIP 118178,359.58822629,-15.84746438,6.28,K1IIICN...,6.71,82.77,-8.13
HIP 118209,359.66837736,-3.55580738,4.88,G9III,14.58,-56.52,-72.34
HIP 118234,359.73218118,-52.74595629,5.13,K1III,12.7,57.93,61.46
HIP 118243,359.75220729,55.75494069,4.88,B1V...,2.14,9.26,-5.09
HIP 118268,359.82750994,6.86359373,4.03,F4IV,30.78,148.49,-112.16
HIP 118277,359.866257,-29.48515314,5.59,K5III,3.71,-7.86,-5.98
HIP 118281,359.87222432,33.72413297,5.81,F8,34.47,-59.03,-104.99
HIP 118322,359.97879195,-65.57707774,4.49,B9IV,8.71,48.63,-22.33
